IngID,ingredient,generic_name,Dietrx_Category
0,salt,salt,Additive
1,onion,onion,Vegetable
2,butter,butter,Dairy
3,water,water,Additive
4,garlic clove,garlic,Herb
5,olive oil,olive,Plant Derivative
6,sugar,sugar,Additive
7,egg,egg,Meat
8,tomato,tomato,Vegetable
9,black pepper,pepper,Spice
10,garlic,garlic,Herb
11,milk,milk,Dairy
12,pepper,pepper,Spice
13,salt pepper,pepper,Spice
14,flour,flour,Cereal
15,cinnamon,cinnamon,Additive
16,parsley,parsley,Spice
17,lemon juice,lemon,Beverage
18,purpose flour,flour,Cereal
19,vegetable oil,cooking oil,Additive
20,cumin,cumin,Spice
21,carrot,carrot,Vegetable
22,cream,cream,Dairy
23,ginger,ginger,Spice
24,cilantro,coriander,Herb
25,parmesan cheese,cheese,Dairy
26,soy sauce,soybean sauce,Condiment
27,beef,beef,Meat
28,oregano,oregano,Spice
29,potato,potato,Vegetable Tuber
30,green onion,scallion,Herb
31,brown sugar,sugar,Additive
32,oil,cooking oil,Additive
33,basil,basil,Herb
34,chicken broth,chicken,Meat
35,lemon,lemon,Fruit
36,lime juice,lime,Beverage
37,extra virgin olive oil,olive oil,Plant Derivative
38,chicken breast,chicken,Meat
39,white sugar,sugar,Additive
41,mushroom,mushroom,Fungi
42,paprika,capsicum,Vegetable Fruit
43,bay leaf,bay leaf,Plant
44,chili powder,chili powder,Spice
45,garlic powder,garlic,Herb
46,thyme,thyme,Herb
47,cornstarch,corn starch,Maize
48,celery,celery,Herb
49,red onion,red onion,Vegetable
50,cheddar cheese,cheese,Dairy
51,nutmeg,nutmeg,Spice
52,vanilla extract,vanilla extract,Additive
53,cayenne pepper,cherry pepper,Spice
54,red pepper flake,cherry pepper,Vegetable
55,honey,honey,Plant Derivative
56,white wine,wine,Beverage-Alcoholic
57,coriander,coriander,Herb
58,red bell pepper,capsicum,Vegetable Fruit
59,tomato paste,tomato paste,Vegetable
60,salt black pepper,capsicum,Vegetable Fruit
61,chicken,chicken,Meat
62,mozzarella cheese,mozzarella,Dairy
63,tomato sauce,tomato,Condiment
64,almond,almond,Nuts and Seeds
65,clove,clove,Spice
66,kosher salt,salt,Additive
67,bacon,bacon,Meat
68,worcestershire sauce,sauce,Additive
69,red pepper,capsicum,Vegetable Fruit
70,green bell pepper,capsicum,Vegetable Fruit
71,turmeric,turmeric,Spice
72,cream cheese,cheese,Dairy
73,rice,rice,Cereal
74,heavy cream,cream,Dairy
75,mayonnaise,mayonnaise,Condiment
76,egg yolk,egg,Meat
77,vanilla,vanilla,Legume
78,sesame oil,sesame oil,Essential Oil
79,shallot,shallot,Seafood
81,green pepper,chili pepper,Vegetable
82,chicken stock,chicken,Meat
83,scallion,scallion,Herb
84,zucchini,zucchini,Vegetable
85,salsa,salsa,Condiment
86,spinach,spinach,Vegetable
87,canola oil,canola oil,Plant Derivative
88,green chilies,chili powder,Vegetable
89,shrimp,shrimp,Seafood
90,sea salt,sea salt,Additive-Salt
91,breadcrumb,bread crumb,Bakery
92,orange juice,orange juice,Fruit
93,lime,lime,Fruit
94,raisin,raisin,Fruit
95,red wine,wine,Beverage-Alcoholic
96,cucumber,cucumber,Gourd
97,jalapeno pepper,pepper,Spice
98,beef broth,beef broth,Meat
99,coconut milk,coconut milk,Fruit
100,egg white,egg,Meat
101,curry powder,curry powder,Herb
102,yellow onion,yellow onion,Vegetable
103,rosemary,rosemary,Herb
104,black bean,black bean,Legume
105,avocado,avocado,Essential Oil
106,feta cheese,cheese,Dairy
107,flour tortilla,wheat tortilla,Bakery
108,red wine vinegar,vinegar,Plant Derivative
109,coconut,coconut,Beverage
110,dijon mustard,dijon mustard,Condiment
111,mint,mint,Herb
112,walnut,walnut,Nuts and Seeds
113,mustard,mustard,Spice
114,black olive,olive,Plant
115,lemon zest,lemon,Fruit
116,fish sauce,fish sauce,Condiment
117,basil leaf,basil,Herb
118,cheese,cheese,Dairy
119,sesame seed,sesame,Cereal
120,cumin seed,cumin,Spice
121,vinegar,vinegar,Plant Derivative
122,corn,corn,Maize
123,pork,pork,Meat
124,white pepper,white pepper,Spice
125,allspice,allspice,Spice
126,margarine,margarine,Additive
127,pea,pea,Legume
128,balsamic vinegar,balsamic vinegar,Additive-Vinegar
129,chicken breast half,chicken,Meat
130,monterey jack cheese,cheese,Dairy
131,gingerroot,ginger,Spice
132,white vinegar,vinegar,Plant Derivative
133,chive,chive,Vegetable
134,onion powder,onion powder,Spice
135,plain yogurt,yogurt,Dairy
136,orange,orange,Fruit
137,white onion,white onion,Vegetable
138,dill,dill,Herb
139,ketchup,ketchup,Additive
140,italian seasoning,italian seasoning,Herb
141,apple,apple,Fruit
142,peanut oil,peanut oil,Plant
143,jalapeno,pepper,Spice
144,flat leaf parsley,parsley,Spice
145,corn tortilla,corn tortilla,Bakery
146,green bean,green bean,Cereal
147,ham,ham,Meat
148,ricotta cheese,cheese,Dairy
149,cabbage,cabbage,Vegetable
150,eggplant,eggplant,Vegetable
152,whipping cream,whipped cream,Dairy
153,garam masala,garam masala,Spice
154,rice vinegar,rice vinegar,Additive-Vinegar
155,peanut,peanut,Nuts and Seeds
156,bell pepper,capsicum,Vegetable Fruit
157,caster sugar,sugar,Additive
158,celery rib,celery,Herb
159,pecan,pecan,Nuts and Seeds
160,banana,banana,Fruit
161,mint leaf,mint,Herb
162,leek,leek,Vegetable
163,pine nut,pine nut,Nuts and Seeds
164,cardamom,cardamom,Spice
165,plain flour,flour,Cereal
166,cilantro leaf,coriander,Herb
167,chocolate,chocolate,Plant Derivative
168,caper,caper,Fruit
169,chicken thigh,chicken,Meat
170,buttermilk,buttermilk,Dairy
171,strawberry,strawberry,Fruit
172,grain rice,white rice,Cereal
173,swiss cheese,cheese,Dairy
174,garlic salt,garlic salt,Spice
175,bread,bread,Bakery
176,lettuce,lettuce,Vegetable
177,confectioner ' sugar,powdered sugar,Additive-Sugar
178,plum tomato,tomato,Vegetable
179,cold water,water,Additive
180,rom tomato,tomato,Vegetable
181,chickpea,chickpea,Legume
182,cocoa powder,cocoa,Seed
183,cooking oil,cooking oil,Additive
184,cherry tomato,tomato,Fruit
185,white rice,white rice,Cereal
187,cider vinegar,apple cider vinegar,Plant
188,mango,mango,Fruit
189,vegetable broth,vegetable broth,Dish
190,cayenne,cayenne pepper,Vegetable
191,cooking spray,cooking spray,Additive
192,pineapple,pineapple,Beverage
193,black peppercorn,pepper,Spice
194,italian sausage,italian sausage,Meat
195,yogurt,yogurt,Dairy
196,shortening,shortening,Additive
197,lamb,lamb,Meat
198,sherry,sherry,Beverage-Alcoholic
199,orange zest,orange,Fruit
200,maple syrup,maple syrup,Additive
201,bean,bean,Legume
203,tomato juice,tomato juice,Vegetable
204,sage,sage,Herb
205,beef stock,beef stock,Meat
206,spaghetti,spaghetti,Cereal
207,spring onion,scallion,Herb
208,coriander leaf,coriander,Herb
209,wheat flour,wheat flour,Cereal
210,steak,steak,Fish
211,hot water,water,Additive
212,icing sugar,icing sugar,Additive-Sugar
213,turkey,turkey,Meat
214,kalamata olive,kalamata olive,Plant
215,cream mushroom soup,cream celery soup,Dish
216,tomato puree,tomato puree,Vegetable
217,tabasco sauce,sauce,Additive
218,white wine vinegar,vinegar,Plant Derivative
219,peanut butter,peanut butter,Additive
220,olive,olive,Plant
221,sauce,sauce,Additive
222,beer,beer,Beverage
223,turmeric powder,turmeric,Spice
224,oyster sauce,oyster sauce,Seafood
225,marjoram,marjoram,Spice
226,pasta,pasta,Cereal
227,basmati rice,basmati rice,Cereal
228,bean sprout,bean sprout,Legume
229,brown rice,brown rice,Cereal
230,red chilies,chili pepper,Vegetable
231,fennel seed,fennel,Herb
232,almond extract,almond,Nuts and Seeds
233,brandy,brandy,Beverage-Alcoholic
234,coriander seed,coriander,Herb
235,broccoli,broccoli,Flower
236,vegetable stock,vegetable stock,Vegetable
237,lemongrass,lemongrass,Herb
238,chocolate chip,chocolate chip,Additive
239,ice,ice,Additive
241,tofu,tofu,Plant Derivative
242,caraway seed,caraway,Spice
243,french bread,baguette,Bakery
244,mustard seed,mustard seed,Vegetable
245,red chili powder,chili pepper,Vegetable
246,green olive,olive,Plant
247,tortilla chip,tortilla chip,Bakery
248,cottage cheese,cheese,Dairy
249,rum,rum,Beverage-Alcoholic
250,ghee,ghee,Dairy
251,chili sauce,chili paste,Condiment
252,coffee,coffee,Beverage Caffeinated
253,sharp cheddar cheese,cheese,Dairy
254,hoisin sauce,hoisin sauce,Condiment
255,kidney bean,kidney bean,Legume
256,artichoke heart,artichoke,Flower
257,cornflour,corn starch,Maize
258,apricot,apricot,Fruit
259,garbanzo bean,chickpea,Legume
260,self raising flour,self rising flour,Cereal
261,cornmeal,corn meal,Maize
262,heavy whipping cream,whipped cream,Dairy
263,red potato,potato,Vegetable Tuber
264,pineapple juice,pineapple,Beverage
265,italian parsley,parsley,Spice
266,button mushroom,mushroom,Fungi
267,pinto bean,pinto bean,Legume
268,seasoning salt,salt,Additive
269,oat,oat,Cereal
270,spaghetti sauce,tomato sauce,Condiment
271,molasses,molasses,Additive
272,corn kernel,corn kernel,Maize
273,kernel corn,corn kernel,Maize
274,tarragon,tarragon,Herb
275,bread flour,flour,Cereal
276,hard egg,hard cooked egg,Meat
277,cashew,cashew,Nuts and Seeds
278,yellow bell pepper,capsicum,Vegetable Fruit
279,water chestnut,water chestnut,Vegetable
280,saffron,saffron,Spice
281,date,date,Fruit
282,dark brown sugar,brown sugar,Additive-Sugar
283,asparagus,asparagus,Vegetable
284,sherry wine,sherry,Beverage-Alcoholic
286,cauliflower,cauliflower,Flower
287,confectioner sugar,powdered sugar,Additive-Sugar
288,pepper sauce,pepper sauce,Condiment
289,green pea,pea,Legume
290,mexican cheese,cheese,Dairy
291,peppercorn,pepper,Spice
293,cocoa,cocoa,Seed
294,sausage,sausage,Dish
296,grain white rice,white rice,Cereal
297,cream chicken soup,chicken soup,Meat
298,white bread,bread,Bakery
299,prosciutto,prosciutto,Meat
300,coriander powder,coriander,Herb
301,puff pastry,puff pastry,Bakery
302,parmigiano reggiano cheese,cheese,Dairy
303,ice cube,ice,Additive
304,sun tomato,sun dried tomato,Vegetable
305,shiitake mushroom,mushroom,Fungi
306,cranberry,cranberry,Fruit
307,curry leaf,curry tree,Herb
308,broccoli floret,broccoli,Flower
309,provolone cheese,cheese,Dairy
310,red chili pepper,chili pepper,Vegetable
311,couscous,couscous,Dish
312,apple cider vinegar,apple cider vinegar,Plant
313,bread crumb,bread crumb,Bakery
314,chorizo sausage,chorizo,Meat
315,raspberry,raspberry,Fruit
316,golden raisin,raisin,Fruit
317,cumin powder,cumin,Spice
318,mirin,mirin,Beverage-Alcoholic
319,greek yogurt,greek yogurt,Dairy
320,lasagna noodle,cannelloni,Cereal
321,corn syrup,corn syrup,Maize
322,blueberry,blueberry,Fruit
323,lime wedge,lime,Fruit
324,lentil,lentil,Legume
325,lime zest,lime,Fruit
326,chili pepper,chili,Spice
327,currant,currant,Fruit
328,horseradish,horseradish,Vegetable
329,romaine lettuce,romaine lettuce,Vegetable
330,thyme leaf,thyme,Herb
331,sauerkraut,sauerkraut,Vegetable
332,vodka,vodka,Beverage-Alcoholic
333,salmon fillet,salmon,Fish
334,rice wine vinegar,rice vinegar,Additive-Vinegar
335,russet potato,russet potato,Vegetable Tuber
336,tortilla,tortilla,Dish
337,beef bouillon cube,beef bouillon cube,Meat
338,baby spinach,spinach,Vegetable
339,tahini,tahini,Dish
340,penne pasta,pasta,Cereal
341,romano cheese,cheese,Dairy
342,egg noodle,egg,Meat
343,salmon,salmon,Fish
344,oregano leaf,oregano,Spice
345,chipotle chile adobo,chipotle chile in adobo,Vegetable
346,vegetable,vegetable,Vegetable
347,goat cheese,cheese,Dairy
348,pork chop,pork,Meat
349,tomatillo,tomatillo,Vegetable
350,dark soy sauce,soybean sauce,Condiment
351,cannellini bean,navy bean,Legume
352,beef stew meat,beef,Meat
353,green chili pepper,chili pepper,Vegetable
354,snow pea,pea,Legume
355,hazelnut,hazelnut,Nuts and Seeds
356,cardamom pod,cardamom,Spice
357,dill weed,dill,Herb
358,sake,sake,Beverage-Alcoholic
359,saffron thread,saffron,Spice
360,arborio rice,arborio rice,Cereal
361,rice wine,rice wine,Beverage-Alcoholic
362,pork tenderloin,pork,Meat
363,stewing beef,beef,Meat
364,gruyere cheese,gruyere,Dairy
365,pistachio,pistachio,Nuts and Seeds
366,peach,peach,Fruit
367,pita bread,bread,Bakery
368,pumpkin,pumpkin,Fruit
369,onion soup mix,onion soup,Dish
370,dark chocolate,dark chocolate,Plant
371,green chili,chili pepper,Vegetable
372,chicken bouillon cube,bouillon cube,Meat
373,nut,nut,Nuts and Seeds
374,enchilada sauce,enchilada,Condiment
375,cherry,cherry,Additive
376,creme fraiche,creme fraiche,Dairy
377,tomato soup,tomato soup,Dish
378,baby carrot,baby carrot,Vegetable
379,ginger root,ginger,Spice
380,lemon wedge,lemon,Fruit
381,chilies,chili,Spice
382,gelatin,gelatin,Additive
383,barbecue sauce,apple sauce,Condiment
384,celery seed,celery seed,Spice
385,granny smith apple,granny smith apple,Fruit
386,red capsicum,red capsicum,Vegetable
387,cream tartar,cream of tartar,Fruit
388,crabmeat,crab,Seafood
389,beef steak,beef,Meat
390,linguine,linguine,Cereal
391,dark rum,rum,Beverage-Alcoholic
392,italian tomato,tomato,Vegetable
393,marinara sauce,sauce,Additive
394,baking potato,baking potato,Vegetable
395,english cucumber,cucumber,Gourd
396,red kidney bean,kidney bean,Legume
397,butternut squash,butternut squash,Fruit
398,lettuce leaf,lettuce,Vegetable
399,parsley flake,parsley,Spice
400,pear,pear,Fruit
401,vanilla essence,vanilla extract,Additive
402,elbow macaroni,macaroni,Cereal
403,large shrimp,shrimp,Seafood
404,self rising flour,self rising flour,Cereal
405,radish,radish,Vegetable
406,cake flour,wheat flour,Cereal
407,pepperoni,pepperoni,Meat
408,mustard powder,mustard,Spice
409,lemon peel,lemon,Fruit
410,parsnip,parsnip,Vegetable
411,beet,beet,Vegetable
412,sunflower oil,sunflower oil,Plant Derivative
414,pesto sauce,pesto,Herb
415,vanilla ice cream,vanilla ice cream,Dish
416,spice,spice mix,Spice
417,green cabbage,cabbage,Vegetable
418,beef brisket,beef,Meat
419,turnip,turnip,Vegetable
420,corn oil,corn oil,Maize
421,grape tomato,tomato,Vegetable
422,mussel,mussel,Seafood
423,superfine sugar,powdered sugar,Additive-Sugar
424,italian breadcrumb,bread crumb,Bakery
425,orzo pasta,pasta,Cereal
426,pancetta,pancetta,Meat
427,tomato green chilies,chili,Spice
428,pie crust,crust,Bakery
429,parsley leaf,parsley,Spice
430,apple juice,apple juice,Fruit
431,rose water,rose water,Additive
432,anchovy fillet,anchovy,Fish
433,spinach leaf,spinach,Vegetable
434,blue cheese,cheese,Dairy
435,green chile pepper,chili pepper,Vegetable
436,new potato,potato,Vegetable Tuber
437,star anise,star anise,Spice
438,celery salt,celery salt,Spice
439,half cream,cream,Dairy
440,garlic paste,garlic,Herb
441,red chile,chili pepper,Vegetable
442,poppy seed,poppy seed,Spice
443,sultana,sultana,Fruit
444,pineapple chunk,pineapple,Beverage
445,rice flour,rice flour,Cereal
446,bamboo shoot,bamboo shoot,Plant
447,white flour,white flour,Cereal
448,ginger paste,ginger,Spice
449,yellow pepper,pepper,Spice
450,rice noodle,noodle,Cereal
451,prune,prune,Fruit
452,red lentil,red lentil,Legume
453,vanilla bean,vanilla,Legume
454,cajun seasoning,cajun seasoning,Plant Derivative
456,feta,cheese,Dairy
457,jasmine rice,jasmine rice,Cereal
458,pork shoulder,pork,Meat
459,anise seed,anise,Spice
460,baby spinach leaf,spinach,Vegetable
461,iceberg lettuce,lettuce,Vegetable
462,kaffir lime leaf,kaffir lime leaf,Plant
463,soya sauce,soy sauce,Condiment
464,chili flake,chili,Spice
465,spanish onion,yellow onion,Vegetable
466,yukon gold potato,yellow potato,Vegetable
467,chicken bouillon,bouillon cube,Meat
468,italian bread,bread,Bakery
469,pork loin,pork,Meat
470,serrano pepper,serrano pepper,Vegetable
471,onion flake,onion powder,Spice
472,prawn,prawn,Seafood
473,kosher salt black pepper,pepper,Spice
474,chili,chili,Spice
475,hamburger,hamburger,Bakery
476,chicken wing,chicken,Meat
477,dark sesame oil,sesame oil,Essential Oil
478,beef tenderloin,beef,Meat
480,triple sec,triple sec,Beverage-Alcoholic
481,clam,clam,Seafood
482,sage leaf,sage,Herb
483,asafoetida powder,asafoetida,Additive
484,italian salad dressing,italian dressing,Condiment
485,mascarpone cheese,mascarpone,Dairy
486,angel hair pasta,capellini,Cereal
487,ginger garlic paste,ginger garlic paste,Spice
488,tuna,tuna,Fish
489,orange peel,orange peel,Fruit
490,mace,nutmeg,Spice
491,applesauce,apple sauce,Fruit
492,baguette,baguette,Bakery
493,red cabbage,red cabbage,Vegetable
494,coconut cream,coconut milk,Fruit
495,broth,broth,Vegetable
496,fig,fig,Fruit
497,golden syrup,golden syrup,Plant Derivative
498,poblano chile,poblano,Vegetable
499,fennel bulb,fennel,Herb
500,phyllo pastry,phyllo,Bakery
501,beef roast,roast beef,Meat
502,white bean,white bean,Legume
503,phyllo dough,phyllo,Bakery
504,chuck,beef,Meat
505,monterey jack pepper cheese,monterey jack,Dairy
506,yellow cornmeal,cornmeal,Maize
507,yellow squash,crookneck squash,Fruit
508,fenugreek seed,fenugreek leaf,Herb
509,habanero pepper,habanero,Condiment
510,lemon pepper,lemon pepper,Spice
511,maraschino cherry,maraschino cherry,Beverage-Alcoholic
512,okra,okra,Vegetable
514,lard,lard,Meat
515,leg lamb,lamb,Meat
516,swiss chard,chard,Vegetable
517,guacamole,guacamole,Dish
518,palm sugar,palm sugar,Additive-Sugar
519,cremini mushroom,mushroom,Fungi
520,double cream,cream,Dairy
521,chinese five spice powder,spice powder,Spice
522,hungarian paprika,paprika,Vegetable
523,white mushroom,mushroom,Fungi
525,pimiento,pimiento,Condiment
526,quinoa,quinoa,Cereal
527,hamburger bun,hamburger,Bakery
528,ice water,ice water,Additive
529,sherry wine vinegar,sherry vinegar,Beverage-Alcoholic
530,poblano pepper,poblano,Vegetable
531,portabella mushroom,mushroom,Fungi
532,cognac,cognac,Beverage-Alcoholic
533,black mustard seed,mustard seed,Vegetable
534,pecorino romano cheese,cheese,Dairy
535,grain mustard,garden cress,Condiment
536,kale,kale,Vegetable
537,chili paste,chili oil,Plant Derivative
538,head cabbage,cabbage,Vegetable
539,nonstick cooking spray,cooking spray,Additive
540,sun tomato oil,tomato oil,Vegetable
541,yellow mustard,mustard,Spice
542,chuck roast,chuck roast,Dish
543,table salt,salt,Additive
544,dill pickle,dill,Herb
545,extra beef,beef,Meat
547,salad green,green salad,Vegetable
548,mexican oregano,mexican oregano,Spice
549,napa cabbage,napa cabbage,Vegetable
550,veal,veal,Meat
551,wonton wrapper,wonton,Herb
552,creamy peanut butter,peanut butter,Additive
553,fettuccine,fettuccine,Cereal
554,chicken bouillon granule,bouillon cube,Meat
555,jalapeno chile,jalapeno,Spice
558,garam masala powder,garam masala,Spice
559,pork sausage,pork sausage,Meat
560,american cheese,cheese,Dairy
561,arugula,baby rocket,Vegetable
562,beef bouillon,beef bouillon cube,Meat
563,papaya,papaya,Fruit
564,red chile pepper,chili pepper,Vegetable
565,roast beef,roast beef,Meat
566,fine breadcrumb,bread crumb,Bakery
567,green chile,chili pepper,Vegetable
568,panko breadcrumb,bread crumbs,Bakery
569,teriyaki sauce,soybean sauce,Condiment
570,wine vinegar,vinegar,Plant Derivative
571,beef chuck,chuck steak,Meat
572,sirloin,sirloin steak,Meat
573,vegetable shortening,shortening,Additive
574,coconut oil,coconut oil,Fruit
575,french baguette,baguette,Bakery
576,sunflower seed,sunflower seed,Plant Derivative
577,bok choy,bok choy,Vegetable
578,pizza sauce,sauce,Additive
579,queso fresco,cheese,Dairy
580,roasting chicken,roast chicken,Meat
581,beef chuck roast,chuck steak,Meat
582,thai basil,thai basil,Herb
583,watercress,watercress,Plant
584,serrano chilies,serrano pepper,Vegetable
586,oatmeal,oatmeal,Cereal
587,tamarind paste,tamarind,Fruit
588,salad oil,olive oil,Plant Derivative
589,chili pepper flake,chili,Spice
590,part mozzarella cheese,mozzarella,Dairy
591,scallop,scallop,Seafood
592,wine,wine,Beverage-Alcoholic
593,yoghurt,yogurt,Dairy
594,asiago cheese,cheese,Dairy
595,velveeta cheese,cheese,Dairy
596,macaroni,macaroni,Plant
597,catsup,ketchup,Additive
598,fennel,fennel,Herb
599,five spice powder,five spice powder,Spice
600,rigatoni pasta,rigatoni,Cereal
601,nori,nori,Seafood
602,port wine,wine,Beverage-Alcoholic
603,taco sauce,taco sauce,Condiment
604,wild rice,wild rice,Dish
605,marshmallow,marshmallow,Bakery
606,marsala wine,wine,Beverage-Alcoholic
607,orange bell pepper,capsicum,Vegetable Fruit
608,penne,pasta,Cereal
609,apple cider,apple cider,Beverage-Alcoholic
610,lemon juice zest,lemonade,Beverage
611,sirloin steak,sirloin steak,Meat
612,harissa,harissa,Vegetable
613,pearl barley,pearl barley,Beverage-Alcoholic
614,pizza crust,pizza,Bakery
615,tamari,soy sauce,Condiment
616,tart apple,apple tart,Fruit
617,grand marnier,grand marnier,Beverage-Alcoholic
618,meat,meat,Meat
619,vermouth,vermouth,Beverage-Alcoholic
620,chicken leg,chicken,Meat
621,splenda sugar substitute,sugar substitute,Vegetable
622,wheat bread,bread,Bakery
623,cashew nut,cashew,Nuts and Seeds
624,cauliflower floret,cauliflower,Flower
625,picante sauce,salsa,Condiment
627,polenta,polenta,Dish
629,cardamom powder,cardamom,Spice
630,thyme leave,thyme,Herb
631,berry,berry,Berry
632,hot sauce,sauce,Additive
633,apricot jam,jam,Fruit
634,black eyed pea,pea,Legume
635,chipotle chile,chipotle,Spice
636,brown onion,onion,Vegetable
637,colby monterey jack cheese,cheese,Dairy
638,pizza dough,pizza,Bakery
640,asparagus spear,asparagus,Vegetable
641,barley,barley,Cereal
642,macadamia nut,macadamia,Nuts and Seeds
643,watermelon,watermelon,Fruit
644,chili oil,chili oil,Plant Derivative
645,nonfat milk,skimmed milk,Dairy
646,red chili,chili pepper,Vegetable
647,fettuccine pasta,fettuccine,Cereal
648,plantain,cooking banana,Fruit
649,vidalia onion,onion,Vegetable
650,orange marmalade,bitter orange,Fruit
651,tea,tea,Plant
652,olive oil cooking spray,cooking oil,Additive
653,parsley sprig,parsley,Spice
654,adobo seasoning,adobo,Additive
655,jicama,jicama,Vegetable
656,anchovy,anchovy,Fish
657,irish cream,irish cream,Dairy
658,kiwi fruit,kiwifruit,Fruit
659,semolina,semolina,Cereal
660,soymilk,soy milk,Plant Derivative
661,beef sirloin steak,beef,Meat
662,raspberry jam,fruit preserves,Fruit
663,rotini pasta,rotini,Cereal
664,serrano chili,pepper,Spice
665,red chili pepper flake,pepper,Spice
666,vegetable oil cooking spray,cooking spray,Additive
667,gorgonzola,gorgonzola,Dairy
668,pepperoncini pepper,pepperoncini,Vegetable
669,adobo sauce,adobo,Additive
670,beef rib,short ribs,Meat
671,noodle,noodle,Cereal
672,stew meat,stew meat,Meat
673,egg substitute,egg substitute,Dish
674,ladyfinger,okra,Vegetable
675,great northern bean,great northern bean,Legume
677,kielbasa,kielbasa,Meat
678,rhubarb,rhubarb,Vegetable
679,ancho chile powder,poblano,Vegetable
680,lamb shoulder,lamb,Meat
681,pie shell,crust,Bakery
682,onion salt,onion powder,Spice
683,vanilla sugar,vanilla sugar,Additive-Sugar
684,cilantro stem,coriander,Herb
685,crouton,crouton,Bakery
687,alfredo sauce,fettuccine alfredo sauce,Dish
688,beef sirloin,beef,Meat
689,cardamom seed,cardamom,Spice
690,irish whiskey,whisky,Beverage-Alcoholic
691,mango chutney,mango chutney,Spice
692,porcini mushroom,porcini,Fungi
693,white chocolate,white chocolate,Plant Derivative
695,thyme sprig,thyme,Herb
696,ginger powder,ginger,Spice
697,tilapia fillet,tilapia,Fish
698,rye flour,rye flour,Cereal
699,green cardamom,cardamom,Spice
700,pistachio nut,pistachio,Nuts and Seeds
701,chicken drumstick,chicken,Meat
702,english muffin,english muffin,Bakery
703,extra tofu,tofu,Plant Derivative
704,thai fish sauce,fish sauce,Condiment
705,wide egg noodle,noodle,Meat
706,green cardamom pod,cardamom,Spice
707,wheat tortilla,wheat tortilla,Bakery
708,corn flake,corn,Maize
709,fontina cheese,fontina,Dairy
710,mint sprig,mentha,Herb
711,fish fillet,fish,Fish
714,chili garlic sauce,sauce,Additive
715,chipotle pepper,chipotle,Spice
716,cooking oat,oatmeal,Cereal
717,orange juice concentrate,orange juice,Fruit
718,pumpkin puree,pumpkin soup,Fruit
719,scotch bonnet pepper,scotch bonnet,Spice
720,tomato ketchup,ketchup,Additive
721,clam juice,clam juice,Beverage-Alcoholic
722,blackberry,blackberry,Fruit
723,beef bouillon granule,beef bouillon cube,Meat
724,fine sea salt,sea salt,Additive-Salt
725,bulk italian sausage,italian sausage,Meat
726,sriracha sauce,sriracha sauce,Condiment
727,hot italian sausage,italian sausage,Meat
728,italian salad dressing mix,topping,Additive
729,malt vinegar,vinegar,Plant Derivative
730,sea scallop,scallop,Seafood
731,ziti pasta,ziti,Cereal
732,apricot preserve,fruit preserves,Fruit
734,beef consomme,consomme,Meat
735,celery leaf,celery,Herb
736,cotija cheese,cheese,Dairy
737,graham cracker crumb,graham cracker crust,Bakery
738,shell pasta,pasta,Cereal
739,chocolate syrup,chocolate sauce,Plant Derivative
740,miso,miso,Spice
741,nonfat cream,cream,Dairy
742,part ricotta cheese,cheese,Dairy
743,salami,salami,Fish
744,sambal oelek,sambal,Dish
745,club soda,water,Additive
746,cointreau liqueur,cointreau,Beverage-Alcoholic
747,plum,plum,Fruit
748,savory,summer savory,Herb
749,sugar snap pea,pea,Legume
750,chili bean,chili bean,Dish
751,potato starch,potato starch,Vegetable
753,wheat germ,wheat germ,Cereal
754,white potato,white potato,Vegetable
755,allspice berry,allspice,Spice
756,galangal,galangal,Spice
758,sea salt black pepper,pepper,Spice
759,white pearl onion,white onion,Vegetable
760,cooking apple,cooking apple,Fruit
761,dark beer,beer,Beverage
762,daikon radish,daikon,Vegetable
763,grenadine,syrup,Plant Derivative
764,guinness stout,stout beer,Beverage-Alcoholic
765,navy bean,navy bean,Legume
766,rotel,cherry pepper,Spice
767,turkey breast,turkey,Meat
768,vermicelli,pasta,Cereal
769,virgin olive oil,cooking oil,Additive
770,baby corn,baby corn,Maize
771,cool whip,whipped cream,Dairy
772,cream corn,cream style corn,Maize
773,pecan half,pecan,Nuts and Seeds
774,white fish fillet,fish,Fish
775,green enchilada sauce,enchilada,Condiment
776,hot chili pepper,chili pepper,Vegetable
777,artichoke,artichoke,Flower
778,bow tie pasta,farfalle,Cereal
779,chicken liver,chicken,Meat
780,cranberry juice,cranberry juice,Beverage
781,brussels sprout,brussels sprout,Vegetable
782,chicken stock cube,chicken,Meat
783,salt pork,salt pork,Meat
784,sourdough bread,bread,Dish
785,basil pesto,pesto,Herb
786,creole seasoning,creole seasoning,Spice
787,green lentil,lentil,Legume
788,squid,squid,Seafood
789,brown lentil,lentil,Legume
790,italian plum tomato,tomato,Vegetable
791,rosemary leaf,rosemary,Herb
792,rotel tomato,tomato,Vegetable
793,farfalle pasta,pasta,Cereal
794,flax seed,flax,Nuts and Seeds
796,chicken breast fillet,chicken,Meat
797,corn chip,corn,Maize
798,pumpkin seed,pumpkin seed,Nuts and Seeds
799,whiskey,whiskey,Beverage-Alcoholic
800,white breadcrumb,bread crumb,Bakery
801,burgundy wine,wine,Beverage-Alcoholic
802,cod fish fillet,cod,Fish
803,cream celery soup,cream celery soup,Dish
804,hot red pepper flake,pepper,Spice
806,ranch dressing,ranch dressing,Condiment
807,white rum,white rum,Beverage-Alcoholic
808,cantaloupe,cantaloupe,Fruit
809,italian cheese,cheese,Dairy
810,masa harina,corn,Maize
811,chipotle powder,chili powder,Spice
812,fish stock,fish bouillon,Fish
813,green capsicum,capsicum,Vegetable Fruit
814,ham hock,ham,Meat
815,herbes de provence,herbes de provence,Herb
816,chickpea flour,gram flour,Legume
817,chile,chili,Spice
818,gruyere,gruyere,Dairy
819,lamb shank,lamb,Meat
820,pork loin chop,pork,Meat
821,brie cheese,cheese,Dairy
822,canadian bacon,canadian bacon,Meat
823,gouda cheese,cheese,Dairy
824,chicken stock vegetable,chicken,Meat
826,mandarin orange,mandarin orange,Plant Derivative
827,rutabaga,rutabaga,Vegetable
828,chicken meat,chicken,Meat
829,cod,cod,Fish
830,flat leaf italian parsley,parsley,Spice
831,bacon dripping,bacon,Meat
832,clear honey,honey,Plant Derivative
833,fish,fish,Fish
835,pork rib,pork,Meat
836,tamarind pulp,tamarind,Fruit
837,pico de gallo,pico de gallo,Condiment
838,bulgur,wheat,Cereal
839,meatball,meatball,Dish
840,simple syrup,simple syrup,Additive
841,cheese tortellini,tortellini,Dish
842,chinese cabbage,chinese cabbage,Vegetable
843,gin,gin,Beverage-Alcoholic
844,juniper berry,berry,Berry
845,sumac,lemon,Spice
846,vanilla pudding mix,vanilla pudding,Dish
847,head cauliflower,cauliflower,Flower
848,jumbo shrimp,shrimp,Seafood
849,milk ricotta cheese,cheese,Dairy
850,red enchilada sauce,mole sauce,Condiment
851,bailey irish cream,bailey irish cream,Beverage-Alcoholic
852,corn tortilla chip,corn,Maize
853,savoy cabbage,cabbage,Vegetable
854,coffee granule,coffee,Beverage Caffeinated
856,almond paste,almond,Nuts and Seeds
857,anaheim chilies,new mexico chile,Spice
858,fenugreek leaf,fenugreek leaf,Herb
859,rump roast,rump steak,Meat
860,hot paprika,paprika,Vegetable
861,oyster,oyster,Seafood
862,rosemary sprig,rosemary,Herb
863,tomato green chile pepper,cherry pepper,Spice
864,beef gravy,gravy,Dish
865,hot pepper,pepper,Spice
866,manchego cheese,cheese,Dairy
868,rye bread,bread,Bakery
869,semolina flour,hard wheat,Cereal
870,black sesame seed,black sesame seed,Nuts and Seeds
871,deli ham,meat,Meat
873,madeira wine,wine,Beverage-Alcoholic
874,ranch dressing mix,ranch dressing,Condiment
876,pepper flake,red pepper flake,Vegetable
877,shrimp paste,shrimp paste,Seafood
878,bourbon,bourbon,Beverage-Alcoholic
879,head garlic,garlic,Herb
880,lamb chop,lamb,Meat
881,lemon extract,lemon,Fruit
882,ra el hanout spice mix,curry powder,Spice
883,bouquet garni,bouquet garni,Spice
884,chick pea,chickpea,Legume
885,curd cottage cheese,cheese,Dairy
886,fava bean,beans,Legume
887,filet beef,beef,Meat
888,panir,paneer,Dairy
889,pasta shell,pasta,Cereal
890,bamboo skewer,bamboo shoot,Plant
891,espresso,espresso,Beverage
892,grape,grape,Fruit
893,hominy,hominy,Maize
894,liquid honey,honey,Plant Derivative
895,saffron strand,saffron,Spice
896,ginger ale,ginger ale,Beverage-Alcoholic
897,lime juice zest,lime juice,Beverage
898,mix,baking mix,Dish
899,yellow pea,pea,Legume
900,ancho chile,poblano,Vegetable
901,aubergine,eggplant,Vegetable
902,courgette,zucchini,Vegetable
903,duck,duck,Meat
904,pork loin roast,pork,Meat
905,beef tenderloin steak,beef,Meat
906,black cardamom pod,black cardamom,Legume
907,sushi rice,japanese rice,Cereal
909,pork butt,pork,Meat
910,pumpkin pie spice,pumpkin pie spice,Spice
911,purple onion,onion,Vegetable
912,szechuan peppercorn,sichuan pepper,Spice
913,taco shell,taco shell,Bakery
914,vanilla yogurt,vanilla yogurt,Dairy
915,vegetable juice,vegetable juice,Beverage
916,anchovy paste,anchovy,Fish
917,pimento olive,olive,Dish
918,plain nonfat yogurt,yogurt,Dairy
919,ramen noodle,noodle,Cereal
920,white chocolate chip,chocolate,Plant Derivative
921,champagne,champagne,Beverage-Alcoholic
922,deli roast beef,roast beef,Meat
923,urad dal,black gram,Legume
925,hoagie,bread,Bakery
926,lima bean,lima bean,Legume
927,milk chocolate,chocolate milk,Beverage
928,red bean,beans,Legume
929,coffee liqueur,liquor,Beverage-Alcoholic
930,hot chili sauce,chili sauce,Condiment
931,limeade concentrate,lime juice,Beverage
932,pork roast,pork,Meat
933,cooking sherry,sherry,Beverage-Alcoholic
934,dark corn syrup,corn syrup,Maize
935,egg wrap,egg,Meat
936,french onion soup,onion,Vegetable
937,green tomato,tomato,Vegetable
938,hot green chili pepper,green chili pepper,Vegetable
939,hot red chili pepper,red chili pepper,Vegetable
940,italian sausage link,italian sausage,Meat
941,lump crabmeat,crab meat,Seafood
942,rice vermicelli,rice vermicelli,Cereal
943,thai chile,bird's eye chili,Vegetable
945,agave nectar,agave nectar,Additive
946,chunky peanut butter,peanut butter,Additive
947,cinnamon sugar,cinnamon,Additive
948,green apple,green apple,Fruit
949,lite olive oil,olive oil,Plant Derivative
950,natural yoghurt,yogurt,Dairy
951,red grape,red grape,Fruit
952,romaine lettuce leaf,romaine lettuce,Vegetable
953,biscuit,biscuit,Bakery
954,black tea,black tea,Beverage
955,ha avocadoes,avocado,Essential Oil
957,pea carrot,carrot,Vegetable
958,arrowroot,arrowroot,Vegetable
959,bay seasoning,laurel,Spice
960,espresso powder,instant coffee,Beverage
961,grain brown rice,red rice,Cereal
962,jumbo pasta shell,pasta,Cereal
963,no boil lasagna noodle,pasta,Cereal
964,silken tofu,soft tofu,Plant
965,streaky bacon,bacon,Meat
966,bacon bit,bacon,Meat
967,chervil,chervil,Herb
968,graham cracker,graham cracker,Bakery
970,splenda granular,sugar substitute,Vegetable
971,walnut half,walnut,Nuts and Seeds
972,dark red kidney bean,kidney bean,Legume
973,demerara sugar,brown sugar,Additive-Sugar
974,orange blossom water,orange,Essential Oil
975,shortcrust pastry,pastry,Dish
976,tuna steak,tuna,Fish
978,yellow cake mix,cake,Dish
979,baking chocolate,baking chocolate,Plant
980,butter bean,lima bean,Legume
981,glace cherry,cherry,Additive
982,hummus,spread,Dish
983,orange flower water,orange flower water,Essential Oil
984,pork sparerib,spare ribs,Meat
985,squash,squash,Fruit
986,banana pepper,banana pepper,Vegetable
987,coleslaw mix,coleslaw,Condiment
988,grainy mustard,grainy mustard,Condiment
989,pecorino cheese,cheese,Dairy
990,rump steak,rump steak,Meat
992,thai chili sauce,sweet chili sauce,Condiment
993,andouille sausage,andouille,Meat
994,beef mince,beef,Meat
995,channa dal,chickpea,Legume
996,escarole,endive,Vegetable
997,ice cream,ice cream,Dish
998,kirsch,kirsch,Beverage-Alcoholic
999,manicotti,pasta,Cereal
1000,mexican tomato,tomato,Vegetable
1001,pam cooking spray,cooking spray,Additive
1002,pimento,pimiento,Condiment
1003,tamarind juice,tamarind,Fruit
1004,bouillon cube,bouillon,Dish
1005,grape leaf,grape leaf,Plant
1006,grapefruit juice,grapefruit juice,Beverage
1007,japanese eggplant,eggplant,Vegetable
1008,philadelphia cream cheese,cheese,Dairy
1010,red apple,red apple,Fruit
1011,single cream,cream,Dairy
1012,strawberry jam,strawberry jam,Fruit
1013,tuna water,tuna,Fish
1014,wheat pita bread,bread,Cereal
1015,almond milk,almond,Nuts and Seeds
1016,beetroot,beet,Vegetable
1017,ciabatta,bread,Bakery
1018,coconut extract,coconut,Beverage
1019,gherkin,cucumber,Gourd
1020,kiwi,kiwifruit,Fruit
1021,pomegranate seed,pomegranate,Fruit
1022,saltine cracker,saltine cracker,Bakery
1023,skirt steak,skirt steak,Meat
1024,white button mushroom,mushroom,Fungi
1025,broiler fryer chicken,fried chicken,Meat
1026,chow mein noodle,pasta,Cereal
1027,genoa salami,pork,Meat
1028,ketjap manis,soybean sauce,Condiment
1029,lebanese cucumber,cucumber,Gourd
1030,madras curry powder,curry powder,Herb
1031,mascarpone,mascarpone,Dairy
1032,peanut oil vegetable,vegetable oil,Plant Derivative
1033,syrup,syrup,Plant Derivative
1034,vegetable bouillon cube,vegetable bouillon,Dish
1035,burrito flour tortilla,tortilla,Dish
1036,chicken tender,chicken,Meat
1037,coconut flake,coconut,Beverage
1038,english mustard,mustard,Spice
1039,lemonade,lemonade,Beverage
1040,nonfat milk powder,milk powder,Dairy
1041,tamari soy sauce,soy sauce,Condiment
1042,walnut oil,walnut oil,Essential Oil
1043,ancho chilies,poblano,Vegetable
1044,baby bok choy,bok choy,Vegetable
1045,bacon grease,bacon,Meat
1046,chicken bouillon powder,bouillon cube,Meat
1047,chipotle pepper adobo sauce,adobo,Additive
1048,dashi,dashi,Dish
1049,fajita seasoning mix,fajita,Spice
1050,orange juice zest,orange,Fruit
1051,rotel tomato chilies,tomato,Dish
1052,season salt,salt,Additive
1053,sesame seed oil,sesame,Cereal
1054,summer squash,summer squash,Fruit
1055,tarragon vinegar,tarragon vinegar,Additive-Vinegar
1056,bay scallop,scallop,Seafood
1057,cayenne powder,cayenne pepper,Vegetable
1058,chicken breast meat,chicken,Meat
1059,mango powder,amchoor,Spice
1060,string bean,green bean,Cereal
1061,dark raisin,raisin,Fruit
1062,green grape,grape,Fruit
1063,italian turkey sausage,italian sausage,Meat
1064,lime peel,lime,Fruit
1067,edamame,soyabean,Legume
1068,fenugreek,fenugreek leaf,Herb
1069,miracle whip,cream,Dairy
1070,navel orange,orange,Fruit
1071,pearl onion,pearl onion,Vegetable
1072,pomegranate juice,pomegranate juice,Fruit
1073,rice paper,rice paper,Cereal
1074,barbeque sauce,barbecue sauce,Condiment
1076,plum sauce,plum sauce,Condiment
1077,red leaf lettuce,lettuce,Vegetable
1078,tarragon leaf,tarragon,Herb
1079,white peppercorn,corn,Maize
1080,amarula cream liqueur,armagnac brandy,Beverage-Alcoholic
1081,baby pea,pea,Legume
1083,cheddar cheese soup,cheese,Dairy
1084,french green bean,green bean,Cereal
1085,french onion,onion,Vegetable
1086,honey mustard,honey mustard,Condiment
1087,kaiser,kaiser roll,Bakery
1088,nonfat plain yogurt,yogurt,Dairy
1089,almond meal,almond,Nuts and Seeds
1090,baby portabella mushroom,mushroom,Fungi
1092,green peppercorn,pepper,Spice
1094,key lime juice,key lime,Beverage
1095,lemon pepper seasoning,lemon pepper,Spice
1096,mushroom stem,mushroom,Fungi
1097,red snapper fillet,red snapper,Fish
1098,salmon steak,salmon,Fish
1099,soda water,carbonated water,Beverage
1100,bulb garlic,garlic,Herb
1102,chicken thigh fillet,chicken,Meat
1103,collard green,collard (plant),Vegetable
1104,garlic granule,garlic,Herb
1105,guajillo chilies,chili,Spice
1106,mini chocolate chip,chocolate chip,Additive
1107,roast,roast beef,Meat
1108,tapioca,tapioca,Vegetable
1109,white hominy,white hominy,Maize
1110,chestnut,chestnut,Fruit
1111,marsala,wine,Beverage-Alcoholic
1112,milk chocolate chip,milk chocolate,Additive
1113,polish sausage,kielbasa,Meat
1114,tapioca flour,tapioca flour,Vegetable
1115,tapioca starch,tapioca,Vegetable
1116,udon noodle,pasta,Cereal
1117,vegetable stock chicken,chicken,Meat
1118,wasabi paste,wasabi,Vegetable
1120,acorn squash,acorn squash,Fruit
1122,cider,cider,Beverage-Alcoholic
1123,cream coconut,coconut milk,Fruit
1124,jaggery,jaggery,Additive
1125,lager beer,lager beer,Beverage-Alcoholic
1126,monterey jack cheddar cheese,cheese,Dairy
1127,no salt tomato,tomato,Vegetable
1128,pomegranate molasses,pomegranate juice,Fruit
1129,pork belly,pork,Meat
1130,potato flake,mashed potatoes,Vegetable
1131,suet,suet,Dish
1132,thai red chili pepper,cherry pepper,Spice
1133,white cheddar cheese,cheese,Dairy
1134,chicken cutlet,chicken,Meat
1135,chinese noodle,pasta,Cereal
1136,pineapple tidbit,pineapple,Beverage
1137,rice krispies,rice,Cereal
1138,soba noodle,pasta,Cereal
1139,stout beer,stout beer,Beverage-Alcoholic
1140,blue curacao,blue curacao,Beverage-Alcoholic
1142,brown mustard seed,brown mustard,Vegetable
1143,chuck steak,chuck steak,Meat
1144,extra sharp cheddar cheese,cheese,Dairy
1145,grapeseed oil,grapeseed oil,Essential Oil
1146,lemon grass,cymbopogon,Essential Oil
1147,ouzo,rakia,Beverage-Alcoholic
1148,safflower oil,safflower oil,Plant Derivative
1149,shaoxing wine,shaoxing wine,Beverage-Alcoholic
1150,bisquick baking mix,bakery products,Cereal
1151,butter margarine,margarine,Additive
1152,colby cheese,cheese,Dairy
1153,halibut fillet,halibut,Fish
1155,mung bean sprout,mung bean sprout,Legume
1156,passion fruit,passion fruit,Fruit
1157,xanthan gum,xanthan gum,Plant Derivative
1158,bread dough,bread,Bakery
1159,coconut rum,rum,Beverage-Alcoholic
1160,crab,crab,Seafood
1161,fire tomato,tomato,Vegetable
1162,green chili salsa,salsa verde,Condiment
1163,italian spice,spice mix,Spice
1164,mushroom soup,cream celery soup,Dish
1165,risotto rice,risotto rice,Cereal
1166,wasabi,wasabi,Vegetable
1167,yam,yam,Vegetable
1169,artificial sweetener,sugar substitute,Vegetable
1171,baby shrimp,shrimp,Seafood
1172,bratwurst,sausage,Dish
1173,chambord raspberry liquor,chambord,Beverage-Alcoholic
1174,dill sprig,dill,Herb
1175,lobster,lobster,Seafood
1176,matzo meal,matzo,Bakery
1177,parmigiano,cheese,Dairy
1178,rocket,rocket,Herb
1179,stilton cheese,cheese,Dairy
1180,amaretto liqueur,amaretto,Beverage-Alcoholic
1181,cranberry sauce,cranberry sauce,Fruit
1182,ginger juice,ginger,Spice
1183,lobster tail,lobster,Seafood
1184,sirloin tip roast,top sirloin,Meat
1185,belgian endive,endive,Vegetable
1186,cherry pie filling,cherry pie,Dish
1187,chocolate square,chocolate,Plant Derivative
1188,dark molasses,molasses,Additive
1190,muenster cheese,muenster,Dairy
1191,pastry crust pie,crust,Bakery
1192,white bread flour,white bread flour,Cereal
1193,arugula leaf,baby rocket,Vegetable
1194,baby potato,potato,Vegetable Tuber
1195,celery root,celeriac,Vegetable
1196,chicken tenderloin,chicken,Meat
1197,french bean,green bean,Cereal
1198,fusilli,pasta,Cereal
1199,golden delicious apple,apple,Fruit
1200,hot dog,hot dog,Dish
1201,hot pepper sauce,sauce,Additive
1202,idaho potato,potato,Vegetable Tuber
1203,milk powder,milk,Dairy
1204,pickling salt,pickling salt,Additive-Salt
1205,rabbit,rabbit,Meat
1206,radicchio,radicchio,Vegetable
1207,spaghetti noodle,spaghetti,Cereal
1208,sugar syrup,syrup,Plant Derivative
1209,turbinado sugar,brown sugar,Additive-Sugar
1210,wheat pastry flour,flour,Cereal
1211,white balsamic vinegar,vinegar,Plant Derivative
1212,white corn,white corn,Maize
1213,white kidney bean,beans,Legume
1214,wild mushroom,mushroom,Fungi
1215,black coffee,black coffee,Beverage
1216,coffee powder,instant coffee,Beverage
1217,cooking wine,wine,Beverage-Alcoholic
1218,crisco,shortening,Additive
1219,jam,fruit preserve,Fruit
1220,lobster meat,lobster,Seafood
1221,mexican chocolate,chocolate,Plant Derivative
1222,trout,trout,Fish
1223,vegetarian bean,bean,Legume
1224,za'atar spice mix,allspice,Spice
1225,chile pepper,chili,Spice
1226,corn cob,corncob,Maize
1227,greek oregano,greek oregano,Spice
1228,pomegranate,pomegranate,Fruit
1229,vanilla pod,vanilla,Legume
1230,white sesame seed,sesame,Cereal
1231,anise extract,anise,Spice
1232,beefsteak tomato,tomato,Vegetable
1233,chili seasoning mix,chili powder,Spice
1234,epazote,epazote,Herb
1235,frying chicken,fried chicken,Meat
1236,mexicorn,corn,Maize
1237,peel,lemon,Fruit
1238,pork fillet,pork,Meat
1239,red pepper sauce,cherry pepper,Spice
1240,serrano chile pepper,serrano pepper,Vegetable
1241,spanish olive,olive,Plant
1242,wasabi powder,wasabi,Vegetable
1243,white cabbage,white cabbage,Vegetable
1244,white miso,white miso,Spice
1245,white pepper powder,white pepper,Spice
1247,anaheim chili,chili,Spice
1248,biscuit mix,baking mix,Dish
1249,black vinegar,black vinegar,Additive-Vinegar
1250,boston lettuce,lettuce,Vegetable
1251,bulgar wheat,bulgar,Cereal
1252,capsicum,capsicum,Vegetable Fruit
1253,citron,citron,Fruit
1254,custard powder,custard,Dish
1255,halloumi cheese,halloumi,Dairy
1256,head iceberg lettuce,lettuce,Vegetable
1257,pineapple ring,pineapple,Beverage
1258,tortellini,pasta,Cereal
1259,baby arugula,baby rocket,Vegetable
1260,black bean sauce,black bean sauce,Condiment
1261,bouillon,bouillon,Dish
1262,dough,dough,Cereal
1263,hing,asafoetida,Spice
1264,linguine pasta,pasta,Cereal
1265,lipton onion soup mix,onion soup,Dish
1266,nonfat yogurt,yogurt,Dairy
1267,oyster mushroom,mushroom,Fungi
1268,red snapper,red snapper,Fish
1269,roquefort cheese,cheese,Dairy
1270,sweetcorn,sweet corn,Maize
1271,veal cutlet,veal,Meat
1272,cabbage leaf,cabbage,Vegetable
1273,cheese ravioli,cheese,Dairy
1274,chocolate pudding mix,chocolate pudding,Dish
1275,creme de cacao,chocolate,Plant Derivative
1276,emmenthaler cheese,cheese,Dairy
1277,french fry,fried potato,Dish
1278,ghee butter,ghee,Dairy
1279,heirloom tomato,tomato,Legume
1280,lavender,lavender,Flower
1281,lime leaf,lime,Plant
1282,margarita mix,margarine,Dish
1283,mexican corn,mexican style corn,Maize
1284,natural peanut butter,peanut butter,Additive
1285,sugar substitute,sugar substitute,Vegetable
1286,beef base,beef,Meat
1287,camembert cheese,cheese,Dairy
1288,chicken part,chicken,Meat
1289,chinese wine,chinese wine,Beverage-Alcoholic
1290,golden mushroom soup,mushroom,Dish
1291,potato traditional,potato,Vegetable Tuber
1293,beef shank,beef,Meat
1294,bibb lettuce,bibb lettuce,Vegetable
1295,chinese mushroom,mushroom,Fungi
1296,ear corn,corn on the cob,Maize
1297,egg beater substitute,egg,Meat
1298,ha avocado,avocado,Essential Oil
1299,hash brown,hash brown,Dish
1300,lemon lime beverage,lemon,Beverage
1301,sea bass fillet,sea bass,Fish
1302,sofrito sauce,sofrito sauce,Condiment
1303,yellow mustard seed,mustard,Spice
1304,butterscotch chip,molasses,Additive
1306,golden brown sugar,sugar,Additive
1307,hash brown potato,potato,Vegetable Tuber
1308,masala,masala,Spice
1309,raspberry vinegar,raspberry vinegar,Additive-Vinegar
1310,romaine lettuce heart,romaine lettuce,Vegetable
1311,rum extract,rum,Beverage-Alcoholic
1312,salad dressing,salad dressing,Dish
1313,sparkling water,carbonated water,Beverage
1314,alfalfa sprout,alfalfa,Legume
1318,limoncello,cream,Additive
1319,marmalade,marmalade,Additive
1320,nam pla,fish sauce,Condiment
1322,spaghetti squash,spaghetti squash,Fruit
1323,vanilla pudding,vanilla pudding,Dish
1324,wheat spaghetti,spaghetti,Cereal
1325,beef eye,beef,Meat
1326,brown rice flour,flour,Cereal
1327,cake,cake,Dish
1328,cellophane noodle,noodle,Dish
1329,focaccia bread,focaccia,Bakery
1330,kumara,kumara,Vegetable
1331,mustard oil,mustard oil,Plant
1332,nigella seed,nigella sativa,Nuts and Seeds
1333,peppermint extract,peppermint,Essential Oil
1334,pimento pepper,pimiento,Condiment
1336,bulk pork sausage,pork,Meat
1337,dashi stock,dashi,Dish
1339,greek olive,olive,Plant
1340,mushroom cap,mushroom,Fungi
1341,nectarine,peach,Fruit
1342,oriental sesame oil,sesame oil,Essential Oil
1343,scotch whisky,whisky,Beverage-Alcoholic
1344,sparerib,spare ribs,Meat
1345,szechwan pepper,sichuan pepper,Spice
1346,vegemite,vegemite,Condiment
1347,beef liver,beef,Meat
1348,beef stock cube,beef stock,Meat
1349,brown mustard,brown mustard,Vegetable
1350,chili paste garlic,chili oil,Plant Derivative
1351,chinese rice wine,rice wine,Beverage-Alcoholic
1352,crawfish tail,crawfish,Seafood
1353,farmer cheese,cheese,Dairy
1354,fine salt,salt,Additive
1355,head broccoli,broccoli,Flower
1356,masa harina flour,masa,Maize
1357,no salt tomato sauce,tomato sauce,Condiment
1358,potato flour,potato starch,Vegetable
1359,ranch bean,bean,Legume
1360,rock salt,salt,Additive
1361,spicy brown mustard,spicy brown mustard,Condiment
1363,straw mushroom,mushroom,Fungi
1364,tap water,water,Additive
1365,venison,venison,Meat
1367,banana liqueur,banana liqueur,Beverage-Alcoholic
1368,champagne vinegar,vinegar,Plant Derivative
1369,chocolate baking square,white chocolate,Plant Derivative
1370,chocolate ice cream,chocolate ice cream,Dish
1371,duck breast,duck,Meat
1372,glutinous rice,glutinous rice,Cereal
1373,golden caster sugar,sugar,Additive
1374,grapefruit,grapefruit juice,Beverage
1375,kielbasa sausage,kielbasa sausage,Meat
1376,muscovado sugar,muscovado sugar,Additive-Sugar
1377,pastry,pastry,Dish
1378,sazon goya,spice mix,Spice
1379,turkey sausage,turkey,Meat
1380,almond essence,almond,Nuts and Seeds
1381,almond flour,almond,Nuts and Seeds
1382,bonito flake,bonito flakes,Fish
1383,brown basmati rice,brown basmati rice,Cereal
1384,calvados,calvados,Beverage-Alcoholic
1385,center pork chop,pork,Meat
1386,corn husk,corn husk,Maize
1387,dill seed,dill,Herb
1388,espresso coffee,espresso,Beverage
1389,head romaine lettuce,romaine lettuce,Vegetable
1390,littleneck clam,littleneck clam,Seafood
1391,midori melon liqueur,liquor,Beverage-Alcoholic
1392,pea pod,pea,Legume
1393,pesto,pesto,Herb
1394,pineapple chunk juice,pineapple,Beverage
1395,raspberry preserve,fruit preserves,Fruit
1396,ricotta,cheese,Dairy
1397,salt cod fish,cod fish,Fish
1398,tahini paste,tahini,Dish
1399,anise,anise,Spice
1400,bulgur wheat,bulgar,Cereal
1401,cane sugar,sugar,Additive
1402,chicken stock powder,chicken,Meat
1404,custard,custard,Dish
1405,gluten flour,gluten flour,Cereal
1406,pigeon pea,pea,Condiment
1407,potato chip,potato chip,Dish
1408,rose petal,rose,Flower
1409,turkey bacon,turkey bacon,Meat
1411,wheat pasta,pasta,Cereal
1412,apple pie filling,apple pie,Fruit
1413,arbol chile,chili,Spice
1414,banana leaf,banana,Fruit
1415,beef cube,beef bouillon cube,Meat
1416,catfish fillet,catfish,Fish
1417,cooking tapioca,tapioca,Vegetable
1418,corn niblets,corn,Maize
1419,gravy,gravy,Dish
1420,horseradish sauce,sauce,Additive
1421,lemonade concentrate,lemonade,Beverage
1422,mandarin orange segment,mandarin orange,Plant Derivative
1423,mexican chili powder,chili powder,Spice
1424,mini marshmallow,marshmallow,Bakery
1425,mutton,mutton,Meat
1426,neufchatel cheese,cheese,Dairy
1427,orange extract,orange,Beverage
1428,sandwich bread,bread,Bakery
1429,yellow lentil,lentil,Legume
1430,yellow potato,yellow potato,Vegetable
1432,apricot nectar,apricot,Fruit
1433,chinese egg noodle,egg,Meat
1434,cod fillet,cod,Fish
1435,dressing,salad dressing,Dish
1436,floury potato,potato,Vegetable Tuber
1437,french mustard,mustard,Condiment
1438,gnocchi,potato,Vegetable Tuber
1439,grain bread,bread,Bakery
1440,grape juice,grapefruit juice,Beverage
1441,green plantain,cooking banana,Fruit
1442,honeydew melon,honeydew melon,Fruit
1443,hot chili powder,chili powder,Spice
1444,pastry dough,dough,Bakery
1445,pork bean,pork and beans,Dish
1446,pork shoulder roast,pork,Meat
1447,rack lamb,lamb,Meat
1448,red radish,radish,Vegetable
1449,sandwich bun,bread,Bakery
1450,stevia,sugar substitute,Vegetable
1451,tagliatelle pasta noodle,tagliatelle,Cereal
1452,tiger shrimp,tiger shrimp,Seafood
1453,white cake mix,cake,Dish
1454,baby clam,clam,Seafood
1455,baby red potato,potato,Vegetable Tuber
1456,bocconcini,bocconcini,Dairy
1457,bourbon whiskey,bourbon,Beverage-Alcoholic
1458,broad bean,broad bean,Legume
1459,celeriac,celeriac,Vegetable
1460,corn muffin mix,corn muffin mix,Maize
1461,cubanelle pepper,cubanelle,Vegetable
1462,curd,curd,Dairy
1463,graham cracker crust,graham cracker crust,Bakery
1464,ham steak,ham steak,Meat
1465,heart palm,heart of palm,Vegetable
1466,hot salsa,salsa,Condiment
1468,liqueur,liqueur,Beverage-Alcoholic
1469,mccormick seasoning,spice mix,Spice
1471,oat bran,oat,Cereal
1472,passion fruit pulp,passion fruit,Fruit
1473,pepperoni sausage,pepperoni,Meat
1474,portabella mushroom cap,mushroom,Fungi
1476,tuna olive oil,tuna,Fish
1477,brioche bread,bread,Bakery
1478,buckwheat flour,buckwheat flour,Cereal
1479,chicken base,chicken,Meat
1480,cracker crumb,bread,Bakery
1481,craisins,dried cranberry,Fruit
1482,hard salami,pork,Meat
1483,hot mustard,mustard,Spice
1484,lasagna,cannelloni,Cereal
1485,malibu rum,malibu rum,Beverage-Alcoholic
1486,panko bread crumb,bread crumbs,Bakery
1487,red chili sauce,chili sauce,Condiment
1488,ro tel tomato,tomato,Vegetable
1489,serrano chili pepper,serrano pepper,Vegetable
1490,sourdough starter,bread,Dish
1491,swede,rutabaga,Vegetable
1492,tempeh,tempeh,Plant
1493,vanilla wafer,vanilla wafer,Dish
1494,vital wheat gluten,wheat gluten,Cereal
1495,anaheim chile pepper,new mexico chile,Spice
1496,basil sprig,basil,Herb
1497,black mushroom,shiitake,Fungi
1498,butter lettuce,lettuce,Vegetable
1500,coriander sprig,coriander,Herb
1501,dark chocolate chip,dark chocolate,Plant
1502,gluten,gluten,Cereal
1503,london broil beef,broil beef,Meat
1504,nicoise olive,cailletier,Plant
1505,pepperjack cheese,monterey jack,Dairy
1506,pernod,alcoholic drink,Beverage-Alcoholic
1508,prosciutto ham,prosciutto,Meat
1509,ranch salad dressing,salad dressing,Dish
1510,red chili paste,chili,Spice
1511,red tomato,tomato,Vegetable
1512,rib beef,short ribs,Meat
1513,sausage meat,sausage,Dish
1514,seltzer water,carbonated water,Beverage
1515,serrano ham,serrano ham,Meat
1516,shoyu,soy sauce,Condiment
1517,spearmint,spearmint,Herb
1518,vanilla vodka,vanilla vodka,Beverage-Alcoholic
1519,vegetable oil peanut,vegetable oil,Plant Derivative
1520,wheat bran,wheat,Cereal
1521,yellow rice,yellow rice,Cereal
1523,cooking onion,fried onion,Vegetable
1524,eggnog,eggnog,Dish
1525,haddock fillet,haddock,Fish
1526,italian flat leaf parsley,parsley,Spice
1527,lamb loin chop,lamb,Meat
1528,orecchiette,pasta,Cereal
1529,peach schnapps,schnapps,Beverage-Alcoholic
1530,rib eye steak,rib eye steak,Meat
1531,salt water,saline water,Additive-Salt
1532,sea salt pepper,pepper,Spice
1533,soybean,soybean,Plant Derivative
1534,taco flour tortilla,wheat tortilla,Bakery
1535,tomato basil pasta sauce,margarine like spread,Condiment
1536,apricot half,apricot,Fruit
1537,baking cocoa,cocoa,Seed
1538,berry cranberry sauce,berry cranberry sauce,Fruit
1539,browning sauce,browning sauce,Condiment
1540,butternut pumpkin,pumpkin,Fruit
1541,chicken breast tender,chicken,Meat
1542,chile powder,chili powder,Spice
1543,chocolate curl,chocolate,Plant Derivative
1544,cream cottage cheese,cheese,Dairy
1545,cream soup,cream,Dish
1546,fontina,fontina,Dairy
1547,french onion soup mix,soup,Dish
1548,head lettuce,lettuce,Vegetable
1549,island dressing,dressing,Condiment
1550,japanese soy sauce,soy sauce,Condiment
1551,oxtail,beef,Meat
1553,penne rigate,pasta,Cereal
1554,red cayenne pepper,chili pepper,Vegetable
1555,ritz cracker,crackers,Bakery
1556,salad leaf,salad,Dish
1557,sultana raisin,sultana raisin,Fruit
1558,summer savory,summer savory,Herb
1559,tuna vegetable oil,tuna,Fish
1560,ajwain,ajwain,Spice
1561,beef bouillon powder,beef bouillon cube,Meat
1562,broccoli rabe,broccoli rabe,Flower
1563,consomme,consomme,Meat
1564,flounder fillet,flounder,Fish
1566,gold tequila,tequila,Beverage-Alcoholic
1567,green mango,green mango,Fruit
1568,jalapeno chile pepper,jalapeno,Spice
1569,mung bean,mung bean,Legume
1570,pastry flour,flour,Cereal
1571,red cherry,red cherry,Fruit
1572,san marzano tomato,tomato,Vegetable
1573,tangerine,tangerine,Fruit
1574,tomatillo salsa,salsa verde,Condiment
1575,water artichoke heart,artichoke,Flower
1576,almond butter,almond,Nuts and Seeds
1577,berbere,berbere,Spice
1578,chicken fillet,chicken,Meat
1579,chicken leg quarter,chicken,Meat
1580,dinner,bread,Bakery
1581,farina,farina,Cereal
1582,garlic pepper seasoning,cherry pepper,Spice
1583,havarti cheese,havarti,Dairy
1584,herring fillet,herring,Fish
1585,jarlsberg cheese,cheese,Dairy
1586,juice,juice,Beverage
1587,lavender flower,lavender,Flower
1588,marzipan,marzipan,Dish
1589,portobello mushroom,mushroom,Fungi
1590,purpose white flour,flour,Cereal
1591,riesling wine,wine,Beverage-Alcoholic
1592,slab bacon,bacon,Meat
1593,sole fillet,fillet,Fish
1594,sugar cube,sugar,Additive
1595,vegan margarine,vegan margarine,Additive
1596,bean thread noodle,noodle,Legume
1597,challah,bread,Bakery
1599,cherry pepper,cherry pepper,Spice
1600,coriander root,coriander,Herb
1601,cornish hen,corn,Maize
1602,garlic oil,garlic oil,Essential Oil
1603,german chocolate,chocolate,Plant Derivative
1604,lamb meat,lamb,Meat
1605,lamb stock,lamb,Meat
1606,lukewarm water,water,Additive
1608,mozzarella ball,mozzarella,Dairy
1609,natural bran,bran,Cereal
1610,pace picante sauce,salsa,Condiment
1611,palm oil,palm oil,Plant Derivative
1612,quark,quark,Dairy
1613,spiral pasta,rotini,Cereal
1615,vegetable protein,vegetable,Vegetable
1617,yucca root,cassava,Vegetable
1618,apple juice concentrate,apple,Beverage
1619,baby lima bean,lima bean,Legume
1620,chile paste,chili paste,Condiment
1621,cream sherry,sherry,Beverage-Alcoholic
1622,enoki mushroom,mushroom,Fungi
1623,fine semolina,semolina,Cereal
1624,german chocolate cake mix,chocolate,Plant Derivative
1625,halibut,halibut,Fish
1626,kosher salt pepper,pepper,Spice
1627,marshmallow creme,marshmallow creme,Bakery
1628,mineral water,water,Additive
1629,mustard green,mustard,Vegetable
1630,onion seed,onion,Vegetable
1631,quince,quince,Fruit
1632,red pepper paste,pepper,Spice
1633,sponge cake,sponge cake,Bakery
1634,steel oat,steel cut oat,Cereal
1635,strawberry preserve,strawberry preserve,Fruit
1636,texas toast bread,bread,Bakery
1637,tomato basil oregano garlic,oregano,Spice
1638,trout fillet,trout,Fish
1639,watercress leaf,watercress,Plant
1640,wonton skin,wonton,Herb
1641,ancho chili,poblano,Vegetable
1642,bitter melon,bitter melon,Vegetable
1643,caesar salad dressing,salad dressing,Dish
1644,caribbean jerk seasoning,spice mix,Spice
1645,chestnut mushroom,mushroom,Fungi
1646,citron peel,candied citron peel,Fruit
1647,creme de menthe,creme de menthe,Beverage-Alcoholic
1648,edam cheese,cheese,Dairy
1649,endive,endive,Vegetable
1650,fajita seasoning,fajita,Spice
1651,fillet,fish,Fish
1652,galliano,gin,Beverage-Alcoholic
1653,gelatin powder,gelatin,Additive
1654,grit,grit,Cereal
1655,haddock,haddock,Fish
1656,lamb fillet,lamb,Meat
1657,new mexico chile,new mexico chile,Spice
1658,pasilla chile,pasilla,Vegetable
1659,pecan nut,pecan,Nuts and Seeds
1660,pretzel,bread,Bakery
1661,red thai chile,chili,Spice
1662,salt substitute,salt,Additive
1663,seitan,seitan,Plant
1664,sorrel,sorrel,Herb
1665,star anise pod,star anise,Spice
1666,swordfish steak,swordfish,Fish
1667,table cream,cream,Dairy
1668,tzatziki,tzatziki,Condiment
1669,wide rice noodle,noodle,Cereal
1670,brazil nut,brazil nut,Nuts and Seeds
1671,bread cube,bread,Bakery
1672,bulk sausage,sausage,Dish
1673,cheddar,cheese,Dairy
1674,chili without bean,chili bean,Dish
1675,cola,soft drink,Beverage
1676,cooking barley,barley,Cereal
1678,garlic chive,garlic,Herb
1679,german mustard,german mustard,Condiment
1680,granola cereal,granola cereal,Cereal
1681,green leaf lettuce,lettuce,Vegetable
1682,jamaican jerk spice,jerk (cooking),Spice
1683,jeera powder,cumin,Spice
1684,kasseri cheese,cheese,Dairy
1686,pink grapefruit,grapefruit,Beverage
1687,red beet,beetroot,Vegetable
1688,rice cereal,rice,Cereal
1689,spanish rice,spanish rice,Cereal
1690,wakame,wakame,Seafood
1692,wheat flour tortilla,wheat tortilla,Bakery
1693,wheat penne,pasta,Cereal
1694,white corn tortilla,white corn tortilla,Bakery
1695,white fish,fish,Fish
1696,white tequila,tequila,Bakery
1697,almond flavoring,almond,Nuts and Seeds
1698,asadero cheese,cheese,Dairy
1699,bay seasoning tm,bay,Spice
1700,buttermilk biscuit,biscuit,Bakery
1701,chayotes,chayote,Vegetable
1702,clove garlic,garlic,Herb
1703,coffee bean,coffee bean,Plant
1704,creme de cassis,chocolate liqueur,Beverage-Alcoholic
1706,extra large egg,egg,Meat
1707,filet mignon,fish,Fish
1708,fine sugar,powdered sugar,Additive-Sugar
1709,garlic crouton,crouton,Bakery
1710,hot dog bun,hot dog,Bakery
1711,linguica sausage,linguica sausage,Meat
1712,lychee,lychee,Fruit
1713,merlot,wine,Beverage-Alcoholic
1714,mostaccioli pasta,mostaccioli,Cereal
1715,oil black olive,olive,Plant
1716,oleo,margarine,Additive
1717,pork cutlet,pork,Meat
1718,pumpernickel bread,bread,Bakery
1719,red jalapeno chile,chili pepper,Vegetable
1720,rib,celery,Herb
1721,tart cherry,cherry tart,Fruit
1722,vegetable bouillon granule,vegetable bouillon,Dish
1723,wheat bread crumb,bread crumb,Bakery
1724,white wheat flour,flour,Cereal
1725,baharat,baharat,Spice
1726,baking apple,cooking apple,Fruit
1727,beef sausage,sausage,Dish
1728,bun,hamburger,Bakery
1729,chanterelle mushroom,mushroom,Fungi
1730,chocolate shaving,chocolate,Plant Derivative
1731,crawfish,crawfish,Seafood
1733,fingerling potato,fingerling potato,Vegetable
1734,flat rice noodle,noodle,Cereal
1735,four cheese mexican,cheese,Dairy
1736,gingersnap,ginger,Bakery
1737,glutinous rice flour,glutinous rice,Cereal
1738,green tea,green tea,Beverage
1739,green zucchini,zucchini,Vegetable
1740,jalapeno juice,juice,Beverage
1741,loaf french bread,baguette,Bakery
1742,louisiana sauce,louisiana style sauce,Condiment
1743,mortadella,mortadella,Dairy
1744,naan bread,bread,Bakery
1745,passion fruit juice,passion fruit,Fruit
1746,pastry shell,puff pastry,Bakery
1747,pickling cucumber,pickled cucumber,Vegetable
1748,plum jam,fruit preserve,Fruit
1749,porridge oat,porridge,Cereal
1750,pre mozzarella cheese,cheese,Dairy
1751,rice milk,rice milk,Beverage
1752,seashell pasta,pasta,Cereal
1753,sirloin beef,beef,Meat
1754,spanish rice mix,spanish rice,Cereal
1755,tandoori paste,cherry pepper,Spice
1756,au jus mix,beef,Meat
1757,back bacon,back bacon,Meat
1758,bran cereal,cereal,Cereal
1759,breakfast sausage,breakfast sausage,Meat
1760,bucatini pasta,pasta,Cereal
1762,candy sprinkle,chocolate,Plant Derivative
1763,caramel sauce,spread,Additive
1764,carnation milk,evaporated milk,Dairy
1765,chocolate morsel,chocolate,Plant Derivative
1766,coconut flour,flour,Cereal
1767,corn tortilla strip,corn tortilla,Bakery
1768,cream cheese spread,cheese,Dairy
1769,ear corn cob,corn on the cob,Maize
1770,fruit preserve,fruit preserve,Fruit
1771,fryer chicken,fried chicken,Meat
1772,gorgonzola cheese,gorgonzola,Dairy
1773,icing,icing,Additive
1774,lamb stew meat,lamb,Meat
1775,lemon thyme,lemon,Herb
1776,liver,liver,Meat
1777,new mexico chile powder,new mexico chile,Spice
1778,peach juice,peach,Fruit
1779,peach preserve,peach,Fruit
1780,pot roast,beef,Meat
1781,red salmon,sockeye salmon,Fish
1782,ruby port,wine,Beverage-Alcoholic
1783,salad,salad,Dish
1784,sardine,sardine,Fish
1785,snow pea pod,pea,Legume
1786,tomato jalapeno,tomato,Vegetable
1787,turkey meat,turkey,Meat
1788,white cheese,cheese,Dairy
1789,white sauce,white sauce,Dish
1790,yellow tomato,tomato,Vegetable
1791,bean paste,vanilla,Legume
1792,beef marrow,beef,Meat
1794,cheddar monterey jack cheese,cheese,Dairy
1795,chili bean paste,chili bean,Dish
1796,corn flake crumb,corn,Maize
1797,crust,crust,Bakery
1798,demi glace,demi-glace,Condiment
1799,fruit cocktail,fruit cocktail,Beverage
1800,garlic flake,garlic,Herb
1801,hazelnut liqueur,hazelnut flavored liqueur,Beverage-Alcoholic
1802,king prawn,prawn,Seafood
1803,leaf lettuce,lettuce,Vegetable
1804,lemon curd,lemon,Fruit
1805,mahi fillet,fish,Fish
1806,mesclun,salad,Dish
1807,mincemeat,meat,Meat
1808,orange wedge,orange,Fruit
1809,pappardelle pasta,pappardelle,Cereal
1811,plain white flour,flour,Cereal
1812,pork neck,pork,Meat
1813,red currant,redcurrant,Fruit
1815,roast pork,pork,Meat
1816,sirloin tip steak,top sirloin,Meat
1817,spelt flour,flour,Cereal
1818,steak seasoning,spice mix,Spice
1819,sticky rice,sticky rice,Cereal
1820,stock cube,lamb,Meat
1821,tart shell,tart,Bakery
1822,tomato garlic,tomato,Herb
1823,vegetable bouillon,vegetable bouillon,Dish
1824,vegetable carrot,carrot,Vegetable
1825,wheat lasagna noodle,cannelloni,Cereal
1826,apricot brandy,apricot brandy,Beverage-Alcoholic
1827,bean sauce,bean,Legume
1828,bechamel sauce,bechamel sauce,Condiment
1829,bosc pear,bosc pear,Fruit
1830,calamari,squid,Seafood
1831,caramel,chocolate,Plant Derivative
1832,chard leaf,chard leaf,Vegetable
1833,chicken stock beef,chicken,Meat
1834,chinese sausage,sausage,Dish
1835,clementine,clementine,Fruit
1836,coleslaw,coleslaw,Condiment
1837,cornbread,bread,Maize
1838,currant jelly,redcurrant sauce,Fruit
1839,deli turkey,turkey,Meat
1840,digestive biscuit,biscuit,Bakery
1841,dill leaf,dill,Herb
1842,double crust pie,pie crust,Bakery
1843,flat bread,bread,Bakery
1844,greek salad dressing,salad dressing,Dish
1845,green chili sauce,chili sauce,Condiment
1846,green salsa,salsa verde,Condiment
1847,hamburger meat,hamburger,Bakery
1848,kasuri methi,fenugreek,Spice
1849,mango juice,mango juice,Fruit
1851,oat flour,oat,Cereal
1852,ponzu sauce,ponzu,Condiment
1853,pork sausage link,pork sausage,Meat
1854,red chile powder,red chile powder,Vegetable
1855,spaghettini,spaghetti,Cereal
1856,splenda brown sugar,brown sugar,Additive-Sugar
1858,teriyaki marinade,teriyaki sauce,Condiment
1859,treacle,treacle,Additive
1860,wheat hamburger bun,hamburger,Bakery
1861,winter squash,kabocha,Fruit
1863,agave syrup,agave nectar,Additive
1864,amaretti cooky,amaretti di saronno,Dish
1865,apple butter,apple butter,Fruit
1866,asian chili sauce,chili,Spice
1867,asian pear,asian pear,Fruit
1868,baking mix,baking mix,Dish
1869,balsamic vinaigrette,balsamic vinaigrette,Additive
1870,besan,besan,Cereal
1871,bird eye chile,bird 's eye chile,Vegetable
1872,bitter,lemon,Beverage-Alcoholic
1873,buttery cracker,butter,Dairy
1874,cabbage kimchi,cabbage,Vegetable
1875,cannellini,navy bean,Legume
1876,cherry brandy,fruit brandy,Beverage-Alcoholic
1877,coca cola,soft drink,Beverage
1878,crisco shortening,shortening,Additive
1879,cube steak,beef,Meat
1880,curly leaf parsley,parsley,Spice
1881,egg wash,egg,Meat
1882,grain wild rice,rice,Cereal
1883,greek feta cheese,cheese,Dairy
1884,halibut steak,halibut,Fish
1885,jalapeno jack cheese,cheese,Dairy
1886,lamb cutlet,lamb,Meat
1887,lardons,pork,Meat
1888,leaf thyme,thyme,Herb
1889,macaroni noodle,macaroni,Plant
1890,mango pulp,mango,Fruit
1891,melon,melon,Fruit
1892,methi seed,methi seed,Spice
1893,millet,millet,Cereal
1894,orange section,mandarin orange,Plant Derivative
1895,pistachio pudding mix,pistachio pudding,Dish
1896,pork mince,pork,Meat
1897,snap pea,pea,Legume
1898,soup,soup,Dish
1899,soy flour,soy flour,Plant Derivative
1900,spaghetti sauce mix,tomato sauce,Condiment
1901,spanish olive oil,olive oil,Plant Derivative
1902,sumaq,sumac,Spice
1903,tangerine juice,tangerine juice,Beverage
1904,white cornmeal,white cornmeal,Maize
1905,angel food cake,angel food cake,Dish
1906,asian sesame oil,sesame oil,Essential Oil
1907,avocado oil,avocado,Essential Oil
1908,baby onion,onion,Vegetable
1909,bagel,bagel,Bakery
1910,black forest ham,ham,Meat
1911,caramel topping,caramel,Additive
1912,cashew half,cashew,Nuts and Seeds
1913,chardonnay wine,wine,Beverage-Alcoholic
1914,cheese spread,cheese,Dairy
1915,chocolate cake mix,chocolate,Plant Derivative
1916,citric acid,lemon,Spice
1917,corkscrew macaroni,cavatappi,Cereal
1918,english pea,pea,Legume
1919,green creme de menthe,green creme de menthe,Beverage-Alcoholic
1920,guava,guava,Fruit
1921,hokkien noodle,noodle,Cereal
1922,hunt tomato sauce,tomato sauce,Condiment
1923,kikkoman soy sauce,soy sauce,Condiment
1924,kombu,kombu,Seafood
1925,kumquat,kumquat,Fruit
1926,mango nectar,mango,Plant Derivative
1927,maple extract,syrup,Additive
1928,mexican crema,cream,Dairy
1929,mozzarella,cheese,Dairy
1930,parma ham,ham,Meat
1931,pink bean,bean,Legume
1932,pomegranate syrup,grenadine,Plant Derivative
1933,prosciutto di parma,ham,Meat
1934,queso blanco,cheese,Dairy
1935,red miso,miso,Spice
1936,seasoning italian salad dressing mix,salad dressing,Dish
1937,spanish chorizo,pork,Meat
1938,stone mustard,mustard,Spice
1939,sun tomato paste,tomato,Condiment
1940,taco cheese,cheese,Dairy
1941,thai peanut sauce,peanut sauce,Nuts and Seeds
1942,toor dal,pea,Legume
1943,tripe,tripe,Meat
1944,wheat breadcrumb,bread,Bakery
1945,white creme de cacao,chocolate liqueur,Beverage-Alcoholic
1946,white raisin,white raisin,Fruit
1947,white shoepeg corn,white shoepeg corn,Maize
1948,yellow capsicum,capsicum,Vegetable Fruit
1949,bartlett pear,barlett pear,Fruit
1950,beef chuck steak,chuck steak,Meat
1951,beef tongue,beef,Meat
1952,butterscotch schnapps,chocolate,Plant Derivative
1953,campbell tomato soup,tomato soup,Dish
1954,caramel ice cream topping,cream,Additive
1955,cassava,cassava,Vegetable
1956,chili bean sauce,chili bean,Dish
1957,chocolate bar,chocolate bar,Plant
1958,cinnamon bark,cinnamon,Additive
1959,citrus peel,candied citron peel,Fruit
1960,dark soya sauce,dark soy sauce,Condiment
1961,ditalini,pasta,Cereal
1962,fennel leaf,fennel,Herb
1963,garlic butter,garlic,Dairy
1964,green coriander,coriander,Herb
1965,haricot bean,navy bean,Legume
1966,israeli couscous,semolina,Cereal
1967,italian bread french,bread,Bakery
1968,italian green bean,green bean,Cereal
1969,italian turkey sausage link,italian sausage,Meat
1970,kashmiri chili powder,chili powder,Spice
1971,key lime,key lime,Beverage
1972,oriental flavor ramen noodle,noodle,Cereal
1973,pandan leaf,kewda,Herb
1974,poblano chile pepper,cherry pepper,Spice
1975,pork steak,pork,Meat
1976,raisin bread,bread,Bakery
1977,stew beef chunk,beef,Meat
1978,stuffing mix,stuffing,Dish
1979,vanilla soymilk,vanilla soy milk,Plant Derivative
1980,veal stock,beef,Meat
1981,vegetable oil olive,olive oil,Plant Derivative
1982,yellow hominy,corn,Maize
1983,aleppo pepper,pepper,Spice
1984,barley flour,barley,Cereal
1985,beef rump roast,beef,Meat
1986,black bean garlic sauce,garlic,Condiment
1987,black soy sauce,black soy sauce,Condiment
1988,boursin cheese,cheese,Dairy
1989,cabernet sauvignon wine,wine,Beverage-Alcoholic
1990,cacao,chocolate,Plant Derivative
1991,celery heart,celery,Herb
1992,cherry juice,cherry juice,Beverage
1993,chinese vegetable,vegetarian food,Vegetable
1994,cinnamon raisin bread,bread,Bakery
1995,coffee crystal,instant coffee,Beverage
1996,coffee ice cream,ice cream,Dish
1997,cornbread mix,bread,Dish
1998,dripping,bacon,Meat
1999,fleur de sel,fleur de sel,Additive
2000,french bread italian,bread,Bakery
2001,fruit chutney,fruit chutney,Condiment
2003,goose,goose,Meat
2005,hot chicken broth,chicken soup,Meat
2006,hot noodle,noodle,Cereal
2007,kale leaf,kale,Vegetable
2008,lamb steak,lamb,Meat
2009,loaf bread,meatloaf,Bakery
2010,miso paste,miso,Spice
2011,morel,fungi,Fungus
2012,nuoc nam,fish sauce,Condiment
2014,pancake mix,pancake,Dish
2015,popped popcorn,popcorn,Dish
2016,pork baby back rib,pork,Meat
2017,portobello mushroom cap,mushroom,Fungi
2018,range egg,egg,Meat
2019,red pepper cayenne,chili pepper,Vegetable
2020,red pepper powder,korean chile pepper,Spice
2021,rose wine,wine,Beverage-Alcoholic
2022,rotisserie chicken,rotisserie chicken,Meat
2023,sharp white cheddar cheese,cheese,Dairy
2024,sun tomato pesto,sun dried tomato pesto,Vegetable
2025,tomato green chile,chili,Spice
2026,truffle,truffle,Fungi
2027,turkey broth,turkey broth,Meat
2028,vanilla bean paste,vanilla,Legume
2029,veal shank,veal,Meat
2030,white poppy seed,white poppy seed,Spice
2031,white truffle oil,white truffle,Additive
2032,ajinomoto,salt,Additive
2033,anchovy oil,oil,Additive
2034,anise oil,oil,Additive
2035,apple jelly,apple,Fruit
2036,apple pie spice,spice mix,Spice
2037,beef stock chicken,chicken,Meat
2038,black cumin seed,black cumin,Spice
2039,black salt,black salt,Additive-Salt
2040,bottom roast,beef,Meat
2042,brown button mushroom,mushroom,Fungi
2043,burdock root,ginger,Spice
2044,chayote,chayote,Vegetable
2045,cheese food,cheese,Dairy
2046,chicken turkey,chicken,Meat
2047,chihuahua cheese,cheese,Dairy
2048,chocolate coffee bean,chocolate covered coffee bean,Plant Derivative
2049,cream milk,milk,Dairy
2050,cream wheat,wheat,Cereal
2053,dumpling wrapper,dumpling,Dish
2054,egg bread,egg,Meat
2055,epazote leaf,epazote,Herb
2056,eye roast,beef,Meat
2058,fennel powder,fennel,Herb
2059,fuji apple,fuji apple,Fruit
2060,fusion liqueur,liqueur,Beverage-Alcoholic
2061,garlic olive oil,garlic flavored olive oil,Plant Derivative
2063,grill seasoning,seasoning,Spice
2064,guar gum,guar gum,Plant Derivative
2065,guava nectar,guava nectar,Fruit
2066,italian pork sausage,italian sausage,Meat
2068,jerk seasoning,spice mix,Spice
2069,jiffy cornbread mix,bread,Dish
2070,mackerel,pelagic fish,Fish
2071,marshmallow cream,marshmallow creme,Bakery
2072,masa corn flour,masa,Maize
2073,meat stock,meat,Meat
2074,non milk,milk,Dairy
2076,octopus,octopus,Seafood
2077,oregano flake,oregano,Spice
2078,piri,piri piri,Spice
2079,pita pocket,bread,Bakery
2080,reg,chili powder,Spice
2081,sazon seasoning,spice mix,Spice
2082,seafood,seafood,Seafood
2083,shoulder lamb chop,lamb chop,Meat
2084,spicy mustard,spicy mustard,Condiment
2085,tomato basil,tomato,Vegetable
2086,tostada,tortilla,Dish
2087,vanilla flavoring,vanilla extract,Additive
2088,acinus di pepe pasta,pasta,Cereal
2089,anjou pear,anjou pear,Fruit
2090,baby bella mushroom,mushroom,Fungi
2091,beef dripping,beef dripping,Meat
2092,beef hot dog,hot dog,Dish
2093,beef suet,beef suet,Meat
2095,bottom steak,beef,Meat
2096,cashew butter,cashew,Nuts and Seeds
2097,catfish,catfish,Fish
2098,chipotle chile powder,chipotle,Spice
2099,cranberry bean,cranberry bean,Fruit
2100,english mustard powder,mustard,Spice
2101,flax seed meal,flax,Nuts and Seeds
2102,fritos corn chip,corn chip,Maize
2103,garlic head,garlic,Herb
2104,gemelli pasta,pasta,Cereal
2105,ginger beer,ginger beer,Beverage-Alcoholic
2106,gochujang,chili,Spice
2107,grain,white rice,Cereal
2108,habaneros,chili,Spice
2109,hot italian sausage link,italian sausage,Meat
2110,hot sausage,sausage,Dish
2111,italian meatball,meatball,Dish
2112,korean red pepper paste,cherry pepper,Spice
2113,lemon twist,lemon,Fruit
2114,lovage,lovage,Essential Oil
2115,marjoram leaf,marjoram,Spice
2116,mizithra cheese,cheese,Dairy
2117,oil olive,olive oil,Plant Derivative
2118,pak choi,cabbage,Vegetable
2120,pastry double crust pie,crust,Bakery
2121,raspberry liqueur,raspberry brandy,Beverage-Alcoholic
2122,rotelle pasta,rotell,Cereal
2123,shiitake mushroom cap,mushroom,Fungi
2124,spicy sausage,sausage,Dish
2125,tabasco jalapeno sauce,tabasco sauce,Condiment
2126,tia maria,gin,Bakery
2127,turkey pepperoni,turkey,Meat
2128,vanilla wafer crumb,vanilla wafer,Dish
2129,vegetable stock powder,vegetable stock,Vegetable
2130,velveeta mexican cheese,cheese,Dairy
2131,wheat berry,berry,Berry
2132,wheat bread flour,flour,Cereal
2133,white corn syrup,white corn syrup,Maize
2135,wood ear mushroom,wood ear,Fungi
2136,adzuki bean,adzuki bean,Legume
2137,asparagus tip,asparagus,Vegetable
2138,baby rocket,baby rocket,Vegetable
2140,bean curd,curd,Legume
2141,bing cherry,bing cherry,Fruit
2142,black treacle,treacle,Additive
2143,blood orange,blood orange,Fruit
2144,butter lettuce leaf,lettuce,Vegetable
2145,calorie margarine,margarine,Additive
2146,catalina dressing,french dressing,Condiment
2147,cavatappi pasta,cavatappi,Cereal
2148,chicken breast strip,chicken,Meat
2149,chicken quarter,chicken,Meat
2150,chicken strip,chicken,Meat
2151,chinese chili sauce,chili sauce,Condiment
2152,chipotle chile pepper,chipotle,Spice
2153,chipotle hot sauce,chipotle hot sauce,Condiment
2154,chocolate sprinkle,chocolate,Plant Derivative
2155,clamato juice,clam,Beverage
2158,dog bun,hot dog,Bakery
2159,field mushroom,mushroom,Fungi
2160,fillet salmon,salmon,Fish
2161,fine bread crumb,bread crumbs,Bakery
2162,fruit juice,passion fruit,Fruit
2163,frying oil,oil,Additive
2164,goat meat,meat,Meat
2165,graham cracker pie crust,graham cracker crust,Bakery
2166,graham wafer crumb,graham cracker crust,Bakery
2167,green banana,green banana,Fruit
2168,green chile pepper lengthwise,chili pepper,Vegetable
2169,green chili paste,chili pepper,Vegetable
2170,italian tomato sauce,tomato sauce,Condiment
2171,jalapeno chilies,jalapeno,Spice
2172,kirby cucumber,cucumber,Gourd
2173,liquid pectin,liquid pectin,Additive
2174,mango salsa,mango chutney,Spice
2175,matzo cake meal,cake,dish
2176,mochiko rice flour,rice flour,Cereal
2177,muesli,cereal,Cereal
2179,pancetta bacon,bacon,Meat
2180,paneer,paneer,Dairy
2181,pasilla pepper,pasilla,Vegetable
2182,popcorn,popcorn,Maize
2183,pork stew meat,pork,Meat
2184,ravioli,ravioli,Dairy
2185,red shallot,shallot,Vegetable
2186,rib celery,celery,Herb
2187,rice bran oil,rice,Cereal
2188,rice bubble,rice,Cereal
2189,ricotta salata,cheese,Dairy
2190,sago,sago,Cereal
2191,shell macaroni,pasta,Cereal
2192,soy yogurt,soy yogurt,Dairy
2193,steak grain,steak,Fish
2194,swiss chard leaf,chard,Vegetable
2195,tuna oil,fish oil,Fish
2196,turkish bread,bread,Bakery
2197,venison steak,deer,Meat
2198,bay leaf powder,bay leaf,Plant
2199,beef stock broth,beef broth,Meat
2200,bermuda onion,onion,Vegetable
2201,bottom beef roast,beef,Meat
2203,broccoli stem,broccoli,Flower
2204,calf liver,meat,Meat
2205,canning salt,salt,Additive
2206,caraway,caraway,Spice
2207,chia seed,chia,Nuts and Seeds
2208,chocolate candy bar,chocolate,Plant Derivative
2209,cocktail sauce,cocktail sauce,Condiment
2210,coconut powder,coconut water,Fruit
2211,corn flour,corn starch,Maize
2212,creole mustard,creole mustard,Condiment
2213,dulce de leche,dulce de leche,Dish
2214,frisee,endive,Vegetable
2215,gala apple,gala apple,Fruit
2216,grape jelly,grape,Fruit
2217,green serrano chilies,serrano pepper,Vegetable
2218,hellmann mayonnaise,mayonnaise,Condiment
2219,kelp,kelp,Seafood
2220,kraft italian dressing,salad dressing,Dish
2221,lime jell o gelatin,lime jello,Additive
2222,maui onion,onion,Vegetable
2223,mexican rice,mexican rice,Dish
2224,mint extract,mint,Herb
2225,non vanilla yogurt,yogurt,Dairy
2226,nopales,nopal,Plant
2227,onion juice,onion,Vegetable
2228,pearl tapioca,tapioca,Vegetable
2229,pectin,pectin,Additive
2230,pineapple preserve,pineapple preserve,Fruit
2231,pink peppercorn,corn,Maize
2232,pisco,pisco,Beverage-Alcoholic
2233,pork butt roast,pork,Meat
2234,potato gnocchi,potato,Vegetable Tuber
2235,purple cabbage,red cabbage,Vegetable
2236,red delicious apple,red delicious apple,Fruit
2237,rice powder,rice flour,Cereal
2238,sazon goya con culantro y achiote,spice mix,Spice
2239,sea bass,sea bass,Fish
2240,serrano pepper jalapeno,serrano pepper,Vegetable
2241,silver beet,chard,Vegetable
2242,silver tequila,tequila,Beverage-Alcoholic
2243,spam,pork,Meat
2244,stove stuffing mix,stuffing,Dish
2245,strawberry syrup,strawberry syrup,Plant Derivative
2246,stuffing,stuffing,Additive
2247,sunflower seed oil,sunflower oil,Plant Derivative
2248,taco,taco,Dish
2249,tamale,beef tamale,Dish
2250,thai chile pepper,thai chili,Vegetable
2251,tomato onion garlic,salad dressing,Dish
2252,torn salad green,salad,Dish
2253,tri color spiral pasta,rotini,Cereal
2254,tuna fish,tuna,Fish
2255,veal shoulder,veal,Meat
2256,white radish,white radish,Vegetable
2257,white vermouth,vermouth,Beverage-Alcoholic
2259,artichoke bottom,artichoke,Flower
2260,beef flavor ramen noodle,noodle,Cereal
2261,beef oxtail,beef,Meat
2262,bengal dal,bengal gram,Legume
2263,black bean paste,black bean,Legume
2264,black currant,black currant,Fruit
2265,boston lettuce leaf,lettuce,Vegetable
2266,brown bread,bread,Bakery
2267,buffalo mozzarella,buffalo mozzarella,Dairy
2268,carrot juice,carrot juice,Beverage
2269,cayenne pepper sauce,cayenne pepper,Vegetable
2270,celery flake,cayenne pepper,Herb
2271,cheese sauce,cheese,Dairy
2272,chicken soup,chicken soup,Meat
2273,chinese black mushroom,mushroom,Fungi
2274,chocolate milk,chocolate milk,Beverage
2275,chunk tuna,tuna,Fish
2276,dill pickle relish,dill,Herb
2277,dipping sauce,dipping sauce,Condiment
2278,egg wrapper,egg,Meat
2279,fettuccini pasta,fettuccine,Cereal
2280,file powder,file powder,Herb
2281,filet mignon steak,fish,Fish
2282,fine egg noodle,egg,Meat
2283,frankfurter,frankfurter,Meat
2284,garlic bread,bread,Bakery
2285,golden rum,rum,Beverage-Alcoholic
2286,grain dijon mustard,mustard,Condiment
2287,green asparagus,asparagus,Vegetable
2288,green tea powder,green tea,Beverage
2289,jelly,berry,Berry
2290,lemon lime soda,lemon,Beverage
2291,longhorn cheese,cheese,Dairy
2293,mung dal,moong dal,Legume
2294,onion ring,onion ring,Vegetable
2295,oregano sprig,oregano,Spice
2296,parsley root,parsley,Spice
2297,pepper jack cheese,cheese,Dairy
2298,pink salmon,pink salmon,Fish
2299,pita chip,bread,Bakery
2300,pork back rib,pork,Meat
2301,pork hock,pork,Meat
2303,russian salad dressing,salad dressing,Dish
2304,self rising cornmeal,cornmeal,Maize
2305,sherry vinegar,sherry vinegar,Beverage-Alcoholic
2307,star fruit,star fruit,Fruit
2308,steak sauce,steak sauce,Condiment
2309,stewing chicken,chicken,Meat
2310,stewing lamb,stew lamb,Meat
2311,tart green apple,apple tart,Fruit
2312,tri tip steak,beef,Meat
2313,turnip green,turnip,Vegetable
2314,vinaigrette,vinegar,Plant Derivative
2315,white grape juice,white grape,Fruit
2317,agar,agar,Additive
2318,baby eggplant,eggplant,Vegetable
2319,beef cube steak,beef,Meat
2320,black caviar,black caviar,Fish
2321,black cumin,black cumin,Spice
2322,brownie mix,brownie,Dish
2323,chicory lettuce,chicory,Vegetable
2324,chipotle salsa,salsa,Condiment
2325,chive onion cream cheese,sour cream,Dairy
2326,cocktail onion,onion,Vegetable
2327,coconut sugar,sugar,Additive
2328,coconut water,coconut water,Fruit
2329,conch,snails,Fish
2330,crab meat,crab,Seafood
2331,crimini mushroom,mushroom,Fungi
2332,dark cherry,cherry,Additive
2333,duck leg,duck,Meat
2334,fillet catfish,catfish,Fish
2335,frank red sauce,chili sauce,Condiment
2337,garlic infused olive oil,olive oil,Essential Oil
2338,grouper fillet,grouper,Fish
2339,habanero sauce,chili,Spice
2340,hazelnut oil,hazelnut,Nuts and Seeds
2341,herb stuffing mix,stuffing,Herb
2342,herring,herring,Fish
2343,italian tomato paste,tomato sauce,Condiment
2344,kimchi,kimchi,Dish
2345,lingonberry,lingonberry,Fruit
2346,loaf ciabatta,bread,Bakery
2348,no salt tomato paste,tomato paste,Vegetable
2349,non dairy topping,whipped cream,Dairy
2350,orange food coloring,orange,Additive
2351,peanut sauce,peanut sauce,Nuts and Seeds
2352,pig foot,pig,Meat
2353,pink grapefruit juice,grapefruit,Beverage
2354,plain soymilk,soy milk,Plant Derivative
2355,pouring cream,cream,Dairy
2356,premade puff pastry,puff pastry,Bakery
2357,ranch seasoning mix,spice mix,Spice
2358,red bliss potato,red pontiac,Vegetable
2359,root beer,root beer,Beverage-Alcoholic
2360,sazon goya coriander annatto,coriander,Condiment
2361,sesame paste,tahini,Dish
2363,spanish paprika,paprika,Vegetable
2364,sparkling wine,wine,Beverage-Alcoholic
2365,spring green,scallion,Herb
2366,stevia powder,sugar substitute,Vegetable
2367,tabasco brand chipotle pepper sauce,tabasco sauce,Condiment
2368,taro root,taro,Herb
2369,toffee,toffee,Dish
2370,truffle oil,oil,Additive
2371,veal scallopini,veal,Meat
2372,vegetarian beef,meat analogue,Meat
2373,wedge lime,lime,Fruit
2374,yellow cherry tomato,tomato,Fruit
2375,yellow zucchini,zucchini,Vegetable
2376,albacore tuna,albacore,Fish
2377,almond liqueur,almond,Nuts and Seeds
2379,beef heart,beef,Meat
2380,beef rump,beef,Meat
2381,black rice,black rice,Cereal
2382,blackberry jam,blackberry,Fruit
2383,brinjal,brinjal,Vegetable
2384,butterscotch pudding mix,chocolate,Plant Derivative
2385,calrose rice,calrose rice,Cereal
2386,carom seed,cumin,Spice
2387,catalina salad dressing,french dressing,Condiment
2389,chocolate frosting,chocolate,Plant Derivative
2390,choy sum,choy sum,Vegetable
2391,cinnamon swirl bread,bread,Bakery
2392,co lettuce,romaine lettuce,Vegetable
2393,copha,shortening,Additive
2394,corona beer,beer,Beverage
2395,cranberry juice cocktail,cranberry juice,Beverage
2396,curly endive lettuce,endive,Vegetable
2397,danish blue cheese,cheese,Dairy
2398,espresso coffee powder,instant coffee,Beverage
2399,european cucumber,european cucumber,Vegetable
2400,eye chile,bird 's eye chile,Vegetable
2401,farro,wheat,Cereal
2402,guajillo chile,guajillo chile,Vegetable
2403,jiffy corn muffin mix,corn muffin mix,Maize
2404,karo syrup,syrup,Plant Derivative
2405,limeade,lemon,Beverage
2406,link sausage,sausage,Dish
2407,lukewarm milk,milk,Dairy
2408,maple flavoring,syrup,Plant Derivative
2409,maraschino cherry juice,maraschino cherry,Beverage-Alcoholic
2410,meal flour,flour,Cereal
2412,mint jelly,mint,Fruit
2413,mint sauce,mint,Herb
2414,mole,mole sauce,Condiment
2415,oil canola,canola oil,Plant Derivative
2416,oil vegetable,vegetable oil,Plant Derivative
2417,onion soup,onion,Vegetable
2418,peach half,peach,Fruit
2419,pickapeppa sauce,sauce,Additive
2421,pork leg,pork,Meat
2422,potato reg,potato,Vegetable Tuber
2423,prime rib roast,beef,Meat
2424,process american cheese,cheese,Dairy
2425,purslane,pig,Plant
2426,range chicken,chicken,Meat
2427,rapeseed oil,oil,Additive
2428,rose syrup,rose,Flower
2429,sambhar powder,chili powder,Spice
2430,sazon goya seasoning,spice mix,Spice
2431,sesame,sesame,Cereal
2432,shin beef,beef,Meat
2433,snail,snails,Seafood
2434,sponge cake finger,sponge cake,Bakery
2435,sriracha hot sauce,sriracha sauce,Condiment
2436,thai pepper,thai chili,Vegetable
2437,tomato oil,tomato oil,Vegetable
2438,tostada shell,tortilla,Dish
2439,triple sec liqueur,triple sec,Beverage-Alcoholic
2440,turkey kielbasa,kielbasa,Meat
2441,vegetable stock cube,vegetable stock,Vegetable
2442,vegetarian worcestershire sauce,sauce,Additive
2443,vermicelli rice noodle,rice vermicelli,Cereal
2444,white asparagus,white asparagus,Vegetable
2445,white chicken meat,chicken,Meat
2446,wondra flour,flour,Cereal
2447,zucchini lengthwise,zucchini,Vegetable
2448,adobo sauce chipotle pepper,adobo,Additive
2449,anisette,anise,Spice
2450,baby back rib,beef,Meat
2451,bean dip,bean,Legume
2452,beef loin steak,beef,Meat
2453,bengal,bengal gram,Legume
2454,black cherry,cherry,Additive
2455,black lentil,black lentil,Legume
2456,broccoli coleslaw mix,broccoli slaw,Flower
2457,brown mushroom,mushroom,Fungi
2458,buckwheat groat,buckwheat,Cereal
2459,bulb fennel,fennel,Herb
2460,buttermilk baking mix,baking mix,Dish
2461,carob powder,carob powder,Additive
2462,chevre cheese,cheese,Dairy
2463,chianti wine,wine,Beverage-Alcoholic
2464,chicken drummettes,chicken,Meat
2465,chocolate cookie crumb,amaretti di saronno,Dish
2466,chocolate liqueur,liquor,Beverage-Alcoholic
2467,coffee creamer,coffee,Beverage Caffeinated
2468,colby jack cheese,cheese,Dairy
2469,cornichons,corn,Maize
2470,crisp bacon,bacon,Meat
2471,deli chicken,chicken,Meat
2472,egg yolk water,egg,Meat
2474,extra wide egg noodle,egg,Meat
2475,fajita flour tortilla,tortilla,Dish
2476,fillet tilapia,tilapia,Fish
2477,french bread cube,baguette,Bakery
2478,french bread dough,bread,Bakery
2479,french lentil,lentil,Legume
2480,french onion dip,onion,Vegetable
2481,fruit peel,fruit peel,Fruit
2482,garlic herb seasoning,garlic,Herb
2483,garlic juice,garlic,Herb
2484,glutinous white rice,glutinous rice,Cereal
2485,grouper,grouper,Fish
2486,guava paste,guava paste,Fruit
2487,hamburger bun sesame seed,sesame,Cereal
2488,hard,cheese,Dairy
2489,hot pepper flake,red pepper,Vegetable
2490,hot red pepper,red pepper,Vegetable
2491,kabocha squash,butternut squash,Fruit
2493,kirschwasser,cherry brandy,Beverage-Alcoholic
2494,kohlrabi,kohlrabi,Vegetable
2495,lotus root,lotus root,Plant
2496,lumpia skin,egg roll,Dish
2497,mango puree,mango juice,Fruit
2498,melon liqueur,liquor,Beverage-Alcoholic
2499,methi leaf,methi,Spice
2500,mexican tomato sauce,tomato sauce,Condiment
2501,millet flour,millet,Cereal
2502,multigrain bread,bread,Bakery
2503,nacho chip,tortilla,Dish
2504,no salt ketchup,ketchup,Additive
2505,nonfat cottage cheese,cheese,Dairy
2506,o'brien potato,o'brien potato,Vegetable
2507,onion mushroom soup mix,onion soup,Dish
2508,parsley stem,parsley,Spice
2509,pickling onion,onion,Vegetable
2510,pork shank,pork,Meat
2511,raspberry syrup,raspberry brandy,Plant Derivative
2512,red pesto sauce,cherry pepper,Spice
2513,romaine leaf,romaine lettuce,Vegetable
2514,rose lime juice,lime juice,Beverage
2516,sorghum flour,flour,Cereal
2517,soy margarine,margarine,Additive
2518,spanish peanut,peanut,Nuts and Seeds
2519,sprout,bean sprout,Legume
2520,squid ring,squid,Seafood
2521,strawberry jell o gelatin dessert,strawberry gelatin,Additive
2522,string,green bean,Cereal
2523,szechuan bean sauce,bean,Legume
2524,tang orange crystal,orange,Fruit
2525,tangerine peel,tangerine peel,Fruit
2526,tartar sauce,tartar sauce,Condiment
2527,tea leaf,black tea,Beverage
2528,thai basil leaf,thai basil,Herb
2529,thai chili paste,sweet chili sauce,Condiment
2531,thyme honey,thyme honey,Dish
2532,tomato basil garlic oregano,oregano,Spice
2533,tomato passata,tomato,Vegetable
2534,vanilla powder,vanilla,Legume
2535,veal steak,steak,Fish
2536,vegan butter,butter,Dairy
2537,vegetable juice cocktail,cocktail,Beverage
2538,veggie crumbles,vegetable,Vegetable
2539,vinaigrette dressing,salad dressing,Dish
2540,white rice flour,white rice flour,Cereal
2542,aioli,garlic sauce,Dish
2543,ancho chile pepper,poblano,Vegetable
2544,asian fish sauce,fish sauce,Condiment
2545,baby artichoke,artichoke,Flower
2546,baby octopus,octopus,Seafood
2547,barberry,barberry,Fruit
2548,beef rib roast,prime rib,Meat
2549,beef tenderloin fillet,beef,Meat
2550,biscuit dough,baking mix,Dish
2551,black grape,grape,Fruit
2552,blackening seasoning,spice mix,Spice
2553,blackstrap molasses,molasses,Additive
2555,cajun spice,cajun seasoning,Plant Derivative
2556,chestnut puree,chestnut,Fruit
2557,chicken chunk,chicken,Meat
2558,chicken giblet,chicken,Meat
2559,chicken rice soup,chicken,Meat
2560,chile sauce,hot sauce,Condiment
2561,chinese eggplant,chinese eggplant,Vegetable
2562,chunk chicken,chicken,Meat
2563,cinnamon sugar mixture,cinnamon,Additive
2564,citrus infused vodka,citrus infused vodka,Beverage-Alcoholic
2565,cooking brown rice,instant rice,Cereal
2566,cool whip topping,whipped cream,Dairy
2567,corn oil vegetable,vegetable oil,Plant Derivative
2568,crema,cream,Dairy
2569,cuban bread,bread,Bakery
2571,dark creme de cacao,chocolate liqueur,Beverage-Alcoholic
2572,enchilada mix,enchilada,Condiment
2573,french ladyfinger cooky,ladyfinger,Bakery
2574,galangal root,galangal root,Spice
2575,gingersnap cooky,ginger,Bakery
2576,gravy mix,gravy,Dish
2577,green cherry,cherry,Additive
2578,habanero,chili,Spice
2579,hard cheese,cheese,Dairy
2580,head bok choy,bok choy,Vegetable
2581,heinz ketchup,tomato ketchup,Additive
2582,hibiscus flower,elderberry,Fruit
2583,horseradish cream,cream,Dairy
2584,jalapeno chili,chili,Spice
2585,jalapeno pepper juice,pepper,Spice
2586,kingfish,kingfish,Fish
2587,korean red pepper powder,korean chile pepper,Spice
2588,lard vegetable oil,vegetable oil,Plant Derivative
2589,large mushroom,mushroom,Fungi
2590,laurel leaf,bay leaf,Plant
2591,lea perrins worcestershire sauce,worcestershire sauce,Condiment
2592,leaf basil,basil,Herb
2593,lemon balm,lemon balm,Spice
2594,lemon verbena leaf,lemon,Fruit
2595,log goat cheese,cheese,Dairy
2596,macaroni cheese,cheese,Dairy
2597,mange tout pea,pea,Legume
2598,manicotti shell,pasta,Cereal
2599,masoor dal,dal,Legume
2600,matzo,bread,Bakery
2601,mccormick taco seasoning,spice mix,Spice
2602,mcintosh apple,mcintosh apple,Fruit
2603,milk cream,cream,Dairy
2604,nacho cheese flavor doritos,chile con queso,Dairy
2605,onion paste,onion,Vegetable
2606,orange blossom honey,orange blossom,Plant Derivative
2607,paneer cheese,paneer,Dairy
2608,pizza cheese,cheese,Dairy
2609,potato water,potato,Vegetable Tuber
2610,pudding,pudding,Dish
2611,quail,quail,Meat
2612,recaito,spice mix,Spice
2613,red bean paste,bean,Legume
2614,red table wine,wine,Beverage-Alcoholic
2615,rose essence,rose essence,Essential Oil
2616,roux,sauce,Additive
2617,salad shrimp,shrimp,Seafood
2618,sausage link,sausage,Dish
2619,seafood seasoning,seafood seasoning,Seafood
2620,shortbread cooky,biscuit,Dish
2621,snow pea sprout,pea,Legume
2622,soy milk,soy milk,Plant Derivative
2623,soy mozzarella cheese,cheese,Dairy
2624,spicy pork sausage,pork sausage,Meat
2625,spinach fettuccine,pasta,Cereal
2626,tuna brine,tuna,Fish
2627,vanilla syrup,vanilla syrup,Additive
2628,vegan cream,sour cream,Dairy
2629,vegetarian oyster sauce,vegetarian oyster sauce,Seafood
2630,waffle,waffle,Dish
2631,wheat cereal,cereal,Cereal
2632,wheat cracker,cracker,Bakery
2633,white bread wheat,bread,Bakery
2634,anise flavoring,anise,Spice
2635,apple brandy,fruit brandy,Beverage-Alcoholic
2636,armagnac,armagnac,Beverage-Alcoholic
2637,asian chili garlic sauce,chili powder,Condiment
2638,asian chili paste,chili powder,Vegetable
2639,backfin crab meat,crab,Seafood
2640,bacon strip,bacon,Meat
2641,banana pepper ring,banana pepper,Vegetable
2642,bean black,black bean,Legume
2643,beef shoulder,beef,Meat
2644,beef tip,beef,Meat
2645,beet juice,beet,Vegetable
2646,black greek olive,olive,Plant
2647,black walnut,black walnut,Nuts and Seeds
2648,blade steak,steak,Fish
2649,blueberry pie filling,cherry pie,Dish
2650,bouillon granule,bouillon cube,Meat
2651,bran flake,cereal,Cereal
2652,brine,salt,Additive
2653,broiler chicken,fried chicken,Meat
2654,buffalo meat,buffalo,Meat
2655,butter flavor shortening,shortening,Additive
2656,campbell cheddar cheese soup,cheese,Dairy
2657,cavenders purpose greek seasoning,spice mix,Spice
2658,cheese whiz,cheese,Dairy
2659,cherry preserve,cherry,Additive
2660,chicken leg thigh,chicken,Meat
2661,chinese barbecue pork,chinese barbecue pork,Meat
2663,chocolate chunk,chocolate,Plant Derivative
2664,chocolate wafer,chocolate,Plant Derivative
2665,chorizo,chorizo,Meat
2666,clove powder,clove,Spice
2667,coconut milk powder,coconut milk powder,Plant Derivative
2668,coconut pecan frosting,coconut,Additive
2669,cooking grit,grit,Cereal
2670,corn bread mix,bread,Dish
2671,cornflakes cereal,cornflakes cereal,Maize
2672,cornstarch paste,corn starch,Maize
2673,cream tomato soup,tomato,Vegetable
2674,creme de banane,chocolate liqueur,Beverage-Alcoholic
2675,crookneck yellow squash,squash,Fruit
2676,crystal sugar,sugar substitute,Additive-Sugar
2677,cucumber lengthwise,cucumber,Gourd
2678,deep dish pie crust,pie crust,Bakery
2679,eagle brand milk,milk,Dairy
2680,egg tomato,egg tomato,Dish
2681,extra finely sugar,powdered sugar,Additive-Sugar
2682,extra large shrimp,shrimp,Seafood
2683,garlic sauce,hot sauce,Condiment
2684,globe eggplant,eggplant,Vegetable
2686,gooseberry,gooseberry,Fruit
2687,green taco sauce,sauce,Additive
2688,guava juice,guava,Fruit
2689,ham stock,ham,Meat
2690,hard alcoholic cider,hard alcoholic cider,Beverage-Alcoholic
2691,hershey chocolate syrup,chocolate sauce,Plant Derivative
2692,honey dijon mustard,mustard,Condiment
2693,horseradish root,horseradish,Vegetable
2694,hot red chilies,chili pepper,Vegetable
2695,jellied cranberry sauce,cranberry sauce,Fruit
2696,kewra essence,kewda,Essential Oil
2697,knorr vegetable soup mix,onion soup,Dish
2698,lamb liver,lamb,Meat
2699,lamb rack,lamb,Meat
2700,large curd cottage cheese,cheese,Dairy
2701,lemon leaf,lemon,Fruit
2702,lemon pudding mix,lemon,Dish
2704,loaf italian bread,bread,Bakery
2705,loaf white bread,bread,Bakery
2706,maida flour,flour,Cereal
2707,malt extract,malt,Beverage
2708,mandarin orange section,mandarin orange,Plant Derivative
2709,manzanilla olive,olive,Fruit
2710,mature cheddar cheese,cheese,Dairy
2711,meat beef,beef,Meat
2712,meat chicken,chicken,Meat
2713,meatless sauce,sauce,Additive
2714,meatless spaghetti sauce,tomato sauce,Condiment
2715,mushroom soy sauce,soy sauce,Condiment
2716,new york strip steak,beef,Meat
2717,non cooking spray,cooking spray,Additive
2718,non dairy coffee creamer,coffee,Beverage Caffeinated
2719,orange bitter,bitter orange,Beverage-Alcoholic
2720,pack pumpkin,pumpkin,Fruit
2721,parmesan romano cheese mix,cheese,Dairy
2722,peach nectar,peach,Plant Derivative
2723,pepper onion,onion,Vegetable
2724,pepperoncini pepper juice,pepperoncini,Vegetable
2725,pinot grigio wine,wine,Beverage-Alcoholic
2726,pizza crust dough,pizza,Bakery
2727,polska kielbasa,kielbasa,Meat
2728,pork sirloin roast,pork,Meat
2729,pudding mix,pudding,Dish
2730,rag pasta sauce,sauce,Additive
2731,red burgundy wine,wine,Beverage-Alcoholic
2732,salt white pepper,pepper,Spice
2733,sambal oelek chili paste,chili,Spice
2734,satay sauce,satay sauce,Condiment
2735,shirataki noodle,noodle,Cereal
2736,shortcut bacon,bacon,Meat
2737,sofrito,sofrito sauce,Condiment
2738,soup stock,soup stock,Dish
2739,spanish olive pimento,olive,Plant
2740,strawberry ice cream,strawberry ice cream,Dish
2741,sucanat,sugar substitute,Additive
2742,sugar pumpkin,pumpkin,Fruit
2743,tahini sauce,tahini,Dish
2744,tamarind chutney,tamarind chutney,Plant Derivative
2745,tandoori spice mix,cherry pepper,Spice
2746,tawny port,wine,Beverage-Alcoholic
2747,thai green chili,chili,Spice
2748,toblerone chocolate bar,chocolate bar,Plant
2749,tonic water,tonic water,Beverage
2750,tuna fillet,tuna,Fish
2752,vegan mayonnaise,mayonnaise,Condiment
2753,vegan parmesan cheese,cheese,Dairy
2754,vegetable suet,suet,Dish
2755,vegetarian sausage,sausage,Dish
2756,wattleseed,wattleseed,Nuts and Seeds
2758,white chocolate baking square,white chocolate,Plant Derivative
2760,yellow bean,bean,Legume
2761,zinfandel,zinfandel,Beverage-Alcoholic
2763,advocaat,avocado,Beverage-Alcoholic
2764,agave,agave nectar,Additive
2765,ahi tuna,yellowfin tuna,Fish
2766,albacore tuna water,albacore,Fish
2767,anaheim pepper,new mexico chile,Spice
2768,ancho pepper,poblano,Vegetable
2769,angelica,angelica,Herb
2770,avocado dip,avocado,Essential Oil
2771,baby carrot lengthwise,baby carrot,Vegetable
2772,baby green pea,pea,Legume
2773,barbecue seasoning,spice mix,Spice
2774,beef meat,beef,Meat
2775,beef tip steak,beef,Meat
2776,besan flour,besan,Cereal
2777,bird chile,bird 's eye chile,Vegetable
2778,black tea leaf,black tea,Beverage
2779,black truffle,truffle,Fungi
2780,braising steak,steak,Fish
2781,breadcrumb bread,bread,Bakery
2782,brie,cheese,Dairy
2783,broccoli slaw mix,broccoli slaw,Flower
2784,candlenut,candleberry,Nuts and Seeds
2785,cannelloni tube,pasta,Cereal
2786,carnaroli rice,rice,Cereal
2787,chicken flavor bouillon,chicken,Meat
2788,chinese chive,chive,Vegetable
2789,chinese pea pod,pea,Legume
2790,chinkiang vinegar,black vinegar,Additive-Vinegar
2791,cilantro root,coriander,Herb
2792,coconut essence,coconut,Beverage
2793,coconut meat,coconut,Fruit
2794,cookie,biscuit,Dish
2795,cooking,cooking apple,Fruit
2796,cooking rice,instant rice,Cereal
2797,cool whip lite,whipped cream,Dairy
2798,coriander cilantro,coriander,Herb
2799,cream onion soup,onion,Vegetable
2800,dark cooking chocolate,dark chocolate,Plant
2801,dark rye bread,bread,Bakery
2802,deep dish pie shell,pie,Bakery
2803,deep frying oil,oil,Additive
2804,dill pickle spear,dill,Herb
2805,dish pie shell,crust,Bakery
2806,double cream heavy,cream,Dairy
2807,dream whip,whipped cream,Dairy
2808,dutch cocoa,cocoa,Seed
2809,edible silver foil,chard,Vegetable
2810,equal sugar substitute,sugar substitute,Vegetable
2811,fiddlehead,fiddlehead,Vegetable
2812,fillet cod,cod,Fish
2813,french haricot vert,kidney beans,Legume
2814,french vanilla ice cream,ice cream,Dish
2815,fruit raisin,raisin,Fruit
2816,garlic sausage,garlic sausage,Meat
2817,garlic scape,garlic,Herb
2818,ginger snap,ginger,Spice
2819,gluten soy sauce,soy sauce,Condiment
2820,godiva chocolate liqueur,vodka,Beverage-Alcoholic
2821,green jalapeno pepper,pepper,Spice
2822,green olive brine,olive,Plant
2823,grenadine syrup,grenadine,Plant Derivative
2824,hamburger patty,hamburger,Bakery
2826,hot oil,oil,Additive
2827,iceberg lettuce leaf,lettuce,Vegetable
2828,jack daniel whiskey,whiskey,Beverage-Alcoholic
2829,japanese cucumber,cucumber,Gourd
2830,jumbo egg,egg,Meat
2831,kluski noodle,pasta,Cereal
2832,lamb kidney,lamb,Meat
2833,lamb neck,lamb,Meat
2834,lamb rib chop,lamb,Meat
2836,lemon cake mix,cake,Dish
2837,lime sherbet,lime,Fruit
2838,liquid egg substitute,egg substitute,Dish
2839,loin lamb,loin lamb,Meat
2840,maple sugar,sugar,Additive
2841,mar bar,chocolate bar,Plant
2842,meat broth,broth,Vegetable
2843,mexican beer,mexican beer,Beverage-Alcoholic
2844,nacho cheese soup,cheese,Dish
2845,nacho cheese tortilla chip,tortilla,Dish
2846,nonfat vanilla yogurt,vanilla yogurt,Dairy
2847,oaxaca cheese,cheese,Dairy
2848,oil lard,oil,Additive
2849,orange lentil,orange,Fruit
2850,orzo,orzo,Cereal
2851,pancake syrup,syrup,Plant Derivative
2852,patis,fish,Fish
2853,peach liqueur,peach,Fruit
2854,pepperoncini,pepperoncini,Vegetable
2855,peri,peri peri,Spice
2856,pheasant,pheasant,Meat
2857,pie apple,apple pie,Fruit
2858,pita pocket bread,bread,Bakery
2859,polish kielbasa,kielbasa,Meat
2860,pudding rice,rice pudding,Cereal
2861,purple potato,potato,Vegetable Tuber
2862,red caviar,red caviar,Fish
2863,red grapefruit,grapefruit,Beverage
2864,rindless bacon,bacon,Meat
2865,rock sugar,sugar,Additive
2866,ruby red grapefruit juice,grapefruit juice,Beverage
2867,rum flavoring,rum,Beverage-Alcoholic
2868,russet baking potato,russet potato,Vegetable Tuber
2869,rustic bread,bread,Bakery
2870,rye cocktail bread,bread,Bakery
2871,scotch,scotch whiskey,Beverage-Alcoholic
2872,shichimi togarashi,shichimi,Spice
2873,shiso leaf,shiso leaf,Herb
2874,smelt,smelt,Fish
2875,soda cracker,cracker,Bakery
2876,spaetzle noodle,pasta,Cereal
2877,stir fry beef,beef,Meat
2878,strawberry liqueur,strawberry,Fruit
2879,sugar icing,icing sugar,Additive-Sugar
2880,taco chip,taco,Dish
2881,tart cooking apple,apple tart,Fruit
2882,tomato chutney,tomato chutney,Condiment
2883,tomato vegetable juice cocktail,vegetable juice,Beverage
2884,tony chachere seasoning,spice mix,Spice
2885,turkey chicken,chicken,Meat
2886,veal chop,veal,Meat
2887,vegetable broccoli,broccoli,Flower
2888,wax bean,bean,Legume
2889,white crab meat,white crab meat,Seafood
2890,white grape,white grape,Fruit
2891,white tuna water,tuna,Fish
2892,white zinfandel wine,white zinfandel,Beverage-Alcoholic
2893,amchur powder,amchoor,Spice
2894,anise liqueur,anise,Beverage-Alcoholic
2896,basil chiffonade,basil,Herb
2897,bean pork,pork and beans,Dish
2898,bean thread,bean,Legume
2899,beef tamale,beef tamale,Dish
2900,beet leaf,beet,Vegetable
2901,black fungus,pepper,Spice
2902,bologna,meat,Meat
2903,bolognese sauce,sauce,Additive
2904,breadstick dough,dough,Cereal
2905,brown bean sauce,bean,Legume
2906,brown sauce,sauce,Additive
2907,butter flavor crisco,shortening,Additive
2908,calorie mayonnaise,mayonnaise,Condiment
2909,canola oil cooking spray,canola oil,Plant Derivative
2910,cheese curd,cheese,Dairy
2911,cheez whiz,cheese,Dairy
2912,cherry syrup,cherry,Additive
2913,chicken gizzard,chicken,Meat
2914,chicken stock water,chicken,Meat
2915,chile de arbol pepper,chili de arbol pepper,Spice
2916,chinese duck sauce,duck,Meat
2917,chinese mustard,mustard,Spice
2918,cornbread stuffing mix,bread,Dish
2919,cornstarch roux,corn starch,Maize
2920,crab boil,crab boil,Seafood
2921,cranberry juice concentrate,cranberry juice,Beverage
2922,creamy goat cheese,cheese,Dairy
2923,crisp rice cereal,rice,Cereal
2924,dark chicken meat,chicken,Meat
2925,dark chili powder,chili powder,Vegetable
2926,dashi powder,dashi,Dish
2928,dessert topping,topping,Additive
2929,devil food cake mix,devil's food cake,Dish
2931,durkee onion,onion,Vegetable
2932,eel,eel,Seafood
2933,english walnut,walnut,Nuts and Seeds
2934,erythritol,erythritol,Additive
2935,fettuccini noodle,fettuccine,Cereal
2936,french bread lengthwise,baguette,Bakery
2937,fusilli pasta,pasta,Cereal
2938,garbanzo flour,gram flour,Legume
2939,ginger syrup,ginger,Plant Derivative
2940,glace ginger,ginger,Spice
2941,graham wafer,graham cracker,Bakery
2942,grain bun,hamburger,Bakery
2943,green cardamom seed,cardamom,Spice
2944,green pepper strip,pepper,Spice
2945,green salad,green salad,Vegetable
2946,green shrimp,shrimp,Seafood
2947,guajillo chile pepper,guajillo chile,Vegetable
2948,hawaiian bread,bread,Bakery
2949,head escarole,endive,Vegetable
2950,head green cabbage,cabbage,Vegetable
2951,head red cabbage,head red cabbage,Vegetable
2953,hunt tomato paste,tomato paste,Vegetable
2954,irish cream liqueur,cream,Beverage-Alcoholic
2955,italian chicken sausage,chicken,Meat
2956,italian hoagie bun,bun,Bakery
2957,italian vegetable,italian vegetable,Vegetable
2958,jalapeno pepper lengthwise,jalapeno,Spice
2959,japanese mayonnaise,mayonnaise,Condiment
2960,jerusalem artichoke,artichoke,Flower
2961,kamaboko,kamaboko,Seafood
2962,kefalotiri,kefalotiri,Dairy
2963,knorr chicken bouillon,bouillon cube,Meat
2964,kosher dill pickle,dill,Herb
2965,kraft parmesan cheese,cheese,Dairy
2966,large marshmallow,marshmallow,Bakery
2967,lavash bread,bread,Bakery
2968,lemon yogurt,yogurt,Dairy
2969,lemonade mix,lemonade,Beverage
2970,lime gelatin,lime,Fruit
2971,lingonberry preserve,lingonberry,Fruit
2972,live lobster,lobster,Seafood
2973,lotus seed,lotus seed,Nuts and Seeds
2974,macadamia,macadamia,Nuts and Seeds
2975,macadamia nut oil,macadamia nut,Essential Oil
2976,macaroni cheese mix,cheese,Dish
2977,macaroon,macaroon,Dish
2978,mace blade,nutmeg,Spice
2979,meal bread,bread,Bakery
2980,metaxa brandy,metaxa brandy,Beverage-Alcoholic
2981,meyer lemon,lemon,Fruit
2982,morton lite salt,salt,Additive
2983,no cook lasagna noodle,pasta,Cereal
2984,oil peanut,peanut oil,Plant
2985,olive vegetable oil,olive oil,Plant Derivative
2986,orange jell o,lime jello,Additive
2987,orange liqueur juice,orange juice,Fruit
2988,orange twist,orange,Fruit
2989,parmesan,cheese,Dairy
2990,pawpaw,asimina,Fruit
2991,peppadew pepper,peppadew,Vegetable
2992,peppermint candy,peppermint,Additive
2993,pie dough,dough,Cereal
2994,piquillo pepper,pepper,Spice
2995,plain gelatin,gelatin,Additive
2996,pork liver,pork,Meat
2997,pork sauce,pork,Meat
2998,prego spaghetti sauce,tomato sauce,Condiment
2999,puff pastry shell,puff pastry,Bakery
3000,red hot pepper,red pepper,Vegetable
3001,red onion ring,red onion,Vegetable
3002,red pepper yellow,pepper,Spice
3003,red plum,plum,Fruit
3004,red swiss chard,chard,Vegetable
3005,rib eye,rib eye steak,Meat
3007,rub,spice rub,Herb
3008,sambal chili paste,sambal,Dish
3009,scotch whiskey,scotch whiskey,Beverage-Alcoholic
3010,screwpine leaf,screwpine leaf,Herb
3011,seafood stock,fish stock,Seafood
3012,season italian dressing,salad dressing,Dish
3013,sesame oil vegetable,vegetable oil,Plant Derivative
3014,sichuan peppercorn,sichuan pepper,Spice
3015,southwest seasoning,southwest seasoning,Spice
3016,spinach tortilla,tortilla,Dish
3017,starch,potato starch,Vegetable
3018,stock chicken,chicken,Meat
3019,strawberry gelatin,strawberry gelatin,Additive
3020,sugar maple syrup,maple syrup,Additive
3021,sugar vanilla pudding mix,vanilla pudding,Dish
3022,taco meat,meat,Meat
3023,tandoori masala,tandoori masala,Spice
3024,tex mex cheese,cheese,Dairy
3025,thai rice noodle,pad thai,Cereal
3026,tomato bouillon,tomato flavoured bouillon,Dish
3027,tomato green pepper onion,salad,Dish
3028,unsulphured molasses,molasses,Additive
3029,vanilla wafer cooky,vanilla wafer,Dish
3030,vegetable cooking spray,cooking spray,Additive
3031,vegetarian chicken,chicken,Meat
3032,venison roast,venison roast,Meat
3033,wedge lemon,lemon,Fruit
3034,wesson oil,oil,Additive
3035,wheel brie cheese,cheese,Dairy
3036,white horseradish,horseradish,Vegetable
3037,white tuna,escolar,Fish
3038,wild blueberry,blueberry,Fruit
3040,yellow moong dal,yellow moong bean,Legume
3041,almond half,almond,Nuts and Seeds
3042,almond nut,almond,Nuts and Seeds
3043,amchoor powder,amchoor,Spice
3044,amchur,amchoor,Spice
3045,amish friendship bread starter,bread,Bakery
3046,anchovy filet,anchovy,Fish
3047,angel flake coconut,coconut cake,Fruit
3048,asian chili oil,chili oil,Plant Derivative
3049,au jus sauce,sauce,Additive
3050,baby beet,beet,Vegetable
3051,bake buttermilk flaky biscuit,biscuit,Bakery
3053,banana lengthwise,banana,Fruit
3054,beef blade roast,roast beef,Meat
3055,beef cap,beef,Meat
3056,beef neck,beef,Meat
3057,beef soup,beef,Meat
3058,beef stock powder,beef stock,Meat
3059,black mission fig,mission fig,Fruit
3060,bodied red wine,wine,Beverage-Alcoholic
3061,borlotti bean,borlotti bean,Legume
3062,brand rice,rice,Cereal
3063,bread white,bread,Bakery
3065,butter cooking spray,cooking spray,Additive
3066,cactus,cactus,Plant
3067,cake pastry flour,flour,Cereal
3068,calabaza squash,calabaza,Fruit
3069,calorie bread,bread,Bakery
3070,calorie sweetener,sugar,Additive
3071,campbell french onion soup,soup,Dish
3072,campbell golden mushroom soup,mushroom,Dish
3073,campbell southwest pepper jack soup,monterey jack,Dairy
3074,candy,candy bar,Additive
3076,cauliflower head,cauliflower,Flower
3078,cereal,granola cereal,Cereal
3079,chai tea,tea,Beverage
3080,char siu sauce,sauce,Additive
3081,chicken ramen noodle,chicken,Meat
3082,chicken seasoning,spice mix,Spice
3083,chocolate sandwich cooky,biscuit,Bakery
3084,ciabatta bread,bread,Bakery
3085,clam broth,clam juice,Beverage-Alcoholic
3086,cocoa mix,cocoa,Seed
3087,cod fish,cod,Fish
3088,colby,cheese,Dairy
3089,coleslaw mix cabbage carrot,coleslaw,Condiment
3090,comte cheese,cheese,Dairy
3091,corn flake cereal,cereal,Cereal
3092,corn niblet,sweet corn,Maize
3093,cornstarch water,corn starch,Maize
3094,cream cheese frosting,cheese,Dairy
3095,cream cheese herb,cheese,Dairy
3096,cream half,cream,Dairy
3097,cream soda,cream,Dairy
3098,cream whipping,whipped cream,Dairy
3099,creamy butter,peanut butter,Additive
3100,crisco cooking oil,cooking oil,Additive
3101,curry sauce,sauce,Additive
3102,dark muscovado sugar,muscovado,Additive-Sugar
3103,de arbol,chili pepper,Vegetable
3104,deli beef,roast beef,Meat
3105,dungeness crab,crab,Seafood
3107,escargot,escargot,Seafood
3108,extra oil,olive oil,Plant Derivative
3109,flavor fruit jam,jam,Fruit
3110,french onion ring,onion ring,Vegetable
3111,fruit strawberry,strawberry,Fruit
3112,funghi porcini,porcini,Fungi
3113,gem lettuce,lettuce,Vegetable
3114,graham flour,flour,Cereal
3116,green pepper ring,chili pepper,Vegetable
3117,gyoza skin,wonton,Herb
3118,hard apple cider,hard apple cider,Beverage-Alcoholic
3119,heath candy bar,heath candy bar,Plant
3120,herbes de,herbes de provence,Herb
3121,hickory smoke salt,smoked salt,Additive-Salt
3122,honey peanut,honey,Plant Derivative
3123,horseradish mustard,mustard,Condiment
3124,hot coffee,hot coffee,Beverage
3125,irish mist liqueur,irish mist,Beverage-Alcoholic
3126,jalapeno pepper cheese,cheese,Dairy
3127,jello gelatin,gelatin,Additive
3128,jelly bean,jelly bean,Dish
3129,jerk sauce,sauce,Additive
3130,jimmy dean sausage,sausage,Dish
3131,key lime zest,lime,Fruit
3132,kirsch liqueur,kirsch,Beverage-Alcoholic
3134,korean chili paste,chili oil,Plant Derivative
3135,lamb backstraps,lamb,Meat
3136,lemon balm leaf,lemon balm,Spice
3137,lemon gelatin,gelatin,Additive
3138,lemon myrtle,lemon,Fruit
3139,lemon sorbet,lemon,Fruit
3140,lettuce green,lettuce,Vegetable
3141,manila clam,venerupis phillippinarum,Seafood
3142,matcha green tea powder,green tea,Beverage
3143,milk chocolate candy bar,candy bar,Plant
3144,milk chocolate melt,chocolate milk,Beverage
3145,milk mozzarella,mozzarella,Dairy
3146,moisture part mozzarella cheese,mozzarella,Dairy
3147,monkfish,monkfish,Fish
3149,napa cabbage leaf,napa cabbage,Vegetable
3150,natural almond,almond,Nuts and Seeds
3151,non dairy milk substitute,milk substitute,Dish
3152,nonstick vegetable cooking spray,cooking spray,Additive
3153,nut almond,almond,Nuts and Seeds
3154,nut walnut,walnut,Nuts and Seeds
3155,oil vinegar dressing,vinegar,Plant Derivative
3156,orange roughy fillet,orange,Fruit
3157,orange sherbet,orange,Beverage
3158,ortega taco seasoning,spice mix,Spice
3159,peanut butter chip,peanut butter,Additive
3160,peanut oil corn,peanut oil,Plant Derivative
3161,pear half,dried fruit,Fruit
3162,petite pea,pea,Legume
3163,picante salsa,salsa,Condiment
3164,pickling,pickling salt,Additive-Salt
3165,pie pastry,pastry,Bakery
3166,pignoli nut,pine nut,Nuts and Seeds
3167,pinhead oat,pinhead oat,Cereal
3168,pizza sauce spaghetti,tomato sauce,Condiment
3169,plain breadcrumb,bread crumb,Bakery
3170,pork broth,pork broth,Meat
3171,pork loin steak,pork lion,Meat
3172,pork meat,pork,Meat
3173,pork stock,pork stock,Meat
3174,portuguese bread,bread crumb,Bakery
3175,purpose seasoning,purpose seasoning,Spice
3176,ranch dip mix,ranch dressing,Condiment
3177,range egg yolk,egg,Meat
3178,reblochon cheese,cheese,Dairy
3179,red date,jujube,Fruit
3180,red jalapeno,jalapeno,Spice
3181,red pasta sauce,pasta,Dish
3182,remoulade sauce,remoulade,Condiment
3184,roast beef gravy,roast beef,Meat
3185,romano bean,bean,Legume
3186,rotini noodle,noodle,Cereal
3187,salsa con queso,chile con queso,Condiment
3188,sardine oil,oil,Additive
3189,shimeji mushroom,mushroom,Fungi
3190,shrimp stock,shrimp stock,Seafood
3191,soman noodle,noodle,Cereal
3192,southeast asian fish sauce,fish sauce,Condiment
3193,soybean paste,soybean paste,Plant Derivative
3194,spicy hot,water,Additive
3195,strawberry jelly,strawberry jelly,Fruit
3196,sumac powder,sumac powder,Spice
3197,sunflower oil vegetable,vegetable oil,Plant Derivative
3198,swordfish,swordfish,Fish
3199,tangerine zest,tangerine zest,Fruit
3200,tenderloin,beef,Meat
3201,thai seasoning,seasoning,Spice
3202,tomato olive oil,tomato flavored olive oil,Plant Derivative
3203,tomato onion,salad,Dish
3204,tomato pesto,pesto,Dish
3205,tri tip roast,trip tip,Meat
3206,turkey breast tenderloin,turkey,Meat
3207,turkey ham,ham,Meat
3208,turkey leg,turkey,Meat
3209,turkey stock,turkey,Meat
3210,vanilla custard powder,vanilla custard,Dish
3211,veal stock beef,beef stock,Meat
3212,vegetable seasoning,vegetable,Vegetable
3213,vegetarian bacon,vegetarian bacon,Meat
3214,veggie burger,burger,Dish
3215,vermicelli pasta,pasta,Cereal
3216,wheat egg noodle,egg,Meat
3217,wheat linguine,linguine,Cereal
3218,wheat rotini,rotini,Cereal
3219,white pea bean,pea,Legume
3221,yellow chile,yellow chile,Vegetable
3222,yellow corn,maize,Maize
3223,yellow miso,miso,Spice
3225,ancho chili pepper,pepper,Spice
3226,annatto oil,annatto oil,Plant Derivative
3227,apple juice orange,orange juice,Fruit
3228,arabic spice,spice mix,Spice
3229,azuki bean,adzuki bean,Legume
3230,baby dill pickle,dill,Herb
3231,baby leek,leek,Vegetable
3232,baby swiss cheese,cheese,Dairy
3233,bacardi rum,rum,Beverage-Alcoholic
3234,baker german chocolate,baker german chocolate,Plant
3235,bamboo,bamboo,Plant
3236,beef ravioli,beef ravioli,Dish
3237,beef rib eye roast,beef,Meat
3238,beef sirloin tip,beef,Meat
3239,beef stock vegetable,beef stock,Meat
3240,blue cheese dressing,cheese,Dairy
3241,blue cheese salad dressing,cheese,Dairy
3242,blue food coloring,blue,Additive
3243,boil rice,rice,Cereal
3244,breadfruit,breadfruit,Fruit
3245,brown ale,ale,Beverage-Alcoholic
3246,brown rice vinegar,brown rice vinegar,Additive-Vinegar
3247,buffalo,buffalo,Meat
3248,buffalo wing sauce,buffalo wing sauce,Condiment
3249,cabbage carrot coleslaw mix,coleslaw,Condiment
3250,caerphilly cheese,cheese,Dairy
3251,caper salt,salt,Additive
3252,carambola,carambola,Fruit
3253,caramel syrup,syrup,Plant Derivative
3254,carb flour tortilla,low carb flour tortilla,Bakery
3255,caribbean jerk marinade,sauce,Additive
3256,cashew nut paste,cashew nut,Nuts and Seeds
3257,castor sugar,sucrose,Additive-Sugar
3258,champignon mushroom,mushroom,Fungi
3259,cherry heering,cherry,Additive
3260,cherry liqueur,cherry,Additive
3261,chicken back,chicken,Meat
3262,chicken gravy,chicken,Meat
3263,chicken noodle soup mix,chicken,Meat
3264,chicken stock broth,chicken,Meat
3265,chinese celery,celery,Herb
3266,chinese wheat noodle,wheat,Cereal
3267,chinese white rice vinegar,rice wine,Beverage-Alcoholic
3268,chipotle chile adobo sauce,chipotle chile in adobo,Vegetable
3269,chive blossom,chive,Vegetable
3270,chocolate hazelnut nutella,chocolate hazelnut spread,Additive
3271,chocolate hazelnut spread,chocolate hazelnut spread,Additive
3272,chocolate wafer crumb,chocolate wafer,Additive
3273,cocktail mix,cocktail mix,Dish
3274,cooking couscous,cooking couscous,Cereal
3275,cooky,amaretti di saronno,Dish
3276,corn oil peanut,corn oil peanut,Plant Derivative
3277,cream asparagus soup,cream asparagus soup,Dish
3278,cream cheese chive,sour cream,Dairy
3279,creamy salad dressing,salad dressing,Dish
3280,culantro,coriander,Herb
3281,dal,lentils,Legume
3282,dark cocoa,dark chocolate,Plant
3283,double gloucester cheese,cheese,Dairy
3284,dukkah,spice mix,Spice
3285,dumpling,dumpling,Dish
3286,earl grey tea,tea,Plant
3287,elderberry,elderberry,Fruit
3288,ener egg substitute,egg substitute,Dish
3289,extra large egg yolk,egg,Meat
3290,fatty bacon,bacon,Meat
3291,fine herbes,powdered sugar,Additive-Sugar
3292,flax seed oil,linseed oil,Essential Oil
3293,foie gras,foie gras,Dish
3294,french vanilla coffee creamer,,Dish
3295,fruit pectin,fruit pectin,Additive
3296,fryer,fried chicken,Meat
3298,ginger marmalade,ginger marmalade,Additive
3299,ginger wine,ginger wine,Beverage-Alcoholic
3300,gingersnap cookie,biscuit,Bakery
3301,gingersnap crumb,pie crust,Bakery
3302,glace pineapple,pineapple,Beverage
3303,green chile paste,green curry,Vegetable
3304,green ginger,ginger,Spice
3305,green maraschino cherry,maraschino cherry,Beverage-Alcoholic
3306,green mushroom,mushroom,Fungi
3307,green tea leaf,green tea leaf,Beverage
3308,hawaiian sea salt,hawaiian sea salt,Additive-Salt
3309,hazelnut meal,hazelnut,Nuts and Seeds
3310,heather honey,heather honey,Plant Derivative
3311,herb seasoning mix,spice mix,Spice
3312,hickory bacon,hickory bacon,Meat
3313,hickory barbecue sauce,barbecue sauce,Condiment
3314,honeydew,honeydew melon,Fruit
3315,hot red chile,chili,Spice
3316,irish moss,chondrus crispus,Herb
3317,italian salami,salami,Fish
3318,jagermeister,jagermeister,Beverage-Alcoholic
3319,jalapeno pepper serrano,serrano pepper,Vegetable
3320,jalapeno sauce,salsa (sauce),Condiment
3321,jalapeno seasoning salt,seasoned salt,Additive-Salt
3322,jamaican jerk seasoning,jerk (cooking),Spice
3323,jigger triple sec,triple sec liqueur,Beverage-Alcoholic
3324,jigger vodka,vodka,Beverage-Alcoholic
3326,kipfler potato,kipfler potato,Vegetable
3328,kittencal taco seasoning mix,spice mix,Spice
3330,kraft italian salad dressing,italian dressing,Condiment
3331,lamb leg steak,lamb,Meat
3332,lavender honey,lavender honey,Plant Derivative
3333,leaf oregano,oregano,Spice
3334,lemon essence,lemon,Fruit
3335,lemon grass root,lemon grass,Vegetable
3336,lime powder,lime powder,Spice
3337,link italian sausage,italian sausage,Meat
3338,liquid seasoning,spice mix,Spice
3339,liverwurst,sausage,Dish
3340,locatelli cheese,cheese,Dairy
3341,maple bacon,bacon,Meat
3342,marie biscuit,marie biscuit,Bakery
3343,meat pork,meat pork,Meat
3344,melba toast,bread,Bakery
3345,mexican cornbread mix,bread,Dish
3347,mochiko,rice flour,Cereal
3348,mustard paste,mustard,Spice
3349,nacho cheese,chile con queso,Dairy
3350,nanami togarashi,spice mix,Spice
3351,non greek yogurt,strained yogurt,Dairy
3352,nonstick vegetable oil cooking spray,cooking spray,Additive
3353,olive tapenade,tapenade,Dish
3354,onion white,white onion,Vegetable
3355,orange soda,orange,Fruit
3356,orecchiette pasta,pasta,Cereal
3357,oven cooking,cooking apple,Fruit
3358,oven lasagna noodle,cannelloni,Cereal
3359,panettone,bread,Bakery
3360,papaya nectar,papaya,Fruit
3361,pasta dough,pasta,Cereal
3362,pasta sauce mushroom,pasta,Dish
3363,peach syrup,peach syrup,Plant Derivative
3364,peanut oil sunflower,peanut oil,Plant
3365,pepper ring,jalapeno,Spice
3366,persimmon pulp,persimmon,Herb
3367,pico de gallo salsa,pico de gallo,Condiment
3368,pina colada nonalcoholic drink mix,pina colada,Dish
3369,pinot noir wine,wine,Beverage-Alcoholic
3370,pita,bread,Bakery
3371,pizza seasoning,spice mix,Spice
3372,pomelo fruit,pomelo,Fruit
3373,poppy seed filling,poppy seed roll,Spice
3374,porterhouse steak,steak,Fish
3375,portuguese chourico,pork sausage,Meat
3376,prosecco,wine,Beverage-Alcoholic
3377,purple plum,plum,Fruit
3378,purpose dinner crepe batter,pancake,Dish
3379,queso fresco cheese,queso blanco,Dairy
3380,quince paste,cheese,Fruit
3381,raclette cheese,raclette,Dairy
3382,raspberry jelly,raspberry,Fruit
3383,red bird eye chili,chili pepper,Vegetable
3384,red fresno chile,chili pepper,Vegetable
3385,red maraschino cherry,red maraschino cherry,Fruit
3386,red paprika,paprika,Vegetable
3387,red raspberry,raspberry,Fruit
3388,red rice,rice,Cereal
3389,sage sprig,sage,Herb
3391,salt beef,corned beef,Meat
3392,salt seasoning,seasoned salt,Additive-Salt
3393,sandwich,sandwich,Dish
3394,sauvignon blanc wine,sauvignon blanc,Beverage-Alcoholic
3395,serrano chile,serrano pepper,Vegetable
3396,sirloin roast,top sirloin,Meat
3397,smart balance butter spread,butter,Dairy
3398,soya flour,flour,Cereal
3399,soya milk,soy milk,Plant Derivative
3400,sparkling white wine,wine,Beverage-Alcoholic
3401,spicy italian sausage,italian sausage,Meat
3402,stew vegetable,stew vegetable,Vegetable
3404,tamarind extract,tamarind extract,Plant Derivative
3405,tobiko,fish egg,Fish
3406,tomato salsa,salsa,Condiment
3407,turkey gravy,turkey gravy,Meat
3408,turkey tenderloin,turkey,Meat
3409,umeboshi,umeboshi,Fruit
3410,valencia orange,valencia orange,Fruit
3411,veal scallop,scallop,Seafood
3412,vegetable chicken stock,chicken,Meat
3413,vegetable oil corn,vegetable oil,Plant Derivative
3414,vegetable soup,vegetable soup,Dish
3415,vegetable soup mix,onion soup,Dish
3416,vol au vent case,pastry,Vegetable
3417,walla onion,walla onion,Vegetable
3418,wheat english muffin,english muffin,Bakery
3419,wheat macaroni,wheat macaroni,Cereal
3420,white bread cube,bread,Bakery
3421,white corn kernel,white corn kernel,Maize
3422,white meat chicken,chicken,Meat
3423,yellow rice mix,yellow rice,Cereal
3424,young ginger root,ginger,Spice
3426,agar flake,agar,Additive
3427,ahi tuna steak,yellowfin tuna,Fish
3428,almond oil,almond,Nuts and Seeds
3429,alphabet pasta,pasta,Cereal
3430,andes mint candy,mentha,Herb
3431,baby back pork rib,pork,Meat
3432,baby corn cob,baby corn,Maize
3433,bay shrimp,shrimp,Seafood
3434,bean soup mix,bean soup mix,Dish
3435,beau monde seasoning,spice mix,Spice
3436,beef burger,hamburger,Bakery
3437,beef consomme soup,consomme,Meat
3438,beef rib eye steak,rib eye steak,Meat
3439,beef stock bouillon,beef stock,Meat
3440,beef stock consomme,beef stock,Meat
3441,berry sugar,sugar,Additive
3442,biscuit baking mix,baking mix,Dish
3443,biscuit crumb,biscuit crumb,Bakery
3444,bitter chocolate,chocolate,Plant Derivative
3445,black dal,gram bean,Legume
3446,black plum,plum,Fruit
3447,bleu cheese salad dressing,cheese,Dairy
3448,blood orange juice,orange juice,Fruit
3449,bonnet chile pepper,bonnet chile pepper,Vegetable
3451,bread butter pickle,bread and butter pickle,Dish
3452,bread wheat,bread,Bakery
3453,broccoli carrot cauliflower mix,broccoli slaw,Flower
3454,brown breadcrumb,bread crumb,Bakery
3455,bulk hot italian sausage,italian sausage,Meat
3456,butter cracker,butter,Dairy
3457,butter shortening,shortening,Additive
3458,cake mix,cake,Dish
3459,california avocado,avocado,Fruit
3460,calimyrna fig,fig,Fruit
3462,cannoli shell,pastry,Seafood
3464,chayote squash,chayote,Vegetable
3465,cheddar monterey cheese,monterey jack,Dairy
3466,cheerio oat cereal,oat,Cereal
3467,cherry jam,cherry,Additive
3468,cherrystone clam,hard clam,Seafood
3469,cheshire cheese,cheese,Dairy
3470,chicken gravy mix,chicken,Meat
3471,chicken nugget,chicken,Meat
3472,chile pequins,pequin pepper,Vegetable
3473,chile salsa,salsa,Condiment
3474,chili pod,chili,Spice
3475,chinese chili paste,chili oil,Plant Derivative
3476,chinese hot mustard,mustard,Spice
3477,chipotle chili sauce,chili paste,Condiment
3478,chipotle paste,chili paste,Condiment
3479,chocolate cake,chocolate cake,Dish
3480,chocolate powder,chocolate,Plant Derivative
3481,chunk tuna water,chunk tuna water,Fish
3482,chunky spaghetti sauce,tomato sauce,Condiment
3483,cinnamon graham cracker,graham cracker,Bakery
3484,clam shell,clam,Seafood
3485,coconut juice,coconut,Beverage
3486,coconut liqueur,coconut,Beverage
3487,coleslaw dressing,coleslaw,Condiment
3488,cream mushroom garlic soup,cream celery soup,Dish
3489,cream rice,rice,Cereal
3490,dark mexican beer,beer,Beverage
3491,dark rye flour,bread,Bakery
3492,dashi kombu kelp,kombu,Condiment
3493,date syrup,date,Fruit
3494,dessert apple,table apple,Fruit
3495,dessert wine,wine,Beverage-Alcoholic
3496,dozen oyster,oyster,Seafood
3497,duckling,duck,Meat
3499,el paso enchilada sauce,enchilada,Condiment
3500,el paso taco seasoning mix,spice mix,Spice
3501,extra turkey breast,turkey,Meat
3502,falafel mix,falafel mix,Dish
3503,fillet halibut,halibut,Fish
3504,fillet sole,sole,Fish
3505,fine bulgur,bulgur,Cereal
3507,fireball whiskey,whiskey,Beverage-Alcoholic
3508,fish cake,cake,Dish
3510,flounder,flounder,Fish
3511,four bean mix,four bean mix,Dish
3512,french breadcrumb,bread,Bakery
3513,french vanilla pudding,pudding,Dish
3514,frog leg,frog's leg,Dish
3515,fromage frais,fromage blanc,Dairy
3516,garbanzo bean chickpea,chickpea,Legume
3517,garlic alfredo sauce,garlic alfredo sauce,Condiment
3518,ginger puree,ginger,Spice
3519,ginseng root,ginseng root,Vegetable
3521,gluten self raising flour,self rising flour,Cereal
3522,gourd,bitter gourd,Fruit
3523,goya adobo pepper,spice mix,Spice
3524,goya sazon,seasoning,Dish
3525,green cabbage head,cabbage,Vegetable
3527,green red bell pepper,capsicum,Vegetable Fruit
3528,ham shank,ham,Meat
3530,head napa cabbage,head napa cabbage,Vegetable
3531,head red leaf lettuce,head red leaf lettuce,Vegetable
3532,head savoy cabbage,head savoy cabbage,Vegetable
3533,hearty white bread,bread,Bakery
3534,hershey cocoa,cocoa,Seed
3535,hintz cocoa powder,cocoa,Seed
3536,hollandaise sauce,hollandaise sauce,Condiment
3537,italian pepper,pepper,Spice
3538,jackfruit,jackfruit,Fruit
3539,jalapeno lengthwise,jalapeno,Spice
3540,jalapeno pepper seed,jalapeno,Spice
3541,jalapeno serrano pepper,serrano pepper,Vegetable
3542,jamaican rum,rum,Beverage-Alcoholic
3543,japanese pumpkin,pumpkin,Fruit
3544,japanese sake,sake,Beverage-Alcoholic
3545,konbu,kelp,Seafood
3546,laughing cow cheese,cheese,Dairy
3547,lavender blossom,lavender,Flower
3548,lemon herb seasoning,lemon,Meat
3549,lemon jell o gelatin,lime jello,Additive
3550,linguini pasta,linguine,Cereal
3551,lox,lox,Fish
3552,mackerel fillet,pelagic fish,Fish
3553,mahi,mahi mahi,Fish
3554,mango liqueur,mango,Fruit
3555,manicotti pasta,pasta,Cereal
3556,maraschino juice,maraschino cherry,Beverage-Alcoholic
3557,matzo cracker,cracker,Bakery
3558,mccormick grill seasoning,seasoning,Spice
3559,melon ball,melon,Fruit
3560,meringue,meringue,Bakery
3561,mexican tomato jalapeno pepper,,Vegetable
3562,milk yogurt,milk,Dairy
3563,moose,moose,Meat
3564,mozzarella string cheese,mozzarella,Dairy
3565,mushroom broth,mushroom,Fungi
3566,mushroom liquid,mushroom,Fungi
3567,nacho flavor tortilla chip,tortilla,Dish
3568,nori sushi,nori,Seafood
3569,oil butter,oil butter,Plant Derivative
3570,olive brine,olive,Plant
3571,olive juice,olive,Plant
3573,oriental vegetable,vegetable,Vegetable
3574,pad thai rice noodle,pad thai,Cereal
3575,pasta noodle,pasta,Cereal
3576,pastry pie crust,crust,Bakery
3577,peach brandy,brandy,Beverage-Alcoholic
3578,peking duck,peking duck,Meat
3579,pepper jelly,pepper jelly,Vegetable
3580,pepper paste,pepper jelly,Condiment
3581,pie crust mix,crust,Bakery
3582,pig tail,pig,Meat
3583,piloncillo cone,panela,Additive-Sugar
3584,pineapple juice orange,pineapple juice orange,Beverage
3585,pineapple syrup,pineapple juice orange,Fruit
3586,pink lemonade concentrate,lemonade,Beverage
3587,pizza topping,spice mix,Spice
3588,pod cardamom,cardamom,Spice
3589,pork butt shoulder,pork,Meat
3590,pork rib rack,pork,Meat
3591,pork sausage casing,pork sausage,Meat
3592,pork shoulder butt,pork,Meat
3593,pork skin,pork,Meat
3594,prickly pear,prickly pear,Fruit
3595,purpose baking mix,baking mix,Dish
3596,quail egg,egg,Meat
3597,queso anejo,cheese,Dairy
3598,queso sauce,queso sauce,Condiment
3599,ra el hanout spice,ra el hanout,Spice
3600,radish sprout,radish,Vegetable
3601,rapini,rapini,Vegetable
3602,raspberry gelatin powder,gelatin,Additive
3603,raspberry juice,raspberry,Fruit
3604,red chile pod,chili pepper,Vegetable
3605,red cooking wine,wine,Beverage-Alcoholic
3606,red pepper jelly,cherry pepper,Spice
3607,red spanish onion,red onion,Vegetable
3608,reposado tequila,tequila,Beverage-Alcoholic
3609,request cream mushroom soup,cream celery soup,Dish
3610,rice wrapper,rice paper,Cereal
3612,rye meal,matzo,Bakery
3613,saffron powder,saffron powder,Spice
3614,sauerkraut juice,kraut juice,Vegetable
3615,sausage casing,sausage,Dish
3616,seasoning sauce,browning sauce,Condiment
3617,sicilian olive,olive,Plant
3618,sirloin tip,top sirloin,Meat
3619,skor english toffee bit,cucumber,Gourd
3620,sourdough baguette,sourdough baguette,Bakery
3621,spaghetti sauce meat,tomato sauce,Condiment
3622,spicy bean,spicy bean,Legume
3623,spicy salami,salami,Fish
3624,spicy tomato sauce,tomato sauce,Condiment
3625,spicy vegetable juice,spinach,Vegetable
3626,stewing veal,veal,Meat
3627,strawberry yogurt,strawberry yogurt,Dairy
3628,sugar chocolate pudding mix,chocolate pudding,Dish
3629,tamarind pod,tamarind,Fruit
3630,tapenade,tapenade,Dish
3631,tex mex seasoning,spice mix,Spice
3632,tikka paste,spice mix,Spice
3633,tomato concentrate,tomato,Vegetable
3634,tomato pasta sauce,pasta,Condiment
3635,turkey breast half,turkey,Meat
3636,turkey carcass,turkey,Meat
3639,vegetable drumstick,vegetable,Vegetable
3640,vegetable oil butter,vegetable oil,Plant Derivative
3641,vegetable oil lard,vegetable oil,Plant Derivative
3643,wheat baguette,baguette,Bakery
3644,wheat noodle,noodle,Cereal
3645,white bread dough,white bread dough,Bakery
3646,white miso paste,white miso,Spice
3647,white mustard seed,white mustard seed,Vegetable
3648,wild rice mix,wild rice,Dish
3649,winter savory,winter savory,Herb
3650,wolf brand chili,chili,Spice
3651,absinthe,absinthe,Beverage-Alcoholic
3652,agave tequila,tequila,Beverage-Alcoholic
3653,almond halve,almond,Nuts and Seeds
3654,amaretto almond liqueur,amaretto,Beverage-Alcoholic
3655,andouille sausage link,andouille,Meat
3656,apple liqueur,apple,Fruit
3657,apple ring,apple,Fruit
3658,aquavit,akvavit,Beverage-Alcoholic
3659,asian chile pepper sauce,asian chile pepper sauce,Condiment
3660,baby arugula leaf,arugula,Vegetable
3661,baby back rib rack,pork,Meat
3662,baby calamari,baby squid,Seafood
3663,baby portobello mushroom,mushroom,Fungi
3665,balsamic vinaigrette dressing,balsamic vinaigrette,Additive
3666,balsamic vinaigrette salad dressing,balsamic vinaigrette,Additive
3667,barramundi fillet,fish,Fish
3668,bean green chilies,green chili,Vegetable
3669,beef gravy mix,gravy,Dish
3670,beef jerky,beef jerky,Meat
3671,beef rice roni,beef rice roni,Dish
3672,beef schnitzel,schnitzel,Meat
3673,beef tenderloin roast,beef,Meat
3674,beefy mushroom soup,cream celery soup,Dish
3675,black cardamom,black cardamom,Legume
3676,braeburn apple,braeburn apple,Fruit
3677,bratwurst sausage,sausage,Dish
3679,bread mix,bread mix,Dish
3680,bread stuffing mix,bread stuffing mix,Dish
3681,breadcrumb italian,bread crumb,Bakery
3682,breast half,chicken,Meat
3683,brown bean,bean,Legume
3684,brown rice syrup,brown rice,Cereal
3686,buddig beef,beef,Meat
3687,budweiser beer,beer,Beverage
3688,burger,burger,Dish
3689,burrito seasoning mix,spice mix,Spice
3690,butter bud,butter,Dairy
3691,butter cooky,butter,Dairy
3692,buttermilk pancake mix,buttermilk pancake mix,Dish
3693,campanelle pasta,pasta,Cereal
3694,campbell chicken soup,chicken soup,Meat
3695,canning,pickling salt,Additive-Salt
3696,cantaloupe ball,cantaloupe,Fruit
3697,caper brine,caper,Fruit
3698,cavender greek seasoning,spice mix,Spice
3699,center bacon,bacon,Meat
3700,cheddar cheese mexican,cheese,Dairy
3701,cheese soup,cheese,Dish
3702,chestnut flour,chestnut flour,Nuts and Seeds
3703,chicken breast halve,chicken,Meat
3704,chicken carcass,chicken,Meat
3705,chicken flavor stuffing mix,chicken,Meat
3706,chile adobo sauce,chili sauce,Condiment
3707,chile garlic sauce,chili sauce,Condiment
3708,chile oil,chili oil,Plant Derivative
3709,chinese bean paste,vanilla,Legume
3710,chinese red vinegar,red vinegar,Additive-Vinegar
3711,chocolate candy,chocolate candy,Additive
3712,chocolate fudge topping,chocolate fudge topping,Additive
3713,cilantro sprig,coriander,Herb
3714,cipollini onion,onion,Vegetable
3715,cocktail frank,fruit cocktail,Beverage
3716,coconut flavoring,coconut,Beverage
3717,coconut ice cream,ice cream,Dish
3718,coconut macaroon,coconut,Beverage
3719,cod steak,cod,Fish
3720,cointreau,cointreau,Beverage-Alcoholic
3722,cold butter,butter,Dairy
3723,cold milk,milk,Dairy
3724,corn black bean salsa,bean salad,Condiment
3725,corn cereal,corn cereal,Maize
3726,corn pepper,corn pepper,Maize
3727,crab leg,crab,Seafood
3728,cream chicken mushroom soup,chicken soup,Meat
3729,cream mushroom soup chicken,chicken soup,Meat
3730,cream shrimp soup,cream shrimp soup,Seafood
3731,cream topping,cream topping,Additive
3732,creamy italian dressing,spice mix,Spice
3733,creamy italian salad dressing,salad dressing,Dish
3734,crisp taco shell,taco,Dish
3735,crispix cereal,granola cereal,Cereal
3736,crumb topping,bread crumb,Bakery
3737,dark semi chocolate,dark chocolate,Plant
3738,decorator sugar,sugar,Additive
3739,deer meat,meat,Meat
3740,deli salami,salami,Fish
3741,dhaniya powder,chili powder,Spice
3742,dill pickle juice,dill,Herb
3743,ditali pasta,ditalini,Cereal
3744,dragee,dragee,Dish
3745,dutch process cocoa powder,cocoa powder,Plant
3746,earth balance margarine,margarine,Additive
3747,eau de vie,eau de vie,Beverage-Alcoholic
3748,edamame green,edamame,Legume
3749,eggplant lengthwise,eggplant,Vegetable
3750,el enchilada sauce,enchilada,Condiment
3751,el taco seasoning,spice mix,Spice
3752,elderflower cordial,elderberry,Fruit
3753,emmentaler cheese,cheese,Dairy
3754,english toffee bit,cucumber,Gourd
3755,espresso bean,bean,Legume
3756,feta cheese basil tomato,basil,Dairy
3757,filo pastry,filo,Bakery
3758,fine italian breadcrumb,bread crumb,Bakery
3759,fine noodle,noodle,Cereal
3760,fish ball,fish,Fish
3761,fish bouillon cube,fish bouillon,Fish
3762,fish oil,fish oil,Fish
3763,fish stock chicken,chicken,Meat
3764,five spice seasoning,five spice powder,Spice
3765,flageolet bean,flageolet bean,Legume
3766,foot hog casing,sausage,Dish
3767,french vanilla pudding mix,pudding mix,Dish
3768,frito corn chip,corn chip,Maize
3769,fruit apricot,apricot,Fruit
3770,fruit sugar,sugar,Additive
3771,ganache,ganache,Additive
3772,garlic pepper,cherry pepper,Vegetable
3773,gluten breadcrumb,gluten,Cereal
3774,gluten vanilla extract,vanilla extract,Essential Oil
3775,grain tortilla,tortilla,Dish
3776,granola,granola cereal,Cereal
3777,greek dressing,dressing,Condiment
3778,greek pita bread,bread,Bakery
3779,green chili powder,chili powder,Vegetable
3780,green pepper red,capsicum,Vegetable Fruit
3781,grey poupon dijon mustard,grey poupon,Condiment
3782,habanero chile pepper,habanero,Condiment
3783,hake fillet,whitefish,Fish
3785,hard egg yolk,egg,Meat
3786,havarti dill,havarti,Dairy
3787,head leaf lettuce,lettuce,Vegetable
3788,head romaine,romaine lettuce,Vegetable
3789,heinz tomato ketchup,tomato ketchup,Additive
3790,high white bread,bread,Bakery
3791,hormel chili,chili,Spice
3792,italian plum,plum,Fruit
3793,italian prune plum,plum,Fruit
3794,jalapeno pepper ring,jalapeno,Spice
3795,japanese sushi rice,sushi rice,Cereal
3796,jigger tequila,tequila,Beverage-Alcoholic
3797,jigger whiskey,whisky,Beverage-Alcoholic
3798,kaiser hamburger bun,hamburger,Bakery
3799,kalonji,kalonji,Spice
3800,kentucky bourbon,bourbon whiskey,Beverage-Alcoholic
3801,kikkoman teriyaki sauce,teriyaki sauce,Condiment
3802,king oyster mushroom,mushroom,Fungi
3803,korean red pepper flake,korean chile pepper,Spice
3804,kraft mexican,cheese,Dairy
3805,ladyfinger cooky,okra,Vegetable
3806,lamb rib,lamb,Meat
3807,leaf spinach,spinach,Vegetable
3808,lemon pudding,lemon,Dish
3809,lemon thyme leaf,thyme,Herb
3810,lily bud,yellow pond lily,Flower
3811,lime twist,lime twist,Fruit
3812,lipton beefy onion soup mix,onion soup,Dish
3814,lite milk,evaporated milk,Dairy
3815,loaf sourdough bread,sourdough,Bakery
3816,mandarin orange juice,orange juice,Fruit
3817,marcona almond,almond,Nuts and Seeds
3818,meatloaf mix beef,beef,Meat
3819,merlot wine,wine,Beverage-Alcoholic
3820,mexican bean,mexican chili bean,Legume
3821,mexican chili bean,mexican chili bean,Legume
3822,mint flake,mint,Herb
3823,mission fig,mission fig,Fruit
3824,mulato chile,mulato chile,Vegetable
3825,mutton chop,mutton,Meat
3826,natural cane sugar,cane sugar,Additive-Sugar
3827,non yogurt,yogurt,Dairy
3828,nuoc cham sauce,nuoc cham,Condiment
3829,oetker vanilla sugar,vanilla sugar,Additive-Sugar
3830,oil chicken,chicken,Meat
3831,oil tomato,tomato oil,Vegetable
3832,okra pod,okra,Vegetable
3833,onion hamburger bun,hamburger,Bakery
3834,orange juice pineapple,orange juice,Beverage
3835,oreo cookie crumb,amaretti di saronno,Dish
3836,ortega chile,chili,Spice
3837,oxo beef cube,beef bouillon cube,Meat
3838,oyster cracker,oyster,Seafood
3839,pareve margarine,margarine,Additive
3840,parmesan romano cheese,cheese,Dairy
3841,partridge,partridge,Meat
3842,pate,pate,Dish
3843,pattypan squash,squash,Fruit
3844,pea pearl onion,pearl onion,Vegetable
3845,peanut oil sesame,sesame oil,Essential Oil
3846,peasant bread,bread,Bakery
3847,peppermint schnapps,peppermint,Herb
3848,pierogi,pierogi,Dish
3849,pierogies,dumpling,Dish
3850,pillsbury pie crust,crust,Bakery
3851,pineapple orange juice,fruit juice,Beverage
3852,pinto bean chili sauce,chili con carne,Dish
3853,pinto bean jalapeno pepper,pinto bean,Legume
3855,pork fatback,pork,Meat
3856,pork knuckle,pork,Meat
3858,pot barley,barley,Cereal
3860,pumpkin pie filling,pumpkin pie,Bakery
3861,quark cheese,cheese,Dairy
3863,rack baby back pork rib,pork,Meat
3864,raisin bran cereal,raisin,Cereal
3865,ranch dip,ranch dressing,Condiment
3866,raspberry jell o gelatin,jello,Additive
3867,raspberry sherbet,raspberry sherbet,Beverage
3868,raspberry vodka,vodka,Beverage-Alcoholic
3870,red bird eye chilies,chili pepper,Vegetable
3871,red cherry pepper,capsicum,Vegetable Fruit
3872,red chile flake,red chile,Vegetable
3873,red cinnamon candy,cinnamon,Additive
3874,red glace cherry,red cherry,Fruit
3875,red pepper oil,capsicum,Vegetable Fruit
3876,red wine vinaigrette,wine,Beverage-Alcoholic
3877,rice cake,mochi,Dish
3878,rice vermicelli noodle,rice vermicelli,Cereal
3879,rose,rose water,Additive
3880,rosemary needle,rosemary,Herb
3881,rye breadcrumb,bread crumb,Bakery
3882,salt garlic powder,garlic,Herb
3883,salt tomato sauce,tomato sauce,Condiment
3884,saltine crumb,bread crumb,Bakery
3885,sauce hot,hot sauce,Condiment
3886,sauterne white wine,wine,Beverage-Alcoholic
3887,savoiardi cooky,savoiardi,Bakery
3888,seed,cumin,Spice
3889,seville orange,seville orange,Fruit
3890,shake n bake,bread crumb,Meat
3891,shoestring potato,potato,Vegetable Tuber
3892,shrimp cracker,shrimp,Seafood
3893,snake bean,bean,Legume
3894,soba noodle buckwheat,noodle,Cereal
3895,sockeye salmon,sockeye salmon,Fish
3896,soho lychee liqueur,soho liqueur,Beverage-Alcoholic
3897,soy cheese,cheese,Dairy
3898,soy cream,cream,Dairy
3899,soybean oil,oil,Additive
3900,sparkling apple cider,apple cider,Beverage-Alcoholic
3901,speck,bacon,Meat
3902,spice essence,spice mix,Spice
3903,spice mix,spice mix,Spice
3904,spinach linguine,spinach,Vegetable
3905,spinach pasta,pasta,Cereal
3906,sponge,sponge cake,Bakery
3907,sriracha asian garlic sauce,garlic sauce,Condiment
3908,sriracha chili garlic sauce,hot sauce,Condiment
3909,sriracha garlic sauce,sriracha sauce,Condiment
3910,steak fillet,steak,Fish
3911,steak meat,steak,Fish
3912,stone dijon mustard,dijon mustard,Condiment
3913,sugar orange gelatin,orange gelatin,Additive
3914,super,powdered sugar,Additive-Sugar
3915,swordfish fillet,swordfish,Fish
3916,szechuan sauce,sauce,Additive
3917,taco bell seasoning mix,spice mix,Spice
3918,tamarillo,tamarillo,Fruit
3919,tamarind concentrate,tamarind,Plant Derivative
3920,tart crust,tart,Bakery
3921,teff flour,teff flour,Cereal
3922,teriyaki marinade sauce,teriyaki sauce,Condiment
3923,thai red chili pepper jalapeno,cherry pepper,Spice
3924,thompson grape,seedless grapes,Fruit
3925,thymol seed,cumin,Spice
3927,tiger prawn,tiger prawn,Seafood
3928,tip roast,top sirloin,Meat
3929,tom yum paste,sauce,Additive
3930,tomato basil garlic,pasta,Herb
3931,tomato bisque soup,tomato soup,Dish
3932,tomato clam juice cocktail,clam juice,Beverage-Alcoholic
3933,tomato herb,tomato,Vegetable
3934,tomato jalapeno pepper,cherry pepper,Spice
3935,tonkatsu sauce,sauce,Additive
3936,torn romaine lettuce,romaine lettuce,Vegetable
3937,turkey thigh,turkey,Meat
3938,vanilla cake mix,vanilla pudding,Dish
3939,vanilla custard,vanilla custard,Dish
3940,vanilla frosting,vanilla,Legume
3941,veal fillet,veal,Meat
3942,vegan cheddar cheese,cheese,Dairy
3943,vegan mozzarella cheese,cheese,Dairy
3944,vegetable pepper,pepper,Spice
3945,vegetarian beef strip,meat analogue,Meat
3946,vienna sausage,sausage,Dish
3947,weetabix,breakfast cereal,Cereal
3948,wheat pasta shell,pasta,Cereal
3949,wheat pizza dough,pizza,Bakery
3950,wheat rotini pasta,pasta,Cereal
3951,white cooking wine,wine,Beverage-Alcoholic
3952,white flour tortilla,wheat tortilla,Bakery
3953,wishbone italian dressing,dressing,Condiment
3954,wrapper,wonton,Herb
3955,yautia,yautia,Plant
3957,yellow squash lengthwise,crookneck squash,Fruit
3958,yellow summer squash,squash,Fruit
3959,yolk egg noodle,egg,Meat
3960,zest lemon,lemon,Fruit
3962,absolut citron vodka,vodka,Beverage-Alcoholic
3963,aji yellow paste,yellow pepper,Condiment
3964,alfredo sauce mix,fettuccine alfredo sauce,Dish
3966,anaheim chile,new mexico chile,Spice
3967,angel food cake mix,angel food cake,Dish
3968,appenzeller cheese,cheese,Dairy
3969,apple pie,apple pie,Fruit
3970,apple schnapps,apple,Fruit
3971,argan oil,argan oil,Plant Derivative
3972,arrowroot powder,arrowroot,Vegetable
3973,asian dressing,salad dressing,Dish
3975,baby salad leaf,spinach,Vegetable
3976,baby tomato,tomato,Fruit
3977,bacardi dark rum,rum,Beverage-Alcoholic
3978,baker semi chocolate,dark chocolate,Plant
3979,baking chocolate square,white chocolate,Plant Derivative
3980,balsamic dressing,salad dressing,Dish
3981,basil oil,basil,Essential Oil
3982,bean bacon soup,pork,Dish
3983,bean pinto,pinto bean,Legume
3984,bear meat,black bear,Meat
3985,beef kidney,beef,Meat
3986,beef ramen noodle,noodle,Cereal
3987,beef skirt steak,beef,Meat
3988,beef tenderloin filet,beef,Meat
3989,beef tip roast,beef,Meat
3990,black bean soup,soup,Dish
3991,black chinese mushroom,cloud ear fungus,Fungi
3992,black currant jelly,black currant,Fruit
3993,black onion seed,onion seed,Vegetable
3994,black pudding,pudding,Dish
3995,black turtle bean,black bean,Legume
3996,blackberry brandy,fruit brandy,Beverage-Alcoholic
3998,blue crab,crab,Seafood
3999,blue grape,blue grape,Fruit
4000,bread grain,bread,Bakery
4002,breakfast sausage link,breakfast sausage,Meat
4003,broccoli cheese soup,cheese,Dish
4004,broccoli spear,broccoli,Flower
4005,brown cardamom pod,cardamom,Spice
4006,brown sugar substitute,sugar substitute,Additive-Sugar
4007,brut champagne,champagne,Beverage-Alcoholic
4008,buckwheat noodle,noodle,Cereal
4009,bulb shallot,shallot,Seafood
4010,burrata cheese,cheese,Dairy
4011,butter cake mix,butter cake,Dish
4012,butter flavoring,artificial butter flavoring,Additive
4013,buttermilk ranch salad dressing mix,salad dressing,Dish
4014,butternut squash lengthwise,butternut squash,Fruit
4015,campbell fiesta nacho cheese soup,soup,Dish
4016,canadian whiskey,canadian whiskey,Beverage-Alcoholic
4017,candy bar,candy bar,Plant
4018,candy corn,corn,Maize
4019,caperberries,caper,Fruit
4020,carb tortilla,low carb flour tortilla,Bakery
4021,cascabel chile,chili,Spice
4022,cashew cream,cashew nut,Nuts and Seeds
4023,center pork loin chop,pork,Meat
4024,cham sauce,sauce,Additive
4025,char siu pork,pork,Meat
4026,cheesecake,cheese,Dairy
4027,chevre cheese goat,cheese,Dairy
4028,chevre goat cheese,cheese,Dairy
4029,chicken breast tenderloin,chicken,Meat
4030,chicken breast turkey,chicken,Meat
4031,chicken consomme,chicken,Meat
4032,chicken gumbo soup,chicken,Meat
4033,chicken half,chicken,Meat
4034,chicken portion,chicken,Meat
4035,chicken rice roni,chicken,Meat
4036,chicken soup powder,bouillon cube,Meat
4037,chicken stock fish,chicken,Meat
4038,chile guajillos,chili,Spice
4039,chile sauce garlic,chili sauce,Condiment
4040,chili con carne,chili,Spice
4041,chinese cooking wine,wine,Beverage-Alcoholic
4042,chinese mustard green,mustard,Spice
4043,chinese salt,salt,Additive
4044,chinese white rice wine,rice wine,Beverage-Alcoholic
4045,chocolate biscuit,chocolate,Plant Derivative
4046,chocolate chip cooky,chocolate chip,Additive
4047,chocolate cooky,chocolate cookie,Bakery
4048,chocolate drink mix,chocolate pudding,Dish
4049,chocolate flavor pudding pie filling mix,chocolate pudding,Dish
4050,chocolate icing,chocolate,Plant Derivative
4051,chop suey vegetable,vegetable,Vegetable
4052,chunk pineapple,pineapple,Beverage
4053,chunky pasta sauce,sauce,Additive
4054,chunky tomato pasta sauce,sauce,Additive
4055,cilantro salsa,salsa,Condiment
4056,cinnamon baking chip,cinnamon,Additive
4057,cinnamon oil,cinnamon,Additive
4058,cloud ear mushroom,cloud ear fungus,Fungi
4059,cold white rice,rice,Cereal
4060,coleman mustard,mustard,Spice
4062,cooking polenta,polenta,Dish
4063,cool water,water,Additive
4064,corn chex,corn,Maize
4065,corn sugar,corn sugar,Maize
4066,corn tostada,tostada,Bakery
4067,cornflake crumb,cornflakes cereal,Maize
4068,crabmeat crab,crab,Seafood
4069,cracker meal,cracker,Bakery
4070,cream broccoli soup,soup,Dish
4071,cream chicken soup mushroom,chicken soup,Meat
4072,cream heavy,cream,Dairy
4073,cream milk powder,milk,Dairy
4074,creamy caesar salad dressing,salad dressing,Dish
4075,daikon,daikon,Vegetable
4077,dark chocolate melt,dark chocolate,Plant
4078,dark cocoa powder,dark chocolate,Plant
4080,de provence,herbes de provence,Herb
4081,delicata squash,squash,Fruit
4082,diet lemon lime soda,lemon soda,Beverage
4083,dolcelatte,dolcelatte,Dairy
4084,double pie crust,pie crust,Bakery
4085,drinking chocolate,chocolate,Plant Derivative
4086,duck breast half,duck,Meat
4087,dulce de leche ice cream,dulce de leche,Dish
4088,dungeness crabmeat,crab,Seafood
4089,earth balance natural buttery spread,spread,Additive
4090,eat apricot,apricot,Fruit
4091,egg lengthwise,egg,Meat
4092,egg tortellini,egg,Meat
4093,egg yolk white,egg,Meat
4094,enchilada sauce green,enchilada,Condiment
4095,enchilada sauce red,mole sauce,Condiment
4096,english cheese,cheese,Dairy
4097,english toffee,cucumber,Gourd
4098,english toffee bar,cucumber,Gourd
4099,enriched flour,flour,Cereal
4100,extra shrimp,shrimp,Seafood
4101,family tea,tea,Plant
4102,fast chicken soup base,chicken,Meat
4103,feta cheese tomato,cheese,Dairy
4104,fig preserve,fig,Fruit
4105,fillet red snapper,red snapper,Fish
4106,fine vermicelli,pasta,Cereal
4107,fire oil,oil,Additive
4108,fish fillet halibut,halibut,Fish
4109,fish roe,roe,Fish
4110,fish steak,steak,Fish
4111,flake,parsley,Spice
4112,french thyme,thyme,Herb
4113,fresno chile pepper,chile pepper,Vegetable
4114,fruit jam,fruit gum,Fruit
4115,fruit syrup,syrup,Plant Derivative
4116,fudge topping,topping,Additive
4117,galanga root,galangal,Spice
4118,garlic basil,basil,Herb
4119,garlic herb goat cheese,cheese,Dairy
4120,garlic salt pepper,spice mix,Spice
4121,ginger cube,ginger,Spice
4122,ginger green chili paste,chili pepper,Vegetable
4123,gjetost cheese,cheese,Dairy
4124,glace apricot,apricot,Fruit
4125,goat milk,goat milk,Dairy
4126,godiva dark chocolate bar,dark chocolate,Plant
4127,goya extra virgin olive oil,extra virgin olive oil,Plant Derivative
4128,goya garlic,garlic,Herb
4129,grain wheat flour,whole-wheat flour,Cereal
4130,greek vinaigrette salad dressing,greek vinaigrette,Condiment
4131,green chile enchilada sauce,enchilada,Condiment
4132,green chutney,sauce,Additive
4133,green decorator sugar,sugar,Additive
4134,green mung bean,mung beans,Legume
4135,green pumpkin seed,pumpkin,Nuts and Seeds
4137,green tomatillo sauce,tomatillo sauce,Condiment
4138,guava jelly,guava jelly,Fruit
4139,gumbo file powder,sassafras,Spice
4140,habanero hot sauce,habanero,Condiment
4141,haldi powder,turmeric powder,Spice
4142,hard taco shell,taco shell,Bakery
4143,hatch chile,hatch chile pepper,Vegetable
4144,hazelnut syrup,hazelnut,Nuts and Seeds
4145,heinz chili sauce,sauce,Additive
4146,hemp seed,cumin,Spice
4147,hibiscus,muskmelon,Flower
4148,hormel chili without bean,chili bean,Dish
4149,ice cream cone,ice cream,Dish
4150,jalapeno jelly,jalapeno,Spice
4152,jalapeno pepper sauce,hot sauce,Condiment
4153,jalapeno powder,jalapeno,Spice
4154,jalapeno seed,jalapeno,Spice
4155,japanese bread crumb,bread crumbs,Bakery
4156,kabuli channa,dal,Legume
4157,kaffir lime zest,kaffir lime,Herb
4158,kecap manis,sweet soy sauce,Condiment
4159,kefalograviera cheese,cheese,Dairy
4160,kiwi liqueur,kiwifruit,Fruit
4162,korean chile powder,korean chile pepper,Spice
4163,korean pepper paste,cherry pepper,Spice
4164,korean radish,korean radish,Vegetable
4165,kraft mexican cheese,cheese,Dairy
4166,lady finger cooky,lady finger cookie,Bakery
4167,lamb broth,broth,Vegetable
4168,lamb stock cube,lamb,Meat
4169,lamb tenderloin,lamb,Meat
4170,lasagna pasta,lasagne,Cereal
4171,lavender oil,oil,Additive
4172,lemon juice concentrate,lemon,Beverage
4173,lemon peel strip,lemon,Fruit
4174,lemon verbena,lemon,Fruit
4175,licorice,licorice,Herb
4176,liquid egg white,egg,Meat
4177,liquid gravy browner,gravy,Dish
4178,liquid pepper sauce,pepper sauce,Condiment
4180,lo mein noodle,pasta,Cereal
4181,longan,longan,Plant
4182,loose tea,tea,Plant
4183,macaroni pasta,pasta,Cereal
4184,madeira cake,cake,Dish
4185,malibu coconut rum,malibu rum,Beverage-Alcoholic
4186,malt biscuit,malt biscuit,Bakery
4187,mandarin segment,mandarin orange,Plant Derivative
4188,mango chunk,mango,Fruit
4189,mango rum,rum,Beverage-Alcoholic
4190,marinara sauce pasta,marinara sauce,Condiment
4191,masa dough,masa,Maize
4193,matzo farfel,matzo,Bakery
4194,mccormick,spice mix,Spice
4195,mediterranean oregano,oregano,Spice
4196,mexican four cheese,cheese,Dairy
4197,meyer dark rum,rum,Beverage-Alcoholic
4198,mezcal,agave,Beverage-Alcoholic
4199,microwave popcorn,popcorn,Maize
4200,mint chocolate chip,chocolate chip,Additive
4201,mint chocolate chip ice cream,ice cream,Dish
4202,miso soup mix,miso soup,Dish
4203,moist white cake mix,cake,Dish
4204,moose roast,moose,Meat
4205,morton nature seasoning,spice mix,Spice
4206,mostaccioli noodle,noodle,Cereal
4207,mozzarella cheddar cheese,cheese,Dairy
4208,mung bean noodle,mung bean,Legume
4209,mushroom beef gravy,gravy,Dish
4210,mushroom gravy,mushroom,Fungi
4211,mushroom gravy mix,mushroom,Fungi
4212,nacho cheese dip,chile con queso,Dairy
4214,natural greek yogurt,greek yogurt,Dairy
4215,nonfat greek yogurt,greek yogurt,Dairy
4216,nopalitos,nopalitos,Plant
4217,nut cashew,cashew,Nuts and Seeds
4218,olive black green,olive,Plant
4219,olive green,olive,Plant
4220,orange gelatin,gelatin,Additive
4221,orange juice apple,orange juice,Fruit
4222,orange juice lime,lime juice,Beverage
4223,orange juice liqueur,orange juice,Fruit
4224,orange pekoe tea,orange pekoe,Beverage
4225,orange pepper,capsicum,Vegetable Fruit
4226,organic carrot,carrot,Vegetable
4227,oyster juice,oyster,Seafood
4228,paad thai sauce,fish sauce,Condiment
4230,pancake,pancake,Dish
4231,panela cheese,cheese,Dairy
4232,panko crumb,bread crumbs,Bakery
4233,paradise mango rum liqueur,rum,Beverage-Alcoholic
4234,parmesan asiago romano cheese,cheese,Dairy
4235,pastis,pastis,Bakery
4236,pastry crust,crust,Bakery
4237,pear juice,pear juice,Beverage
4238,pearl sugar,nib sugar,Additive-Sugar
4239,pepper oil,pepper,Spice
4240,peppercorn ranch dressing,ranch dressing,Condiment
4241,perch,perch,Fish
4242,phyllo,phyllo,Bakery
4243,pickling vinegar,pickling,Spice
4244,pie filling,cherry pie,Dish
4245,pillsbury biscuit,biscuit,Bakery
4246,pina colada mix,pina colada,Dish
4247,pink lemonade,lemonade,Beverage
4248,piquillo pepper red,capsicum,Vegetable Fruit
4249,pista,pistachio,Nuts and Seeds
4250,pizza,pizza,Bakery
4251,pizza crust mix,pizza,Bakery
4252,plantain leaf,banana leaf,Plant
4253,plum brandy,slivovitz,Beverage-Alcoholic
4254,plum wine,fruit wine,Beverage-Alcoholic
4255,pomegranate paste,pomegranate,Fruit
4256,pomegranate powder,pomegranate,Fruit
4257,pork bouillon cube,pork bouillon cube,Dish
4258,pork medallion,pork,Meat
4259,pork rib roast,pork,Meat
4260,pork shoulder blade roast,pork,Meat
4261,pork shoulder chop,pork,Meat
4262,pork trotter,pork,Meat
4263,potato bread,potato,Vegetable Tuber
4264,potato lengthwise,potato,Vegetable Tuber
4265,protein powder,chili powder,Spice
4266,prune juice,plum juice,Fruit
4267,pumpkin flesh,pumpkin,Fruit
4268,pumpkin spice,pumpkin pie spice,Spice
4269,ra el hanout,ra el hanout,Spice
4270,rack pork sparerib,pork,Meat
4271,radiatore pasta,pasta,Cereal
4272,rainbow trout,rainbow trout,Fish
4273,rajma,rajma,Legume
4274,raspberry jelly crystal,raspberry,Fruit
4275,red chili oil,chili oil,Plant Derivative
4276,red currant jam,redcurrant jelly,Fruit
4277,red grape juice,red grape,Fruit
4278,red green cherry,cherry,Additive
4279,red hot sauce,sauce,Additive
4280,red miso paste,miso,Spice
4281,red pear tomato,tomato,Vegetable
4282,red pepper strip,red pepper,Vegetable
4283,red peppercorn,pepper,Spice
4284,red raspberry preserve,raspberry,Fruit
4285,red thai chili pepper,chili pepper,Vegetable
4286,red yellow bell pepper,capsicum,Vegetable Fruit
4287,rice brown,brown rice,Cereal
4288,rice chex,rice,Cereal
4289,rice cracker,rice,Cereal
4290,rice noodle vermicelli,rice vermicelli,Cereal
4291,rigatoni,rigatoni,Cereal
4292,ring bologna,beef sausage,Meat
4293,ritz cracker crumb,crackers,Bakery
4294,robusto cheese,cheese,Dairy
4295,rose extract,rose extract,Essential Oil
4296,rosewater,rose water,Additive
4297,rusk,rusk,Bakery
4298,rustic white bread,bread,Bakery
4299,rye bread pumpernickel,bread,Bakery
4300,salt italian herb seasoning,spice mix,Spice
4301,sardine tomato sauce,tomato sauce,Condiment
4302,sashimi grade tuna,sashimi,Fish
4303,saskatoon berry,berry,Berry
4304,scamorza cheese,cheese,Dairy
4305,scotch bonnet chile pepper,scotch bonnet,Spice
4306,sea bream,sea salt,Additive-Salt
4307,seafood cocktail sauce,cocktail sauce,Condiment
4308,seasoning salt pepper,spice mix,Spice
4309,sesame chili oil,sesame oil,Essential Oil
4310,sesame seed paste,tahini,Dish
4311,shell crab,soft shell crab,Seafood
4312,shiitake mushroom water,mushroom,Fungi
4313,shiraz wine,wine,Beverage-Alcoholic
4314,shrimp without tail,shrimp,Seafood
4315,simple syrup sugar,syrup,Plant Derivative
4317,sole,sole,Fish
4318,soup meat,meat,Meat
4319,soup mix,onion soup,Dish
4320,sourdough bread french,baguette,Bakery
4321,soy chorizo,chorizo,Meat
4322,soy crumbles,vegan ground beef,Bakery
4323,spanish rice vermicelli mix,spanish rice,Cereal
4324,spanish saffron thread,saffron,Spice
4325,spice rub,spice mix,Spice
4326,spicy bulk sausage,sausage,Dish
4327,spinach fettuccine pasta,spinach fettuccine,Cereal
4328,spinach noodle,spinach,Vegetable
4329,spinach tortellini,spinach,Vegetable
4330,splenda sugar baking,sugar substitute,Vegetable
4331,spray cooking,cooking spray,Additive
4332,spring,scallion,Herb
4333,squirrel,squirrel,Meat
4334,stew meat beef,beef,Meat
4335,stir,bread,Dish
4336,stir fry oil,bread,Dish
4337,stock beef,beef stock,Meat
4338,strawberry puree,strawberry puree,Fruit
4339,strength chicken broth,chicken,Meat
4340,strip steak,steak,Fish
4341,sugar apricot jam,jam,Fruit
4342,sugar orange marmalade,orange marmalade,Fruit
4343,sugar strawberry jam,strawberry jam,Fruit
4344,sunflower margarine,sunflower margarine,Additive
4345,super fine sugar,powdered sugar,Additive-Sugar
4346,swanson chicken broth,chicken broth,Meat
4347,taco bell home ' n chunky salsa,salsa,Condiment
4348,taleggio,taleggio,Dairy
4349,tamarind soup mix,tamarind,Dish
4350,tarragon sprig,tarragon,Herb
4351,tart red cherry,red cherry,Fruit
4352,thai chili garlic sauce,sauce,Additive
4353,thai red chili paste,sweet chili sauce,Condiment
4354,tomato basil oregano,tomato,Vegetable
4355,tomato jam,tomato,Vegetable
4356,tomatoe,sun-dried tomato,Vegetable
4357,torn basil leaf,basil,Herb
4358,torn spinach leaf,spinach,Vegetable
4359,tri color rotini pasta,rotini,Cereal
4360,tropical fruit salad,salad,Dish
4361,turkey chili,turkey,Meat
4362,turkey meatball,turkey,Meat
4363,turkey wing,turkey,Meat
4364,turmeric root,turmeric,Spice
4365,tzatziki sauce,tzatziki,Condiment
4366,vanilla flavor pudding pie filling mix,vanilla pudding,Dish
4367,vanilla liqueur,vanilla,Legume
4368,vanilla schnapps,vanilla,Legume
4369,veal demi glace,demi glace,Additive
4370,veal kidney,veal,Meat
4371,veal knuckle,veal,Meat
4372,veal roast,veal,Meat
4373,veal schnitzel,veal,Meat
4374,vegan cheese,cheese,Dairy
4376,vegan worcestershire sauce,worcestershire sauce,Condiment
4377,vegetable oil cooking,cooking spray,Additive
4378,vegetable oil sesame,vegetable oil,Plant Derivative
4379,vegetable stock base,vegetable stock,Vegetable
4380,vegetarian chili,vegetarian chili,Vegetable
4381,vegetarian fish sauce,fish sauce,Condiment
4382,vegetarian ham,meat analogue,Meat
4383,velveeta cheese product,cheese,Dairy
4384,venison loin,venison,Meat
4385,watermelon ball,watermelon,Fruit
4386,watermelon juice,watermelon,Beverage
4387,wheat angel hair pasta,spaghetti,Cereal
4388,wheat beer,wheat beer,Beverage-Alcoholic
4389,wheat elbow macaroni,elbow macaroni,Cereal
4391,wheat toast,wheat,Cereal
4392,whipping cream heavy,whipped cream,Dairy
4393,white pita bread,bread,Bakery
4394,white port,wine,Beverage-Alcoholic
4395,white truffle,white truffle,Additive
4396,white wine worcestershire sauce,worcestershire sauce,Condiment
4397,whitefish fillet,whitefish,Fish
4398,wildflower honey,honey,Plant Derivative
4399,winter melon,winter melon,Fruit
4400,yakisoba noodle,noodle,Cereal
4401,yellow cake mix white,cake mix,Dish
4402,yellow curry powder,curry powder,Herb
4403,yellow sugar,yellow sugar,Additive-Sugar
4405,zucchini blossom,zucchini,Vegetable
4407,absolut vodka,vodka,Beverage-Alcoholic
4408,agar powder,agar,Additive
4410,alcohol,alcohol,Beverage-Alcoholic
4411,alfalfa,alfalfa,Legume
4412,almond extract vanilla,vanilla extract,Additive
4413,almond filling,almond,Dish
4414,almond powder,almond,Nuts and Seeds
4415,almond syrup,almond,Plant Derivative
4416,amaretti cookie,amaretti di saronno,Dish
4417,amber beer,beer,Beverage
4418,amchoor mango powder,amchoor,Spice
4419,angostura aromatic bitter,angostura bitter,Condiment
4420,angostura worcestershire sauce,worcestershire sauce,Condiment
4421,anise pod,anise,Spice
4422,anisette liqueur,anise,Spice
4424,apricot fruit,apricot,Fruit
4425,apricot half juice,apricot,Fruit
4426,apricot jelly,guepinia,Fruit
4427,artichoke heart brine,artichoke,Flower
4428,asian basil,basil,Herb
4430,atkins baking mix,baking mix,Dish
4431,avocado leaf,avocado,Essential Oil
4432,baby chicken,chicken,Meat
4433,baby corn lengthwise,baby corn,Maize
4434,baby lettuce spring green,spring green,Vegetable
4435,badia complete seasoning,spice mix,Spice
4436,bagel chip,bagel,Bakery
4437,bagoong,bagoong,Additive
4439,ball pizza dough,pizza,Bakery
4440,balsamic glaze,glaze,Dish
4441,banana chip,banana,Fruit
4442,banana pudding mix,banana pudding,Dish
4443,banana squash,banana,Fruit
4444,barley malt,barley,Cereal
4445,basa fillet,white fish,Fish
4446,basic pizza dough,pizza,Bakery
4447,basil pesto sauce,sauce,Additive
4448,bean thread vermicelli,noodle,Legume
4449,becel margarine,margarine,Additive
4450,beef back rib,short ribs,Meat
4451,beef chuck shoulder pot roast,chuck steak,Meat
4452,beef loin,beef,Meat
4453,beef medallion,beef,Meat
4454,beef onion soup mix,soup mix,Dish
4455,beef pot roast,beef,Meat
4456,beef steak fillet,beef,Meat
4457,beef t steak,beef,Meat
4458,beef tripe,beef,Meat
4459,biryani spice mix,spice mix,Spice
4460,bite mozzarella cheese ball,cheese,Dairy
4461,black bean dip,black bean,Legume
4462,black currant jam,black currant,Fruit
4463,black fig,mission fig,Fruit
4464,black olive tapenade,olive,Plant
4466,black red pepper,pepper,Spice
4467,black soybean,black soybean,Legume
4468,black truffle oil,olive,Plant
4469,blackberry preserve,blackberry,Fruit
4470,blue corn tortilla,tortilla,Dish
4471,blue corn tortilla chip,corn tortilla,Bakery
4472,bluefish,bluefish,Fish
4473,boca burger,burger,Dish
4474,bolillo,bread,Cereal
4475,bonito shaving,bonito flakes,Fish
4476,bottlegourd,calabash,Vegetable
4477,braunschweiger sausage,braunschweiger sausage,Meat
4479,breadcrumb panko,bread crumbs,Bakery
4480,breadcrumb white bread,bread,Bakery
4482,bresaola,bresaola,Meat
4483,broccoli raab,broccoli,Flower
4484,brown sausage,sausage,Dish
4485,brown stock,soup,Dish
4486,brown wild rice mix,wild rice,Cereal
4487,bulk hot pork sausage,pork sausage,Meat
4489,butter cake,butter cake,Dish
4490,butter extract,artificial butter flavoring,Additive
4491,butter oil,butter oil,Plant Derivative
4492,buttercream frosting,butter,Dairy
4493,buttermilk biscuit dough,buttermilk,Dish
4494,cake crumb,cake,Dish
4495,california almond,almond,Nuts and Seeds
4496,california chile pod,new mexico chile,Spice
4498,canadian cheddar cheese,cheese,Dairy
4500,canadian rye whisky,rye whiskey,Beverage-Alcoholic
4501,candle nut,nut,Nuts and Seeds
4502,candy cane,candy bar,Additive
4503,canola cooking spray,cooking spray,Additive
4504,cape gooseberry,cape gooseberry,Fruit
4505,caribou,caribou,Meat
4506,carrot diagonally,carrot,Vegetable
4508,challah bread,bread,Bakery
4509,chapati flour,flour,Cereal
4510,cheese cheddar,cheese,Dairy
4511,cheese italian,cheese,Dairy
4512,cherry candy bar,candy bar,Plant
4513,cherry gelatin,gelatin,Additive
4514,cherry grape tomato,tomato,Vegetable
4515,cherry jell o,lime jello,Additive
4516,chicken breast cutlet,chicken,Meat
4517,chicken noodle soup,chicken,Meat
4518,chicken stock salt,chicken,Meat
4519,chicken stock turkey,chicken,Meat
4520,chicken stuffing mix,chicken,Meat
4521,chicken taco seasoning mix,spice mix,Spice
4522,chicken vegetarian seasoning,chicken,Meat
4523,chile pepper jam,chili,Spice
4524,chili hot bean,beans,Legume
4525,chili olive oil,chili oil,Plant Derivative
4526,chinese bean,snake bean,Legume
4527,chinese black vinegar,black vinegar,Additive-Vinegar
4528,chinese chili garlic sauce,chili sauce,Condiment
4529,chinese chili paste garlic,chili oil,Plant Derivative
4530,chinese pancake,pancake,Dish
4531,chinese red chile bean paste,beans,Legume
4532,chipotle chili pepper,chipotle,Spice
4533,chipotle mayonnaise,mayonnaise,Condiment
4534,chipotle sauce,salsa,Condiment
4535,chocolate fudge pudding mix,pudding mix,Dish
4536,chocolate graham cracker,graham cracker,Bakery
4537,chocolate liqueur godiva,liqueur,Beverage-Alcoholic
4538,chocolate milk mix,chocolate milk,Beverage
4539,chocolate pudding,chocolate pudding,Dish
4540,chocolate ripple biscuit,chocolate,Plant Derivative
4541,chocolate sauce,chocolate sauce,Plant Derivative
4542,chocolate wafer cooky,chocolate wafer cookie,Bakery
4543,choice,sausage,Dish
4544,chunky tomato onion garlic sauce,tomato sauce,Condiment
4545,cinnamon red hot candy,cinnamon,Additive
4546,cinnamon schnapps,cinnamon,Additive
4549,classico tomato basil pasta sauce,sauce,Additive
4550,cocktail rye bread,bread,Bakery
4551,coconut butter,creamed coconut,Fruit
4552,coconut cream pudding mix,pudding mix,Dish
4553,coffee extract,coffee,Beverage Caffeinated
4554,concord grape,concord grape,Fruit
4555,cooking cream,cream,Dairy
4556,cooking oil lard,cooking oil,Additive
4557,corn relish,corn,Maize
4558,cornbread muffin mix,bread,Dish
4559,cranberry jelly,cranberry sauce,Fruit
4560,cream chicken soup mix,chicken soup,Meat
4561,cream mushroom soup celery,cream celery soup,Dish
4562,creme de cassis liqueur,chocolate liqueur,Beverage-Alcoholic
4563,crisp chow mein noodle,noodle,Cereal
4564,culantro cilantro,coriander,Herb
4565,cupcake,cake,Dish
4566,curd cheese,cheese,Dairy
4567,currant juice,redcurrant sauce,Fruit
4568,dark amber maple syrup,maple syrup,Additive
4569,dark balsamic vinegar,balsamic vinegar,Additive-Vinegar
4570,dark chocolate square,dark chocolate,Plant
4571,dashi soup,dashi,Dish
4572,de leche,dulce de leche,Dish
4573,deer,deer,Meat
4575,deli pepperoni,pepperoni,Meat
4576,deli rotisserie chicken,chicken,Meat
4577,dirty rice mix,spanish rice,Cereal
4578,double cream whipping,whipped cream,Dairy
4579,dr pepper cola,pepper,Spice
4580,duck egg,duck,Meat
4581,duncan hines yellow cake mix,cake,Dish
4582,each salt black pepper,pepper,Spice
4583,each salt pepper,pepper,Spice
4584,el taco seasoning mix,spice mix,Spice
4585,elderberry flower,elderberry,Fruit
4586,enchilada seasoning,spice mix,Spice
4587,extra coffee,coffee,Beverage Caffeinated
4588,extra olive oil,olive oil,Plant Derivative
4589,extra pork,pork,Meat
4590,extra spicy seasoning,spice mix,Spice
4591,fesh coconut,coconut,Beverage
4592,feta cheese herb,cheese,Dairy
4593,fiesta mexican cheese,cheese,Dairy
4594,fiesta nacho cheese soup,cheese,Dish
4595,fillet grouper,grouper,Fish
4596,fillet rainbow trout,rainbow trout,Fish
4597,fillet swai fish,whitefish,Fish
4598,fillet walleye,walleye,Fish
4599,fine cornmeal,cornmeal,Maize
4600,fish stock vegetable,vegetable stock,Vegetable
4601,flavoring,vanilla extract,Additive
4603,fontinella cheese,cheese,Dairy
4604,freekeh,durum wheat,Cereal
4605,freestone peach,peach,Fruit
4606,french haricot vert green bean,green bean,Cereal
4607,french sandwich,sandwich,Dish
4608,french vanilla non dairy coffee creamer,vanilla,Dairy
4609,frito bean dip,bean dip,Condiment
4610,fry bread,bread,Bakery
4611,fudge brownie mix,fudge,Dish
4612,fuggles hop,hops,Beverage-Alcoholic
4613,gammon steak,steak,Fish
4614,garbanzo bean liquid,chickpea,Legume
4615,garlic cheese,garlic,Dairy
4616,garlic grapeseed oil,garlic oil,Essential Oil
4617,garlic herb couscous mix,garlic herb,Herb
4618,garlic herb spreadable cheese,cheese,Dairy
4619,garlic seasoning,garlic,Herb
4620,garlic sprout,garlic,Herb
4621,germain elderflower liqueur,liqueur,Beverage-Alcoholic
4622,ginger biscuit,ginger,Spice
4623,gluten bread,gluten,Cereal
4624,gluten flour rice,rice flour,Cereal
4625,godiva white chocolate liqueur,alcohol,Beverage-Alcoholic
4626,goji berry,berry,Berry
4627,golden sultana raisin,sultana raisin,Fruit
4628,goya sofrito sauce,sofrito sauce,Condiment
4629,grain alcohol,alcohol,Beverage-Alcoholic
4630,grain breadcrumb,bread crumb,Bakery
4631,grain cereal,granola cereal,Cereal
4632,grain paradise,grain of paradise,Cereal
4633,grain wild rice mix,rice mix,Cereal
4634,grapefruit juice concentrate,grapefruit juice,Beverage
4635,grapefruit zest,grapefruit,Beverage
4636,greek natural yoghurt,yogurt,Dairy
4637,greek vinaigrette,salad dressing,Additive
4638,green cardamom powder,cardamom,Spice
4640,green glazed cherry,cherry,Additive
4641,green papaya,green papaya,Fruit
4642,green pepper flake,capsicum,Vegetable Fruit
4643,green sugar,sugar,Additive
4644,guajillo chile powder,guajillo chile,Vegetable
4645,half milk,milk,Dairy
4646,ham spread,ham,Meat
4649,harusame noodle,noodle,Cereal
4650,hatch chile pepper,hatch chile pepper,Vegetable
4651,hearty bread,bread,Bakery
4654,herb salt,seasoned salt,Additive-Salt
4655,herman sourdough starter,bread,Dish
4656,hershey bar,chocolate bar,Plant
4657,hershey chocolate chip,chocolate chip,Additive
4658,hershey chocolate kiss,chocolate,Plant Derivative
4662,high milk chocolate,milk chocolate,Plant
4663,home bread,bread,Bakery
4664,hominy grit,corn grits,Maize
4665,honey comb,honey,Plant Derivative
4666,honey mustard dressing,honey,Plant Derivative
4667,hot chocolate mix,hot chocolate,Beverage
4668,hot egg noodle,egg,Meat
4669,hot red pepper sauce,pepper sauce,Condiment
4670,hp steak sauce,steak sauce,Condiment
4671,huckleberry,huckleberry,Fruit
4672,ice cream topping,topping,Additive
4673,ice wine,wine,Beverage-Alcoholic
4674,idaho baking potato,baking potato,Vegetable
4675,italian pastina,parsley,Spice
4676,italian sausage spaghetti sauce,italian sausage,Meat
4677,italian seasoning basil,italian seasoning,Herb
4678,italian seasoning oregano,italian seasoning,Herb
4679,jalapeno havarti cheese,havarti,Dairy
4680,jamon serrano,ham,Meat
4681,jelly crystal,redcurrant sauce,Fruit
4682,jigger peach schnapps,peach,Beverage-Alcoholic
4683,jigger rum,rum,Beverage-Alcoholic
4684,jose cuervo tequila,tequila,Beverage-Alcoholic
4685,juice lime,lime juice,Beverage
4686,jumbo black olive,olive,Plant
4687,kashmiri chilies,chili,Spice
4688,kashmiri red chili powder,chili powder,Spice
4689,kidney bean sauce,kidney bean,Legume
4690,korean red chili pepper flake,cherry pepper,Spice
4691,korean rice cake,rice cake,Dish
4692,korean sesame oil,sesame oil,Essential Oil
4693,korean soy bean paste,soybean,Condiment
4694,kraft catalina dressing,french dressing,Condiment
4695,kraft english cheese spread,cheese,Dairy
4696,kraft mexican four cheese,cheese,Dairy
4697,lamb leg chop,lamb,Meat
4698,lancashire cheese,cheese,Dairy
4699,land o ' lake butter,butter,Dairy
4700,lasagne noodle,noodle,Cereal
4702,lebanese bread,bread,Bakery
4703,leek soup mix,onion soup,Dish
4704,leek white green,leek,Vegetable
4705,lemon basil,lemon basil,Herb
4706,lemon flavoring,lemon,Fruit
4707,lemon marmalade,lemon,Additive
4708,lemon soda,lemon-lime drink,Beverage
4709,lemon vinaigrette,lemon,Additive
4710,lemongrass paste,lemongrass,Herb
4711,licorice root,licorice,Herb
4712,lime cordial,lime,Fruit
4713,lime marmalade,marmalade,Additive
4714,lingonberry jam,lingonberry jam,Fruit
4716,liquid shrimp crab boil seasoning,spice mix,Spice
4717,loaf challah,meat loaf,Bakery
4718,lobster stock,lobster,Seafood
4719,lotus leaf,lotus leaf,Plant
4720,lychee heavy syrup,lychee,Fruit
4721,lychee juice,lychee,Fruit
4722,macadamia half,macadamia,Beverage
4723,mahleb,cherry seeds,Spice
4724,major grey chutney,major grey chutney,Additive
4725,mandarin orange syrup,mandarin orange,Plant Derivative
4726,mango peach salsa,salsa,Condiment
4727,marinara sauce pizza,marinara sauce,Condiment
4729,matchstick carrot,carrot,Vegetable
4730,meatloaf,meat loaf,Dish
4731,melon seed,melon,Fruit
4732,menudo spice mix,spice mix,Spice
4733,meringue nest,meringue,Bakery
4734,meringue powder,meringue,Bakery
4738,mexican chorizo,pork,Meat
4739,mexican hominy,hominy,Maize
4740,milk greek yogurt,greek yogurt,Dairy
4741,minado perfect sushi rice,rice,Cereal
4742,minestrone soup,minestrone,Dish
4743,mini tart shell,tart,Bakery
4744,mint powder,mentha,Herb
4745,multi grain bread,wheat tortilla,Bakery
4746,multicolored candy sprinkle,chocolate,Plant Derivative
4747,multicolored sprinkle,chocolate,Plant Derivative
4748,mushroom button,mushroom,Fungi
4749,mushroom soup mix,cream celery soup,Dish
4750,mutton mince,beef,Meat
4751,mutton neck,lamb,Meat
4752,my take sneaky orange puree,orange,Fruit
4753,nature seasoning,spice mix,Spice
4754,new mexico chile pod,new mexico chile,Spice
4755,new mexico red chile powder,new mexico chile,Spice
4756,no salt chicken broth,chicken,Meat
4757,no salt corn,tomato,Vegetable
4758,no yolk noodle,pasta,Cereal
4759,non dairy creamer,whipped cream,Dairy
4760,nonfat cheddar cheese,cheese,Dairy
4761,nonstick cooking,cooking spray,Additive
4762,nut oil,peanut oil,Essential Oil
4763,nutella chocolate hazelnut spread,chocolate spread,Additive
4764,oil corn,corn oil,Maize
4765,oil enough,oil,Additive
4766,olive black,olive,Plant
4767,orange curacao liqueur,curacao liqueur,Beverage-Alcoholic
4768,orange essence,orange,Fruit
4769,ortega taco sauce,taco sauce,Condiment
4770,pale ale,ale,Beverage-Alcoholic
4772,pancit noodle,noodle,Cereal
4773,pandan extract,pandanus amarylifolius,Additive
4774,panko japanese bread crumb,bread crumbs,Bakery
4776,paprika vera,paprika,Vegetable
4777,party rye,rye flour,Cereal
4778,passion fruit nectar,passion fruit,Fruit
4779,pasta sauce meat,meat,Meat
4780,pea corn,corn,Maize
4781,pea green,pea,Legume
4782,peach heavy syrup,peach,Plant Derivative
4783,peach jam,peach,Fruit
4784,peameal bacon,bacon,Meat
4785,peanut oil olive,olive oil,Plant Derivative
4786,pear half juice,pear,Beverage
4787,pearl couscous,ptitim,Cereal
4788,pepper bacon,pepper,Spice
4789,pepper jalapeno,pepper,Spice
4790,peppermint,peppermint,Herb
4791,phyllo tart shell,phyllo,Bakery
4792,pie,pie,Dish
4793,pig,pig,Meat
4795,piloncillo brown sugar,panela,Additive-Sugar
4796,pilsner beer,beer,Beverage
4797,pimento green olive,olive,Dish
4798,pineapple concentrate,pineapple,Beverage
4799,pineapple juice concentrate,pineapple,Beverage
4800,pineapple sherbet,pineapple,Beverage
4801,piri sauce,sauce,Additive
4802,pistachio ice cream,pistachio ice cream,Dish
4803,pita bread wheat,bread,Cereal
4804,pizza dough crust,pizza,Bakery
4805,plum jelly,fruit preserve,Fruit
4806,plum preserve,fruit preserve,Fruit
4807,plum rom tomato,tomato,Vegetable
4808,plum tomato liquid,tomato,Vegetable
4809,pod okra,okra,Vegetable
4810,pomegranate aril,pomegranate,Fruit
4811,pomegranate concentrate,pomegranate juice,Fruit
4812,pomfret fish,butter fish,Fish
4813,popped corn,corn,Maize
4814,poppy seed paste,poppy seed,Spice
4815,pork breakfast sausage,pork,Meat
4816,pork filet,pork,Meat
4817,pork sirloin,pork,Meat
4818,potato homestyle,potato,Vegetable Tuber
4819,potato pierogies,potato,Vegetable Tuber
4820,potato southwest hash brown,hash brown,Dish
4821,preserve,fruit preserves,Fruit
4822,progresso italian breadcrumb,bread crumb,Bakery
4823,pumpkin seed oil,pumpkin seed,Nuts and Seeds
4824,puree,tomato puree,Vegetable
4825,quaker oat,oatmeal,Cereal
4826,queso asadero mexican cheese,cheese,Dairy
4827,quinoa flour,flour,Cereal
4828,radiatore,pasta,Cereal
4830,ranch fiesta dip mix,ranch dressing,Condiment
4832,raspberry cranberry juice concentrate,cranberry juice,Beverage
4833,raspberry vinaigrette salad dressing,salad dressing,Condiment
4834,rava,rava,Cereal
4835,red bird eye chile,bird 's eye chile,Vegetable
4836,red chile paste,chili,Spice
4837,red chili flake,chili,Spice
4838,red leicester cheese,cheese,Dairy
4839,red pepper seasoning,capsicum,Vegetable Fruit
4840,red pumpkin,pumpkin,Fruit
4841,red raspberry jam,raspberry jam,Fruit
4842,red thai pepper,pepper,Spice
4843,rib eye steak each,rib eye steak,Meat
4844,rice flour brown,rice,Cereal
4845,rice krispies cereal,rice cereal,Cereal
4846,rice pilaf mix,pilaf,Dish
4847,ro tel mexican festival tomato,tomato,Vegetable
4848,ro tel tomato pepper,tomato,Vegetable
4849,rock shrimp,shrimp,Seafood
4850,royal icing,royal icing,Additive
4851,rub seasoning,spice mix,Spice
4852,runner bean,bean,Legume
4853,safflower oil corn,corn oil,Maize
4854,sage derby cheese,sage derby,Dairy
4855,salad macaroni,macaroni,Plant
4856,salad seasoning mix,spice mix,Spice
4857,salt lemon pepper,salad dressing,Spice
4858,saltine,saltine cracker,Bakery
4859,sansho pepper,sansho pepper,Vegetable
4860,sargento mexican cheese,cheese,Dairy
4861,saudi kabsa spice mix,spice mix,Spice
4862,sausage dripping,sausage,Dish
4863,sausage gravy,sausage,Dish
4864,sazon con,seasoning mix,Dish
4865,scalloped potato mix,potato gratin,Dish
4866,season italian salad dressing mix,salad dressing,Dish
4867,serving cooking spray,cooking spray,Additive
4868,sesame ginger marinade,marinade,Condiment
4869,sesame ginger salad dressing,salad dressing,Dish
4870,sesame salt,salt,Additive
4871,shanghai noodle,noodle,Cereal
4872,shaoxing rice wine,shaoxing wine,Beverage-Alcoholic
4873,sharp provolone cheese,cheese,Dairy
4874,shitake mushroom,mushroom,Fungi
4875,shoepeg corn,shoepeg corn,Maize
4876,shortcrust pastry dough,pastry dough,Bakery
4877,shrimp bouillon cube,shrimp bouillon,Dish
4878,side bacon,bacon,Meat
4879,simple syrup water,simple syrup,Additive
4880,skin chicken thigh,chicken,Meat
4881,skor candy bar,candy bar,Plant
4882,sloe gin,sloe gin,Beverage-Alcoholic
4883,soda cracker crumb,cracker,Bakery
4884,sorrel leaf,sorrel,Herb
4885,sourdough breadcrumb,bread crumb,Bakery
4886,southern comfort liqueur,southern comfort,Beverage-Alcoholic
4887,southern hash brown potato,hash brown,Dish
4888,southwestern chicken strip,chicken,Meat
4889,soy bean oil,soybean oil,Legume
4890,soy cheddar cheese,cheese,Dairy
4891,soy protein,soy protein,Plant Derivative
4892,soya granule,soy sauce,Condiment
4893,spaghetti sauce garlic,tomato sauce,Condiment
4894,spanish mackerel,spanish macherel,Fish
4895,sparerib rack,pork,Meat
4896,spice cake mix,spice mix,Spice
4897,spreadable goat cheese,cheese,Dairy
4898,spring onion leaf,scallion,Herb
4899,squash blossom,squash,Fruit
4900,standing rib roast,beef,Meat
4901,stir fry seasoning,bread,Dish
4902,strawberry cream cheese,cheese,Dairy
4903,strawberry jelly crystal,strawberry jelly,Fruit
4904,sugar cookie mix,sugar,Additive
4905,sugar crystal,sugar,Additive
4906,summer squash lengthwise,summer squash,Fruit
4907,sun tomato puree,sun dried tomato puree,Vegetable
4908,superfine sugar caster,sucrose,Additive-Sugar
4909,sushi,sushi,Dish
4910,sysco chicken base,chicken,Meat
4911,taco bell sauce,sauce,Additive
4912,taco bell seasoning,spice mix,Spice
4913,tamarind soup base,tamarind,Dish
4914,tart baking apple,apple tart,Fruit
4915,tempura flour,flour,Cereal
4916,tempura shrimp,tempura shrimp,Seafood
4917,tender,chicken,Meat
4918,tennessee whiskey,tennessee whiskey,Beverage-Alcoholic
4919,texas pete sauce,sauce,Additive
4920,thai tea,tea,Plant
4921,thousand island dressing,salad dressing,Dish
4922,tofutti cream,sour cream,Dairy
4923,togarashi,shichimi,Spice
4925,tomato basil feta cheese,cheese,Dairy
4926,tomato basil garlic seasoning,spicemix,Herb
4927,tomato dressing,tomato,Condiment
4928,tomato garlic olive oil,olive oil,Plant Derivative
4929,tomato sauce basil garlic oregano,tomato sauce,Condiment
4930,tomato sauce mushroom,tomato sauce,Condiment
4931,tomato soup mix,tomato soup,Dish
4933,tri pasta,pasta,Cereal
4934,tubetti pasta,pasta,Cereal
4935,turkey breast cutlet,turkey,Meat
4936,turkey giblet,turkey,Meat
4937,turkey liver,turkey,Meat
4938,turkish coffee powder,instant coffee,Beverage
4939,tuscan bread,bread,Bakery
4940,tuscany seasoning,spice mix,Spice
4941,tuvar dal,pea,Legume
4942,vanilla chip,vanilla,Legume
4943,vanilla coffee creamer,vanilla,Legume
4944,vanilla greek yogurt,greek yogurt,Dairy
4945,vanilla sugar extract,vanilla extract,Additive
4946,veal medallion,veal,Meat
4947,veal mince,veal,Meat
4948,veal stock chicken,chicken,Meat
4949,veg vegetable,vegetable,Vegetable
4950,vegan cream cheese,cheese,Dairy
4951,vegan sugar,sugar,Additive
4952,vegetable beef soup,beef soup,Meat
4953,vegetable choice,vegetable,Vegetable
4954,vegetable corn,corn,Maize
4955,vegetable corn oil,vegetable oil,Plant Derivative
4956,vegetable green bean,green bean,Cereal
4957,vegetable margarine,vegetable margarine,Additive
4958,vegetable oil not olive,olive oil,Plant Derivative
4959,vegetable stock mushroom,vegetable stock,Vegetable
4960,vegetarian beef stock cube,beef stock,Meat
4961,vegetarian chicken broth,vegetable broth,Dish
4962,vegetarian chicken stock,chicken stock,Dish
4964,vegetarian parmesan cheese,cheese,Dairy
4965,venison stew meat,venison,Meat
4966,vitamin c powder,chili powder,Spice
4967,walleye fillet,walleye,Fish
4968,water chestnut flour,water chestnut,Nuts and Seeds
4969,water tuna,tuna,Fish
4970,watermelon schnapps,watermelon liqueur,Beverage-Alcoholic
4971,wheat biscuit,wheat biscuit,Bakery
4972,wheat bread grain,bread,Bakery
4973,wheat fusilli,wheat fusilli,Cereal
4974,wheat gluten,wheat gluten,Cereal
4975,wheat penne pasta,pasta,Cereal
4976,white american cheese,cheese,Dairy
4977,white anchovy,anchovy,Fish
4978,white baking chocolate,white chocolate,Plant Derivative
4979,white chicken,chicken,Meat
4980,white chocolate liqueur,chocolate liqueur,Beverage-Alcoholic
4981,white chocolate wafer,chocolate wafer,Additive
4982,white corn tortilla chip,corn tortilla,Bakery
4984,white lentil,lentils,Legume
4985,white peach,peach,Fruit
4986,white pumpkin,pumpkin,Fruit
4987,wide noodle,noodle,Meat
4988,wild duck,wild duck,Meat
4989,wine sauerkraut,sauerkraut,Vegetable
4990,wok oil,oil,Additive
4991,wonton,wonton,Herb
4993,worchestershire sauce,sauce,Additive
4995,xylitol sugar substitute,sugar substitute,Vegetable
4996,yellow bean sauce,sauce,Additive
4997,yellow corn flour,corn starch,Maize
4998,yellow mung bean,mung bean,Legume
4999,yellow peach,peach,Fruit
5000,yellow pear tomato,tomato,Vegetable
5001,yellow white corn,corn,Maize
5002,yellowfin tuna steak,fish,Fish
5003,zest orange,orange,Fruit
5004,zwieback toast,toast,Bakery
5005,absolut kurant vodka,vodka,Beverage-Alcoholic
5006,absolut mandarin vodka,vodka,Beverage-Alcoholic
5007,aji amarillo chili paste,aji amarillo,Vegetable
5008,aji amarillo pepper,aji amarillo,Vegetable
5009,ajwain seed,ajwain,Spice
5010,alligator meat,alligator meat,Meat
5011,almond cookie,almond,Nuts and Seeds
5012,almond macadamia nut,almond,Nuts and Seeds
5013,alphonso mango,alphonso mango,Fruit
5014,alpine lace swiss cheese,cheese,Dairy
5015,amaranth flour,amaranth grain,Herb
5016,amarula liqueur,amarula,Beverage-Alcoholic
5017,amber rum,rum,Beverage-Alcoholic
5018,anchovy essence,anchovy,Fish
5019,anejo cheese,cheese,Dairy
5020,animal cracker,animal cracker,Bakery
5021,anise extract oil,anise,Spice
5022,apple jack,alcohol,Beverage-Alcoholic
5023,apricot fruit spread,apricot,Fruit
5024,apricot juice,apricot,Fruit
5025,apricot marmalade,fruit preserve,Fruit
5026,apricot preserve peach,fruit preserves,Fruit
5027,apricot syrup,apricot,Fruit
5028,arabic bread,bread,Bakery
5029,artisan bread,bread,Bakery
5030,asiago parmesan cheese,cheese,Dairy
5031,asian five spice powder,spice mix,Spice
5032,asian noodle,noodle,Cereal
5033,asian vegetable,vegetable,Vegetable
5034,astragalus root,ginger,Spice
5035,au jus gravy,sauce,Additive
5036,baby salad green,salad,Dish
5037,bacardi limon,rum,Beverage-Alcoholic
5040,ball mozzarella cheese,cheese,Dairy
5041,balsamic salad dressing,balsamic vinaigrette,Additive
5042,banana blossom,banana,Fruit
5043,banana flavoring,banana,Fruit
5044,banana ketchup,banana ketchup,Condiment
5045,bar,chocolate bar,Plant
5046,barbeque seasoning,spice mix,Spice
5047,barilla no boil lasagna noodle,pasta,Cereal
5048,basil olive oil,basil,Essential Oil
5049,bass fillet,sea bass,Fish
5050,bavarian sauerkraut,sauerkraut,Vegetable
5052,bean kidney,kidney bean,Legume
5053,bearnaise sauce,sauce,Additive
5054,beef bacon,beef,Meat
5055,beef brain,beef,Meat
5056,beef chicken,chicken,Meat
5057,beef double bouillon cube,beef bouillon cube,Meat
5058,beef each,beef,Meat
5059,beef eye roast,beef,Meat
5060,beef gravy granule,gravy,Dish
5061,beef roast seasoning,roast beef,Meat
5062,beef silverside,beef,Meat
5063,beef stew,beef,Meat
5064,beef stew seasoning,beef,Meat
5065,beef stock granule,beef stock,Meat
5066,beef stock veal,beef stock,Meat
5067,beef tri tip,beef,Dish
5068,beefy onion soup mix,onion soup,Dish
5069,beet green,beet,Vegetable
5070,bel paese cheese,cheese,Dairy
5071,bell seasoning,spice mix,Spice
5072,berbere seasoning,berbere,Spice
5073,betel leaf,bay leaf,Plant
5074,betty crocker sugar cookie mix,chocolate pudding,Dish
5075,bird eye chili,bird 's eye chile,Vegetable
5076,bison,bison,Meat
5077,bisto gravy mix,gravy,Dish
5078,black cardamom seed,black cardamom,Legume
5079,black olive paste,olive,Plant
5080,black sesame,black sesame seed,Nuts and Seeds
5081,black sticky rice,black rice,Cereal
5082,blackberry syrup,blackberry,Fruit
5083,bleu cheese,cheese,Dairy
5084,blue cornmeal,corn,Maize
5085,blue crab meat,crab meat,Seafood
5086,blue curacao liqueur,blue curacao,Beverage-Alcoholic
5087,blueberry wine,blueberry,Fruit
5088,bluefish fillet,fish,Fish
5089,bock beer,beer,Beverage-Alcoholic
5090,borage leaf,borage,Herb
5091,bovril powder,chili powder,Spice
5092,bran,cereal,Cereal
5093,brandy extract,brandy,Beverage-Alcoholic
5094,brandy flavoring,brandy,Beverage-Alcoholic
5095,bratwurst link,sausage,Dish
5096,bread cracker crumb,bread crumbs,Bakery
5097,bread out,bread,Bakery
5099,breadcrumb bread crumb,bread crumb,Bakery
5100,breadcrumb cracker crumb,bread,Bakery
5101,breadcrumb gluten,gluten,Cereal
5102,breadcrumb wheat,wheat,Cereal
5103,brioche,bread,Bakery
5104,brown,brown sugar,Additive-Sugar
5105,brown beef gravy,gravy,Dish
5106,brown gravy,brown sauce,Dish
5107,brown onion coarsely,onion,Vegetable
5108,brown onion soup mix,onion soup,Dish
5110,brown rice pasta,pasta,Cereal
5111,brown sesame seed,sesame,Cereal
5112,brussels sprout lengthwise,brussels sprout,Vegetable
5113,bud beer,beer,Beverage
5114,buddha pizza pie crust,pizza crust,Bakery
5115,buffalo sauce,buffalo sauce,Condiment
5116,bulk chorizo sausage,sausage,Dish
5117,bulk spicy pork sausage,pork,Meat
5118,burghul wheat,wheat,Cereal
5119,burgundy cooking wine,wine,Beverage-Alcoholic
5120,burrito,burriti,Spice
5121,bush bean,bean,Legume
5122,butterfinger candy bar,candy,Plant
5123,buttermilk ranch dressing,salad dressing,Condiment
5124,butternut,butternut,Nuts and Seeds
5126,cabbage coleslaw,coleslaw,Condiment
5127,caciocavallo,cheese,Dairy
5128,cactus leaf,agave,Plant
5129,cadbury bournville cocoa,cocoa,Seed
5130,caesar flavor crouton,cajun seasoning,Plant Derivative
5131,cake tofu,tofu,Plant Derivative
5133,california vegetable,vegetable,Vegetable
5134,california walnut,walnut,Nuts and Seeds
5135,camomile tea,tea,Plant
5136,campbell beef consomme soup,consomme,Meat
5137,campbell cream celery soup,cream celery soup,Dish
5138,canadian rye,canadian bacon,Meat
5139,cantal cheese,cheese,Dairy
5140,capacola sausage,sausage,Dish
5141,caper berry,capers,Fruit
5142,caper juice,capers,Beverage
5143,caramel sundae syrup,syrup,Plant Derivative
5144,caribbean sauce,sauce,Additive
5145,caribbean seasoning,spice mix,Spice
5146,caribou roast,caribou,Meat
5147,carp,common carp,Fish
5148,carrot lengthwise,carrot,Vegetable
5149,cashew paste,cashew,Nuts and Seeds
5150,cavatelli pasta,pasta,Cereal
5151,cavenders greek seasoning,spice mix,Spice
5152,center pork loin roast,pork,Meat
5153,chachere seasoning,spice mix,Spice
5154,chai tea mix,black tea,Beverage
5155,chai tea teabags,tea,Beverage
5156,challah egg bread,egg,Meat
5157,challah french bread,baguette,Bakery
5158,chana dal,split chickpea lentils,Legume
5159,chang chinese noodle,noodle,Cereal
5160,chard,chard,Vegetable
5161,chavrie goat cheese,cheese,Dairy
5162,cheese choice,cheese,Dairy
5163,cheese food velveeta,cheese,Dairy
5164,chermoula,north african sauce,Condiment
5165,cherry cola,cherry,Additive
5166,cherry tomato half,tomato,Fruit
5167,cherry vodka,cherry vodka,Beverage-Alcoholic
5168,chicken apple sausage,sausage,Dish
5169,chicken bullion cube,chicken,Meat
5170,chicken cube,chicken,Meat
5171,chicken curry powder,chicken,Meat
5172,chicken drumettes,chicken,Meat
5173,chicken patty,chicken,Meat
5174,chicken seasoning mix,spice mix,Spice
5175,chicken skin,chicken,Meat
5176,chicken stock meat,chicken,Meat
5177,chicken stock pork,chicken,Meat
5178,chicken stock veal,chicken,Meat
5179,chicken tender breast,chicken,Meat
5180,chicken wing sauce,chicken,Meat
5181,chile de arbol,chili de arbol pepper,Spice
5182,chili green,chili pepper,Vegetable
5183,chimichurri sauce,sauce,Additive
5184,chinese barbecue sauce,chinese barbecue sauce,Condiment
5185,chinese black bean sauce,sauce,Additive
5186,chinese bun,bun,Bakery
5187,chinese rock sugar,rock sugar,Additive-Sugar
5188,chinese sesame paste,tahini,Dish
5189,chipolata sausage,sausage,Dish
5190,chipotle chilies adobo sauce,chipotle chile in adobo,Vegetable
5191,chipotle pepper puree,pepper puree,Vegetable
5192,chocolate bit,chocolate,Plant Derivative
5193,chocolate buttercream,chocolate buttercream,Additive
5194,chocolate chip milk,milk chocolate,Additive
5195,chocolate egg,egg,Meat
5196,chocolate flavor nesquik powder,chocolate,Plant Derivative
5197,chocolate hazelnut,hazelnut,Additive
5198,chourico sausage,chorizo,Meat
5199,chunky applesauce,apple sauce,Fruit
5200,ciabatta bun,hamburger,Bakery
5201,ciabatta french bread,baguette,Bakery
5202,citrus juice,citrus fruits juice,Beverage
5203,citrus peel lemon,lemon,Fruit
5204,citrus zest,lemon,Fruit
5205,claret wine,wine,Beverage-Alcoholic
5208,clear tequila,tequila,Beverage-Alcoholic
5209,clear vanilla extract,vanilla extract,Essential Oil
5210,clear vegetable stock,vegetable stock,Vegetable
5211,clementine juice,clementine,Fruit
5212,club cracker,cracker,Bakery
5213,coco pop cereal,granola cereal,Cereal
5214,coconut amino,coconut,Beverage
5215,coconut biscuit,coconut,Beverage
5216,cod fillet portion,cod,Fish
5217,coffee ice cube,ice,Additive
5218,coffee mate,coffee,Beverage Caffeinated
5219,colby longhorn cheese,cheese,Dairy
5220,contadina tomato paste,tomato paste,Vegetable
5221,cooking liquid,cooking oil,Additive
5222,cooking oil enough,cooking oil,Additive
5223,cooking oil vegetable,cooking spray,Additive
5224,cooking sake,sake,Beverage-Alcoholic
5225,coriander coarsely,coriander,Herb
5226,coriander cumin powder,cumin,Spice
5227,corn meal,corn meal,Maize
5228,corn tostada shell,corn tortilla,Bakery
5229,cornflakes cereal crumb,cornflakes cereal,Maize
5230,cornmeal rolling,corn meal,Maize
5231,crab crabmeat,crab meat,Seafood
5232,cranberry apple juice,cranberry juice,Beverage
5233,cranberry jam,cranberry,Fruit
5234,cranberry raspberry juice,cranberry juice,Beverage
5235,crayfish,crawfish,Seafood
5236,crayfish tail,crawfish,Seafood
5237,cream may,cream,Dairy
5238,cream spinach soup mix,chicken soup,Meat
5239,cream substitute,sour cream,Dairy
5240,cream syrup,cream,Dairy
5241,creamy cucumber salad dressing,salad dressing,Dish
5242,creamy horseradish sauce,horseradish sauce,Condiment
5243,crisco nonstick cooking spray,cooking spray,Additive
5244,croissant dough,dough,Cereal
5245,cross rib roast,prime rib,Meat
5246,crystal sauce,sauce,Additive
5247,cube bread,bread,Bakery
5248,cucumber juice,cucumber juice,Beverage
5249,cucuzza,suzza melon,Fruit
5250,cuervo gold tequila,tequila,Beverage-Alcoholic
5251,cuervo tequila,tequila,Beverage-Alcoholic
5252,daikon sprout,daikon,Vegetable
5253,dairy cream,cream,Dairy
5254,dairy margarine,margarine,Additive
5255,danish pumpernickel bread,bread,Bakery
5256,dark ale,stout beer,Beverage-Alcoholic
5257,dark baking chocolate,dark chocolate,Plant
5258,dark grape juice,grape juice,Beverage
5259,dark jamaican rum,rum,Beverage-Alcoholic
5260,dark roast coffee,roast coffee,Legume
5262,delicious apple,apple,Fruit
5264,dessert topping mix,topping mix,Additive
5266,dijonnaise mustard,mustard,Spice
5267,dinner dough,bread,Bakery
5268,dish pie crust,pie crust,Bakery
5269,doubanjiang,doubanjiang,Condiment
5270,double cream heavy whipping,whipped cream,Dairy
5271,double tomato paste,tomato,Vegetable
5272,dressing mix,ranch dressing,Condiment
5273,drink mix,pina colada,Dish
5274,duck liver,duck,Meat
5275,dumpling skin,dumpling,Dish
5276,durian,durian,Fruit
5277,durum flour,durum wheat,Cereal
5278,ear baby corn,baby corn,Maize
5279,egg bun,egg,Meat
5280,egg white powder,egg,Meat
5281,egg white salt,egg,Meat
5282,egg white water,egg,Meat
5283,el green chilies,chili powder,Vegetable
5284,elk meat,elk,Meat
5285,empanada wrapper,wonton,Herb
5286,enchilada sauce mix,enchilada,Condiment
5287,eucalyptus oil,oil,Additive
5288,everclear alcohol,alcohol,Beverage-Alcoholic
5290,extra broad egg noodle,noodle,Cereal
5291,extra cheddar cheese,cheese,Dairy
5292,extra cream,cream,Dairy
5293,extra large egg white,egg,Meat
5294,extra silken tofu,tofu,Plant Derivative
5295,extra virgin oil,olive oil,Plant Derivative
5296,extract,vanilla extract,Additive
5297,fajita chicken strip,chicken,Meat
5299,fatty pork,pork,Meat
5300,fennel green,fennel,Herb
5301,fettuccine noodle,fettuccine,Cereal
5302,fideo noodle,noodle,Cereal
5303,fideo pasta,pasta,Cereal
5304,fillet mahi,mahi mahi,Fish
5305,fillet rockfish,rockfish,Fish
5306,fillet sea bass,sea bass,Fish
5307,fine dutch rusk crumb,rusk,Cereal
5308,fish fillet choice,fish fillet,Fish
5309,fish stock clam juice,clam juice,Beverage-Alcoholic
5310,flake coconut,coconut,Beverage
5311,flakey biscuit,biscuit,Bakery
5312,flaky pastry dough,pastry,Bakery
5313,flat,parsley,Spice
5314,flat egg noodle,egg,Meat
5315,flat noodle,noodle,Cereal
5316,food mayonnaise,mayonnaise,Condiment
5317,four cheese ravioli,ravioli,Dairy
5318,frangelico liqueur,liqueur,Beverage-Alcoholic
5319,frank red hot sauce,sauce,Additive
5320,french bread baguette,baguette,Bakery
5321,french breadstick,bread,Bakery
5322,french dijon mustard,mustard,Condiment
5323,french italian bread,bread,Bakery
5324,french potato,potato,Vegetable Tuber
5325,french tarragon,tarragon,Herb
5326,french vanilla cake mix,cake mix,Dish
5327,fritos chili cheese corn chip,corn chip,Maize
5328,fromage blanc,fromage blanc,Dairy
5329,fructose,sugar,Additive
5330,fruit apple,apple,Fruit
5331,fruit cocktail juice,fruit cocktail,Beverage
5332,fruit jelly,fruit gum,Fruit
5333,fruit pectin crystal,pectin,Additive
5334,fruit punch,fruit juice,Beverage
5335,fruit sauce,sauce,Additive
5336,fruit spread,spread,Fruit
5337,fruit yogurt,yogurt,Dairy
5338,gai lan,chinese broccoli,Flower
5339,garlic bread crumb,bread,Bakery
5340,garlic chili sauce,hot sauce,Condiment
5341,garlic olive oil couscous,garlic flavored olive oil,Plant Derivative
5342,garlic onion pasta sauce,sauce,Additive
5343,garlic onion spaghetti sauce,tomato sauce,Condiment
5344,garlic red pepper spice mix,capsicum,Vegetable Fruit
5345,garlic toast,garlic,Herb
5346,german sausage,sausage,Dish
5347,gherkin pickle,cucumber pickle,Vegetable
5349,ginger brew,ginger,Spice
5350,gluten bread mix,bread,Bakery
5351,gluten cornflour,cornflour,Maize
5352,goat milk feta,goat milk,Dairy
5353,goat stew meat,stew meat,Dish
5354,gochujang chili paste,chili oil,Plant Derivative
5355,gold tequila white,tequila,Beverage-Alcoholic
5356,golden beet,golden beet,Vegetable
5357,golden graham cereal,raisin,Fruit
5358,golden superfine sugar,powdered sugar,Additive-Sugar
5359,gomashio,seasoning,Condiment
5360,goose liver pate,pate,Meat
5361,gorgonzola dolce blue cheese,cheese,Dairy
5362,goya cumin,cumin,Spice
5363,goya flour tortilla,tortilla,Dish
5364,goya white vinegar,vinegar,Plant Derivative
5365,graham cracker crumb crust,graham cracker crust,Bakery
5366,graham cracker square,graham cracker,Bakery
5367,grain spelt flour,whole-wheat flour,Cereal
5368,grape cherry tomato,berry,Berry
5369,grape jam jelly,grape,Fruit
5370,grape nut cereal,grape,Fruit
5371,gray salt,salt,Additive
5372,greek honey,honey,Plant Derivative
5373,green chile salsa,chili,Spice
5374,green manzanilla olive,olive,Plant
5376,green pepper sauce,green pepper sauce,Condiment
5377,green pigeon pea,pea,Legume
5379,green salad leaf,lettuce,Vegetable
5380,green seasoning,spice mix,Spice
5381,green sugar crystal,sugar,Additive
5382,green swiss chard,chard,Vegetable
5383,grey poupon mustard,mustard,Condiment
5385,groundnut,groundnut,Nuts and Seeds
5386,gulf shrimp,shrimp,Seafood
5388,hamburger helper mix beef pasta,pasta,Cereal
5389,hamburger relish,hamburger,Bakery
5390,hamour fillet,fish,Fish
5391,hard clam,clam,Seafood
5392,hard goat cheese,cheese,Dairy
5393,hatch green enchilada sauce,enchilada,Condiment
5394,hazelnut butter,hazelnut butter,Nuts and Seeds
5395,hazelnut coffee,coffee,Beverage Caffeinated
5396,hazelnut extract,hazelnut,Nuts and Seeds
5397,head celery,celery,Vegetable
5398,head radicchio,chicory,Vegetable
5399,head white cabbage,cabbage,Vegetable
5400,hearty beef stock,beef stock,Meat
5401,heavy double cream,cream,Dairy
5402,heinz sauce,sauce,Additive
5403,heinz worcestershire sauce,sauce,Additive
5404,hellmanns mayonnaise,mayonnaise,Condiment
5405,hen,guinea hen,Meat
5406,herb salad dressing,salad dressing,Dish
5407,herb seasoning,spice mix,Spice
5408,herring wine sauce,sauce,Additive
5409,high chocolate,chocolate,Plant Derivative
5410,high dark chocolate,chocolate,Plant Derivative
5411,himalayan salt,salt,Additive
5412,hog casing,sausage casing,Meat
5413,hoja santa,pepperleaf,Meat
5414,home beef gravy,gravy,Dish
5415,honey barbeque sauce,barbecue sauce,Condiment
5416,honey maid graham cracker crumb,cracker crumb,Bakery
5417,honey syrup,honey,Plant Derivative
5418,honeycomb beef tripe,beef,Meat
5419,hot chili bean,chili,Spice
5420,hot chili oil,chili oil,Plant Derivative
5421,hot cocoa,cocoa,Seed
5422,hot couscous,couscous,Dish
5423,hot milk,milk,Dairy
5425,house seasoning,spice mix,Spice
5426,hung curd,yogurt,Dairy
5427,hunt spaghetti sauce,tomato sauce,Condiment
5428,hunt tomato,tomato sauce,Condiment
5429,ice cold water,water,Additive
5430,ice more,ice,Additive
5431,indonesian soy sauce,soy sauce,Condiment
5432,injera bread,bread,Bakery
5433,iodized salt,salt,Additive
5434,irish bacon,bacon,Meat
5435,irish cream coffee creamer,irish cream,Dairy
5436,irish potato,potato,Vegetable Tuber
5437,irish soda bread,bread,Bakery
5438,irish whiskey jameson,whiskey,Beverage-Alcoholic
5439,italian herb basil,basil,Condiment
5440,italian hoagie,submarine sandwich,Bakery
5441,italian pasta,pasta,Cereal
5442,italian pasta sauce,sauce,Additive
5443,italian sauce,sauce,Additive
5444,italian sausage beef,italian sausage,Meat
5445,italian sausage turkey,italian sausage,Meat
5446,italian tomato juice,tomato juice,Vegetable
5447,italian tomato soup,tomato,Vegetable
5448,jalapeno bean dip,bean dip,Condiment
5449,jalapeno heat,jalapeno,Spice
5450,jalapeno juice pepper,jalapeno,Spice
5451,jalapeno salsa,salsa (sauce),Condiment
5452,jalapeno serranos,jalapeno,Spice
5453,jam cream,cream,Dairy
5454,jamaican jerk sauce,sauce,Additive
5455,japanese curry roux,roux,Dish
5456,japanese noodle,noodle,Cereal
5457,japanese rice,sushi rice,Cereal
5458,japanese turnip,turnip,Vegetable
5459,jasmine edible flower,jasmine,Flower
5460,jewish rye bread,bread,Bakery
5461,jigger gold tequila,tequila,Beverage-Alcoholic
5462,jigger melon liqueur,liqueur,Beverage-Alcoholic
5463,jigger silver tequila,liqueur,Beverage-Alcoholic
5464,juice from one lime,lime,Beverage
5465,juice jalapeno,jalapeno,Spice
5466,jumbo egg yolk,egg,Meat
5467,kamut flour,flour,Cereal
5468,kangaroo meat,meat,Meat
5469,kangaroo mincemeat,meat,Meat
5470,karela,karela,Vegetable
5471,kasha,buckwheat,Cereal
5472,kashk,dried yogurt,Dairy
5473,khoya milk,milk,Dairy
5475,king hawaiian bread,bread,Bakery
5477,knorr french onion soup mix,onion,Vegetable
5478,kohlrabi bulb,kohlrabi,Vegetable
5479,kokum,kokum,Fruit
5480,konbu dashi,soup stock,Seafood
5481,korean chile paste,chile paste,Condiment
5482,korean chili flake,chili,Spice
5483,korean red pepper,korean chile pepper,Spice
5484,korean rib beef chuck flanken,beef,Meat
5485,kraft cheese,cheese,Dairy
5486,kraft classic herb salad dressing,salad dressing,Dish
5487,kraft english cheese,cheese,Dairy
5488,kraft greek salad dressing,salad dressing,Dish
5489,kraft mayonnaise,mayonnaise,Condiment
5490,kraft milk cheddar cheese,cheese,Dairy
5491,kraft monterey jack cheese,monterey jack,Dairy
5492,kraft mozzarella,cheese,Dairy
5493,kraft sesame dressing,salad dressing,Dish
5494,kraft tomato salad dressing,salad dressing,Dish
5495,labneh,greek yogurt,Dairy
5496,laksa paste,sauce,Additive
5497,lamb blade chop,lamb,Meat
5498,lamb breast,lamb,Meat
5499,lamb mince,lamb,Meat
5500,lamb sausage,lamb,Meat
5501,lamb shoulder chop,lamb chop,Meat
5502,lamb sirloin,lamb,Meat
5503,lao powder,chili powder,Spice
5505,large lima bean,lima bean,Legume
5506,lavender bud,lavender,Flower
5507,leaf,bay leaf,Plant
5508,lemon concentrate,lemon,Beverage
5509,lemon filling,lemon,Dish
5510,lemon orange peel,lemon,Fruit
5511,lillet blanc,wine,Beverage-Alcoholic
5512,limoncello lemon liqueur,lemon liqueur,Beverage-Alcoholic
5513,limoncello liqueur,lemon liqueur,Beverage-Alcoholic
5514,lingonberry sauce,lingoberry sauce,Condiment
5515,linguine rice noodle,noodle,Cereal
5516,lipton beef onion soup mix,soup mix,Dish
5517,liquid chicken stock,chicken,Meat
5518,liquid egg,egg,Meat
5520,liquor,chambord,Beverage-Alcoholic
5521,live blue crab,crab,Seafood
5522,live dungeness crab,crab,Seafood
5523,liver pate,pate,Meat
5524,liver sausage,sausage,Dish
5525,loaf brioche bread,bread,Bakery
5526,loaf french bread italian,bread,Bakery
5527,loose black tea leaf,black tea,Beverage
5528,loquat,loquat,Fruit
5529,lump sugar,sugar,Additive
5530,lumpfish caviar,lumpfish,Fish
5532,luncheon meat spam,pork,Meat
5533,lychee liqueur,liqueur,Beverage-Alcoholic
5534,mac n,sugar substitute,Vegetable
5536,mae ploy chili sauce,chili paste,Condiment
5537,mafalda pasta,pasta,Cereal
5538,mai fun rice noodle,noodle,Cereal
5539,malibu coconut liqueur,coconut,Beverage
5540,malt drink powder,malt,Cereal
5541,mandarin orange peel,mandarin orange peel,Fruit
5542,mandarin pancake,pancake,Dish
5543,mango ice cream,ice cream,Dish
5544,manicotti noodle,noodle,Cereal
5545,margarine butter,margarine,Additive
5546,margarine spread,margarine,Additive
5547,maria cooky,maria cookie,Bakery
5548,marinara pasta sauce,marinara sauce,Condiment
5549,marinara sauce garlic,marinara sauce,Condiment
5550,marinara sauce spaghetti,tomato sauce,Condiment
5551,masa,maize dough,Maize
5552,masa harina mix,masa,Maize
5553,mccormick italian seasoning,italian seasoning,Herb
5554,meat dripping,meat,Meat
5555,meat sauce,meat,Meat
5556,meat stock vegetable,vegetable stock,Vegetable
5557,meat turkey,turkey,Meat
5558,meatloaf seasoning mix,spice mix,Spice
5559,melon liqueur midori,liqueur,Beverage-Alcoholic
5561,mesquite marinade,marinade,Dish
5562,mexican cheese cheddar,cheese,Dairy
5563,mexican cheese food,cheese,Dairy
5564,mexican hot sauce,hot sauce,Condiment
5565,mexican lime,lime,Fruit
5566,mexican rice mix,rice,Cereal
5567,mexican sauce,tomato sauce,Condiment
5568,mexican taco cheese,cheese,Dairy
5569,meyer lemon juice,lemonade,Beverage
5570,milk raisin,milk,Dairy
5571,mini hamburger bun,hamburger,Bakery
5572,mini meatball,meatball,Dish
5573,mint apple jelly,mentha/ apple,Fruit
5574,mirin asian wine,mirin,Beverage-Alcoholic
5575,mirin rice wine,mirin,Beverage-Alcoholic
5576,mirliton,chayote,Vegetable
5578,mocha coffee,mocha coffee bean,Beverage
5579,mojo criollo,marinade sauce,Condiment
5580,monkfish fillet,monkfish fillet,Fish
5584,morningstar farm spicy black bean burger,black bean paste,Condiment
5585,moroccan lemon,moroccan lemon,Fruit
5586,morton tender,salt,Additive
5587,mountain bread,bread,Bakery
5588,mung bean overnight,mung bean,Legume
5589,muscat wine,wine,Beverage-Alcoholic
5591,mustard oil vegetable,vegetable oil,Plant Derivative
5592,natural chunky peanut butter,peanut butter,Nuts and Seeds
5593,natural yoghurt greek,yogurt,Dairy
5594,natural yoghurt greek yogurt,greek yogurt,Dairy
5595,neufchatel cheese cream,cheese,Dairy
5596,neutral oil,oil,Additive
5597,new england clam chowder,clam chowder,Seafood
5598,new mexico red chilies,chili pepper,Vegetable
5599,no bean chili,chili bean,Dish
5600,no boil lasagna,pasta,Cereal
5601,no yolk egg noodle substitute,egg,Meat
5602,non creamy caesar salad dressing,salad dressing,Dish
5603,non dairy cheddar cheese daiya,cheese,Dairy
5604,non iodized salt,iodized salt,Additive-Salt
5605,nonfat chicken broth,chicken,Dish
5606,nonfat parmesan cheese,cheese,Dairy
5607,northern white bean,bean,Legume
5608,nut peanut,peanut,Nuts and Seeds
5609,nut pistachio,pistachio,Nuts and Seeds
5610,nutty wheat flour,wheat flour,Cereal
5611,oil meat,oil,Additive
5612,oil more,oil,Additive
5613,oil veg,oil,Additive
5614,oka cheese,cheese,Dairy
5615,okonomiyaki sauce,sauce,Additive
5616,olive kalamata,kalamata olive,Plant
5617,olive oil meat,olive oil,Plant Derivative
5618,olive salad,olive salad,Dish
5619,onion garlic crouton,crouton,Bakery
5620,onion gravy mix,onion soup,Dish
5621,onion lengthwise,onion,Vegetable
5622,onion soup mix lipton,onion soup,Dish
5624,orange breakfast drink mix,orange juice,Dish
5625,orange cake mix,orange cake mix,Dish
5626,orange potato,sweet potato,Vegetable
5627,orange sauce,orange sauce,Condiment
5628,orange vodka,vodka,Beverage-Alcoholic
5630,oven deli chicken,roast chicken,Meat
5631,oven no boil lasagna noodle,pasta,Cereal
5632,panini bread,bread,Bakery
5633,panko,bread crumbs,Bakery
5635,passion fruit puree,passion fruit,Fruit
5636,passionfruit syrup,passion fruit,Fruit
5637,passover wine,wine,Beverage-Alcoholic
5638,pasta choice,pasta,Cereal
5639,pasta water,water,Additive
5640,pastina,pasta,Cereal
5641,pastry cream,cream,Dairy
5642,pav bhaji masala,spice mix,Spice
5643,pea shoot,pea,Legume
5644,peach fruit,peach,Fruit
5645,peach half juice,peach,Fruit
5646,peach sorbet,peach,Dish
5647,peach yogurt,yogurt,Dairy
5648,peanut brittle,peanut,Nuts and Seeds
5649,peanut oil safflower,peanut oil,Plant
5650,pear nectar,pear,Fruit
5651,pear syrup,pear,Plant Derivative
5652,pear vodka,pear,Beverage-Alcoholic
5653,pecan meal,pecans,Dish
5654,penne rigate wheat,wheat,Cereal
5655,peppered bacon,bacon,Meat
5656,pepperidge farm herb stuffing,stuffing,Dish
5657,peppermint leaf,peppermint,Herb
5658,peppermint tea,tea,Plant
5659,perch fillet,perch,Fish
5660,pheasant breast,pheasant,Meat
5661,pheasant breast half,pheasant,Meat
5662,phyllo pastry dough,phyllo,Bakery
5663,pie crust pastry,crust,Bakery
5664,pignolis,pine nut,Nuts and Seeds
5665,pillsbury buttermilk biscuit,biscuit,Bakery
5666,pillsbury classic pizza crust,pizza,Bakery
5667,pillsbury reg,chili powder,Spice
5668,pimenta moida,red pepper sauce,Condiment
5669,pimento paste,pimiento,Condiment
5670,pimenton,pimiento,Vegetable
5671,pimiento green olive,pimiento,Dish
5672,pimiento strip,pimiento,Condiment
5673,pineapple juice apple,pineapple,Beverage
5674,pineapple rum,rum,Beverage-Alcoholic
5675,pineapple sage,salvia elegans,Herb
5676,piri pepper,capsicum,Vegetable Fruit
5677,pita bread crosswise,bread,Bakery
5678,pizza sauce marinara,marinara sauce,Condiment
5679,plain croissant,french pastry,Bakery
5680,plantain chip,cooking banana,Fruit
5681,plum juice,plum,Fruit
5682,poblano pepper green,chili pepper,Vegetable
5683,poppyseed filling,poppy seed,Dish
5684,pork blade steak,pork,Meat
5685,pork chicharron,pork,Meat
5686,pork heart,pork,Meat
5687,pork herb sausage,pork sausage,Meat
5688,pork rib chop,pork,Meat
5689,pork shoulder steak,pork,Meat
5690,pork spare rib,pork,Meat
5691,pork tenderloin crosswise,pork,Meat
5692,pork tenderloin each,pork,Meat
5693,pork tenderloin roast,pork,Meat
5694,pork tongue,pork,Meat
5695,pork vegetable oil,vegetable oil,Plant Derivative
5696,portuguese chourico sausage,sausage,Dish
5698,potato cheese pierogies,cheese,Dairy
5699,potato garlic,garlic,Herb
5700,potato salad,potato,Vegetable Tuber
5701,progresso plain bread crumb,bread crumb,Bakery
5702,prosecco sparkling wine,wine,Beverage-Alcoholic
5703,prosecco wine,wine,Beverage-Alcoholic
5704,pumpernickel,bread,Bakery
5705,pumpkin seed pepitas,pumpkin seed,Nuts and Seeds
5706,purple basil,basil,Herb
5707,queso asadero,cheese,Dairy
5710,rag pasta sauce chunky tomato,pasta,Condiment
5711,raita,raita,Dish
5712,ranch salad dressing mix,dressing mix,Condiment
5713,range egg white,egg,Meat
5714,raspberry balsamic vinegar,balsamic vinegar,Additive-Vinegar
5715,raspberry leaf,raspberry,Fruit
5716,raspberry puree,raspberry,Fruit
5717,raspberry sorbet,raspberry,Fruit
5718,realemon juice,lemon juice,Beverage
5719,red chili pod,chili pepper,Vegetable
5720,red chilli padi,chili,Spice
5721,red enchilada sauce green,mole sauce,Condiment
5723,red green pepper,capsicum,Vegetable Fruit
5724,red hot candy,cinnamon,Additive
5725,red kashmiri chilies,chili pepper,Vegetable
5726,red pepper from,capsicum,Vegetable Fruit
5727,red pepper green,capsicum,Vegetable Fruit
5728,red pepper lengthwise,capsicum,Vegetable Fruit
5729,red sauce,chili sauce,Condiment
5730,red spaghetti sauce,sauce,Additive
5731,red zinfandel wine,wine,Beverage-Alcoholic
5732,redfish fillet,fish,Fish
5733,reg dressing,salad dressing,Dish
5735,request cream chicken soup,chicken soup,Meat
5736,restaurant tortilla chip,tortilla chips,Bakery
5737,rhodes dinner,bread,Bakery
5738,rice paper wrapper,rice paper,Cereal
5739,rice pudding,rice pudding,Cereal
5740,rice starch,rice,Cereal
5741,rindless streaky bacon,bacon,Meat
5742,rioja wine,wine,Beverage-Alcoholic
5743,roast chicken seasoning,spice mix,Spice
5744,roast lamb,lamb,Meat
5745,robiola cheese,robiola,Dairy
5746,rock lobster tail,spiny lobster,Seafood
5747,romaine lettuce torn,romaine lettuce,Vegetable
5748,root,ginger,Spice
5749,root vegetable,vegetable,Vegetable
5750,rosarita bean,bean,Legume
5751,rose hip,rose water,Additive
5752,rotel reg green chilies,chili powder,Vegetable
5753,rotel tomato cilantro,tomato,Vegetable
5754,rotisserie chicken meat,rotisserie chicken,Meat
5755,sage pork sausage,breakfast sausage,Meat
5756,salad cream,cream,Dairy
5757,salmon roe,salmon,Fish
5758,salt herring fillet,herring,Fish
5759,salt onion powder,onion powder,Spice
5760,sambuca liqueur,liqueur,Beverage-Alcoholic
5761,sandwich pepperoni,pepperoni,Meat
5762,sardine fillet,sardine,Fish
5763,sauce peri,sauce,Additive
5764,sausage choice,sausage,Dish
5765,sauterne wine,wine,Beverage-Alcoholic
5768,scrapple,scrapple,Dish
5769,sea bream fillet,sea bass,Fish
5770,self rising cornmeal mix,cornmeal,Maize
5771,serrano pepper optional jalapeno,serrano pepper,Vegetable
5772,sesame cracker,sesame,Bakery
5773,sesame oil peanut,sesame oil,Essential Oil
5774,sesame salad dressing,sesame,Condiment
5775,sesame vegetable oil,vegetable oil,Plant Derivative
5776,shaoxing cooking wine,shaoxing wine,Beverage-Alcoholic
5777,shark steak,shark meat,Fish
5778,sharp cheddar,cheese,Dairy
5779,sheep milk cheese,cheese,Dairy
5780,shiro miso,shiro miso,Spice
5781,shortbread,shortbread crust,Bakery
5782,shreddies cereal,granola cereal,Cereal
5783,shrimp lengthwise,shrimp,Seafood
5784,sichuan pepper,pepper,Spice
5785,sichuan red chili oil,chili oil,Plant Derivative
5786,silver cachou,chard,Vegetable
5787,single malt scotch whiskey,single malt scotch,Beverage-Alcoholic
5788,single trifle sponge,sponge cake,Bakery
5789,skin salmon fillet,salmon fillet,Fish
5790,skor toffee,toffee,Dish
5791,snap pea pod,pea,Legume
5792,some salt pepper,pepper,Spice
5793,sorghum,sorghum,Cereal
5794,sourdough french bread,baguette,Bakery
5795,southwest chipotle seasoning,allspice,Spice
5796,soya oil,oil,Additive
5797,soybean oil vegetable,vegetable oil,Plant Derivative
5798,soybean sprout,soybean,Plant Derivative
5799,soymilk lite,soy milk,Plant Derivative
5800,spaghetti sauce pizza,tomato sauce,Condiment
5801,spaghetti seasoning,spaghetti,Cereal
5802,spaghetti tomato sauce,tomato sauce,Condiment
5803,spanish chorizo sausage,spanish chorizo,Meat
5804,spanish ham,spanish ham,Meat
5805,spear asparagus,asparagus,Vegetable
5806,special k cereal,granola cereal,Cereal
5807,spice paste,spice mix,Spice
5808,spicy chili bean,chili beans,Legume
5809,spicy sesame oil,sesame oil,Essential Oil
5810,spray,cooking spray,Additive
5811,sprig lavender,sprig lavender,Flower
5814,sriracha asian chili sauce,chili sauce,Condiment
5815,steamer clam,clam,Seafood
5816,stock vegetable,vegetable stock,Vegetable
5817,stolichnaya vodka,vodka,Beverage-Alcoholic
5818,stone wheat flour,wheat flour,Cereal
5819,strawberry cream liqueur,amarula,Beverage-Alcoholic
5820,strawberry jam raspberry,fruit preserves,Fruit
5821,strawberry juice,strawberry juice,Beverage
5822,string cheese,mozzarella,Dairy
5823,submarine bun,hamburger,Bakery
5824,success rice,rice,Cereal
5825,sugar bean,suikerboon,Legume
5826,sugar cookie dough,sugar,Additive
5827,sugar ice cream cone,ice cream,Dish
5828,sugar lemon gelatin,lemon gelatin,Additive
5829,sugar water,sugar,Additive
5830,superfine castor sugar,powdered sugar,Additive-Sugar
5831,surimi crabmeat,crab stick,Seafood
5832,sushi nori,nori,Seafood
5833,swedish meatball,meatball,Dish
5834,tabasco pepper sauce,tabasco sauce,Condiment
5835,tabouli mix,baking mix,Dish
5836,taco cheese mexican,cheese,Dairy
5837,taco seasoning mix seasoning,allspice,Spice
5838,tamarind,tamarind,Fruit
5839,tandoori masala powder,tandoori masala,Spice
5840,tapatio sauce,sauce,Additive
5841,tart,apple tart,Fruit
5842,tasso,tasso ham,Meat
5843,tatsoi,tatsoi,Vegetable
5844,tea biscuit,tea biscuits,Bakery
5845,tempeh bacon,vegetarian bacon,Meat
5847,tepin chilies,chili,Spice
5848,tequila liqueur,tequila,Beverage-Alcoholic
5849,thai bird eye chile,bird 's eye chile,Vegetable
5850,thai chile sauce,sweet chili sauce,Condiment
5851,thai chili paste garlic,sweet chili sauce,Condiment
5852,thai eggplant,eggplant,Vegetable
5853,thai holy basil,thai basil,Herb
5854,thai holy basil ok,thai basil,Herb
5855,thai jasmine rice,jasmine rice,Cereal
5856,thai rice,thai glutinous rice,Cereal
5857,thai sauce,fish sauce,Condiment
5858,three cheese tortellini,tortellini,Dish
5859,tia maria coffee liqueur,tia maria,Beverage-Alcoholic
5860,tilapia,tilapia,Fish
5861,toast bread,bread,Bakery
5862,toffee bit,bacon,Meat
5863,tofu shirataki noodle,noodle,Cereal
5864,tofutti better than cream cheese,cheese,Dairy
5865,togarashi pepper,pepper,Spice
5866,tomatillo green tomato,tomato,Vegetable
5867,tomato bouillon chicken flavor,chicken,Meat
5868,tomato cilantro,tomato,Vegetable
5869,tomato green pepper celery onion,onion,Vegetable
5870,tomato italian herb,tomato,Herb
5871,tomato juice cocktail,cocktail,Beverage
5872,tomato onion garlic basil,salad dressing,Dish
5873,tomato oregano salad dressing,salad dressing,Dish
5874,tomato relish,tomato,Vegetable
5875,tomato rice soup,tomato soup,Dish
5876,tomato sauce herb,tomato sauce,Condiment
5877,tomato seasoning,tomato,Vegetable
5878,tomato wedge,tomato,Vegetable
5879,topside steak,steak,Fish
5880,torn arugula leaf,arugula,Herb
5881,torn spinach,spinach,Vegetable
5882,tortilla strip,tortilla,Dish
5884,tubetti,tubetti,Cereal
5885,turkey drumstick,turkey,Meat
5886,turkey fillet,turkey,Meat
5887,turkey italian sausage,italian sausage,Meat
5888,turkey neck,turkey,Meat
5889,turkey polish kielbasa,kielbasa,Meat
5890,turkey sausage link,turkey,Meat
5891,umeboshi plum paste,umeboshi,Fruit
5892,unripe banana,banana,Fruit
5893,up vegetable,vegetable,Vegetable
5894,vanilla almond milk,almond,Nuts and Seeds
5895,vanilla flavor pudding pie filling,pie,Dish
5896,vanilla protein powder,vanilla,Legume
5897,veal breast,veal,Meat
5898,veal escalopes,veal,Meat
5899,veal liver,veal,Meat
5900,veal loin,veal,Meat
5901,veal shoulder roast,veal,Meat
5902,vegan chocolate chip,chocolate chip,Additive
5904,vegetable corn green bean,green bean,Cereal
5905,vegetable cube,vegetable bouillon,Dish
5906,vegetable flake,vegetable,Vegetable
5907,vegetable oil enough,vegetable oil,Plant Derivative
5908,vegetable peanut oil,vegetable oil,Plant Derivative
5909,vegetable stock cube water,vegetable stock,Vegetable
5910,vegetable zucchini,zucchini,Vegetable
5911,vegetarian beef broth,vegetable broth,Dish
5912,veggie crumbles beef,beef,Meat
5913,velveeta pepper jack cheese,cheese,Dairy
5914,venison chop,deer,Meat
5915,venison tenderloin,beef,Meat
5916,vienna bread,bread,Bakery
5918,violet syrup,syrup,Plant Derivative
5919,vodka marinara sauce,marinara sauce,Condiment
5920,wagon wheel macaroni,macaroni,Cereal
5921,walnut liqueur,walnut,Beverage-Alcoholic
5922,water cracker,water,Additive
5924,wensleydale cheese,cheese,Dairy
5925,wesson vegetable oil,vegetable oil,Plant Derivative
5926,westphalian ham,ham,Meat
5927,wheat bagel,whole wheat bagel,Bakery
5928,wheat bread white,bread,Bakery
5929,wheat chex,cereal,Cereal
5930,wheat hair pasta,pasta,Cereal
5931,wheat pizza crust,pizza,Bakery
5932,wheat sandwich bread,bread,Bakery
5933,wheat self rising flour,flour,Cereal
5934,wheat wrap,tortilla,Dish
5935,whipping cream milk,whipped cream,Dairy
5936,white bread brown,bread,Bakery
5937,white burgundy,wine,Beverage-Alcoholic
5938,white cardamom pod,cardamom,Spice
5939,white chocolate curl,chocolate,Plant Derivative
5940,white chocolate pudding pie filling mix,chocolate,Plant Derivative
5941,white corn flour,white flour,Cereal
5942,white crabmeat,crab,Seafood
5943,white cranberry juice,cranberry,Beverage
5944,white creme de menthe,mint,Beverage-Alcoholic
5945,white sandwich bread,bread,Bakery
5946,white yam,yam,Vegetable
5947,whitefish,whitefish,Fish
5948,whiting fish fillet,whitefish,Fish
5949,wild salmon,salmon,Fish
5950,willamette hop,hops,Beverage-Alcoholic
5951,wine red,wine,Beverage-Alcoholic
5952,wish italian salad dressing,italian dressing,Condiment
5954,wooden cocktail,cocktail,Beverage
5955,yabbies,crayfish,Seafood
5956,yam potato,potato,Vegetable Tuber
5957,yam root,yam,Vegetable
5958,yellow bean paste,vanilla,Legume
5959,yellow beet,beet,Vegetable
5960,yellow cheese,cheese,Dairy
5961,yellow corn grit,corn grit,Maize
5962,yellow grit,corn grit,Dish
5963,yellow rock sugar,sugar,Additive
5964,yogurt cheese,cheese,Dairy
5965,yoshida gourmet sauce,sauce,Additive
5966,young coconut,coconut,Fruit
5967,young roasting chicken,chicken,Meat
5968,young spinach leaf,spinach,Vegetable
5969,za'atar,spice mix,Spice
5970,zest lime,lime,Fruit
5971,10x sugar,sugar,Additive
5972,2bleu pizza sauce,sauce,Additive
5973,abalone without shell,abalone,Seafood
5975,air popped popcorn,popcorn,Dish
5976,aji bell pepper,capsicum,Vegetable Fruit
5977,aji panca chile,chili,Spice
5978,aji panca chilies,chili,Spice
5979,alaskan king crab leg,red king crab,Seafood
5980,albacore,albacore,Fish
5981,almond below,almond,Nuts and Seeds
5982,almond brickle chip,almond,Nuts and Seeds
5983,almond coarsely,almond,Nuts and Seeds
5984,almond coconut,coconut,Beverage
5985,almond flour meal,almond,Nuts and Seeds
5986,almond golden,almond,Nuts and Seeds
5987,almond macaroon,almond,Nuts and Seeds
5988,almond meal flour,almond,Nuts and Seeds
5989,almond milk coconut,coconut milk,Fruit
5990,almond milk rice,almond,Nuts and Seeds
5991,almond overnight,almond,Nuts and Seeds
5992,almond purpose flour,almond,Nuts and Seeds
5993,almond sugar,sugar,Additive
5994,almond toast,almond,Nuts and Seeds
5995,alouette spreadable cheese herb,cheese,Dairy
5996,alpine touch seasoning,spice mix,Spice
5997,amaranth,amaranth grain,Herb
5998,amaretto di saronno liqueur,amaretto,Beverage-Alcoholic
5999,amaro liqueur,amaro liqueur,Beverage-Alcoholic
6000,amberjack fillet,amberjack fillet,Fish
6001,american cheese choice,cheese,Dairy
6002,american cheese food,cheese,Dairy
6003,american cheese spread,cheese,Dairy
6006,anchovy caper,anchovy,Fish
6007,anejo tequila,tequila,Beverage-Alcoholic
6008,angel hair coleslaw,capellini,Cereal
6009,angelica leaf,angelica,Herb
6010,animal cracker cooky,animal cracker,Bakery
6011,anise water,water,Additive
6012,anjou pear pkg,anjou pear,Fruit
6013,ao nori,seaweed,Seafood
6014,apple grape cherry juice,fruit juice,Beverage
6015,apple juice apricot,apple juice,Fruit
6016,apple syrup,apple,Fruit
6017,applewood ham,ham,Meat
6018,apricot by water,water,Additive
6019,apricot chutney,apricot,Fruit
6020,apricot filling,apricot,Fruit
6021,apricot fruit jam,apricot,Fruit
6022,apricot glaze,apricot,Fruit
6023,apricot liqueur,apricot,Fruit
6024,apricot nectar juice,apricot,Fruit
6025,apricot pineapple preserve,apricot,Fruit
6026,apricot preserve jam,fruit preserves,Fruit
6028,arbol chili powder,chili,Spice
6029,arepa flour,flour,Cereal
6030,aroma seasoning,spice mix,Spice
6031,arrack liqueur,arrack,Beverage-Alcoholic
6032,arrowroot starch,arrowroot,Vegetable
6033,artichoke heart juice,artichoke,Flower
6034,artichoke heart oil,artichoke,Flower
6035,artificial vanilla flavoring,vanilla,Essential Oil
6036,asiago mozzarella cheese,cheese,Dairy
6037,asian peanut oil,peanut oil,Plant
6038,asian salad green,green salad,Vegetable
6039,asian sesame dressing,sesame oil,Essential Oil
6040,asian sesame paste,sesame oil,Essential Oil
6041,atta flour,flour,Cereal
6042,au gratin potato,potato,Vegetable Tuber
6043,au gratin potato mix,potato,Vegetable Tuber
6044,averna amaro,amaro liqueur,Beverage-Alcoholic
6045,avgolemono sauce,sauce,Additive
6046,avocado cilantro dressing,avocado,Fruit
6047,avocado relish,avocado,Fruit
6048,baby asparagus,asparagus,Vegetable
6049,baby corn crosswise,baby corn,Maize
6050,baby corn ear,sweet corn,Maize
6051,baby mustard cress,mustard,Spice
6052,baby spinach carrot,spinach,Vegetable
6053,baby turnip,turnip,Vegetable
6054,bacon crosswise,bacon,Meat
6055,bacon joint,bacon,Meat
6056,bacon sausage,bacon,Meat
6057,baharat seasoning,baharat,Spice
6058,baharat spice mix,spice mix,Spice
6059,bailey caramel cream,bailey irish cream,Beverage-Alcoholic
6060,baja chipotle marinade,cherry pepper,Spice
6061,baja chipotle sauce lime juice,lime juice,Beverage
6062,bake pie crust,crust,Bakery
6063,bakery white bread,bread,Bakery
6064,ball mozzarella,mozzarella,Dairy
6065,ball mozzarella cheese bocconcini,cheese,Dairy
6066,balsamic syrup,syrup,Plant Derivative
6067,balsamic vinegar optional,balsamic vinegar,Additive-Vinegar
6068,balsamic vinegar red wine sugar,balsamic vinegar,Additive-Vinegar
6069,balsamic vinegar white,balsamic vinegar,Additive-Vinegar
6070,bamboo leaf,bamboo,Plant
6071,bamboo toothpick,bamboo shoot,Plant
6072,banana bread,banana,Fruit
6073,banana crosswise,banana,Fruit
6074,banana extract,banana,Essential Oil
6075,banana flower,banana,Fruit
6076,banana leaf bamboo,banana,Fruit
6077,banana orange juice concentrate,orange juice,Fruit
6078,banana syrup,banana,Fruit
6079,banger,sausage,Dish
6080,bar chocolate candy,chocolate,Plant Derivative
6081,barbecue bean,bean,Legume
6082,barilla lasagna noodle,cannelloni,Cereal
6083,barilla marinara sauce,marinara sauce,Condiment
6084,barley malt syrup,barley,Cereal
6085,basic french tart dough pate brisee,flour,Dish
6086,basic marinara sauce,marinara sauce,Condiment
6087,basic meatball,meatball,Dish
6088,basic wheat french crepe,egg roll,Dish
6089,basil seasoning,basil,Herb
6090,basil seed,basil,Herb
6091,bay,bay leaf,Plant
6092,bean chickpea,chickpea,Legume
6093,bean curd skin,chickpea,Legume
6094,bean flour,flour,Cereal
6095,bean liquid,bean,Legume
6096,bean mix,bean,Legume
6097,bean moist kidney,kidney bean,Legume
6098,bean navy,navy bean,Legume
6099,bean pink,navy bean,Legume
6100,bean stock,bean,Legume
6101,beau monde spice,spice mix,Spice
6102,beaufort cheese,cheese,Dairy
6103,becel oil,oil,Additive
6104,beef arm roast,roast beef,Meat
6105,beef bouillon paste,beef bouillon cube,Meat
6106,beef bouillon stock,beef stock,Meat
6107,beef broth chicken,chicken,Meat
6108,beef cheek,beef,Meat
6109,beef chuck meat,beef,Meat
6110,beef chuck shoulder steak,beef,Meat
6111,beef frankfurter,beef,Meat
6112,beef knuckle meat,beef,Meat
6113,beef marinade,beef,Meat
6114,beef rib eye,rib eye steak,Meat
6115,beef ribeye steak,rib eye steak,Meat
6116,beef seasoning,beef,Meat
6117,beef shoulder chuck roast,chuck steak,Meat
6118,beef stock salt,beef stock,Meat
6119,beef stock water,beef stock,Meat
6120,beef tip gravy,beef stock,Dish
6121,beef tip meat,beef,Meat
6122,beef tortellini,beef,Meat
6123,beef tri tip roast,beef,Dish
6124,beef tri tip steak,beef,Dish
6125,beef vegetable barley soup,beef,Meat
6126,belacan,shrimp,Seafood
6127,belacan shrimp paste,shrimp,Seafood
6128,belgian endive leaf,endive,Vegetable
6129,belgian waffle,waffle,Dish
6130,bell pepper green,capsicum,Vegetable Fruit
6131,bell pepper stir fry mix,capsicum,Vegetable Fruit
6132,bell pepper vinegar sauce,capsicum,Vegetable Fruit
6133,berry juice,berry,Berry
6134,better than bouillon chicken soup base,chicken,Meat
6135,betty crocker hamburger helper,hamburger,Bakery
6136,betty crocker poundcake mix,baking mix,Dish
6137,betty crocker sugar,sugar,Additive
6138,betty crocker super moist white cake mix,cake,Dish
6139,betty garlic potato,potato,Vegetable Tuber
6140,bialy bun,hamburger,Bakery
6141,bibb lettuce leaf,bibb lettuce,Vegetable
6142,bird custard powder,custard,Dish
6143,bird seed,cumin,Spice
6144,biscuit count,biscuit,Bakery
6145,bison meat,meat,Meat
6146,bisquick heart smart mix,biscuit,Cereal
6147,bite cauliflower floret,cauliflower,Flower
6148,bite salad green,green salad,Vegetable
6149,bitter almond,almond,Nuts and Seeds
6150,bitter cocoa powder,cocoa,Seed
6151,bitter lemon soda,lemon-lime drink,Beverage
6152,black bean lime juice,lime juice,Dish
6153,black bean rice mix,bean,Legume
6155,black millet flour,millet,Cereal
6156,black oil olive,olive,Plant
6157,black olive brine,olive,Plant
6158,black olive juice,olive,Plant
6159,black patent malt,malt,Cereal
6160,black raisin,raisin,Fruit
6161,black raspberry jam,fruit preserves,Fruit
6162,black sesame paste,sesame,Nuts and Seeds
6163,black tea green,black tea,Beverage
6164,black truffle salt,black salt,Additive-Salt
6165,black white sesame seed,black sesame seed,Nuts and Seeds
6166,blackberrie,blackberry,Fruit
6167,blackberry liqueur,blackberry,Fruit
6168,blade pot roast,pork,Meat
6169,blade roast,pork,Meat
6170,blanco tequila,tequila,Beverage-Alcoholic
6171,blender hot sauce,hot sauce,Condiment
6172,blood orange wedge,blood orange,Fruit
6173,blood sausage,sausage,Dish
6174,blue,cheese,Dairy
6175,blue cheese crumbles,cheese,Dairy
6176,blue corn posole,corn,Maize
6177,blue tequila,tequila,Beverage-Alcoholic
6178,blueberry jam,blueberry,Fruit
6179,blueberry preserve,blueberry,Fruit
6180,blueberry syrup,blueberry,Fruit
6181,blueberry yogurt,yogurt,Dairy
6182,boil brown rice,brown rice,Cereal
6183,bombay sapphire gin,gin,Beverage-Alcoholic
6184,bonito fish,bonito,Fish
6185,bonito tuna,bonito,Fish
6186,borage,borage,Herb
6187,boursin garlic herb spreadable cheese,cheese,Dairy
6188,boursin spreadable cheese herb,cheese,Dairy
6192,bratwurst bun,sausage,Dish
6193,bread breadcrumb,bread,Bakery
6194,bread french,baguette,Bakery
6195,bread machine flour,flour,Cereal
6196,bread water,water,Additive
6197,bread without crust,bread,Bakery
6198,breadcrumb make,bread crumb,Bakery
6199,breadcrumb wheat bread,bread,Bakery
6200,breast meat chicken,chicken,Meat
6201,brioche bread egg,egg,Meat
6202,brioche bun,bread,Bakery
6203,brisling sardine,sardine,Fish
6204,broccoli carrot water chestnut mix,water chestnut,Vegetable
6205,broccoli cheddar cheese soup,cheese,Dairy
6206,broccoli sauce,broccoli,Flower
6207,broccoli sprout,broccoli,Flower
6208,brown chicken stock,chicken,Meat
6209,brown rice cereal,brown rice,Cereal
6210,brown sugar twin,sugar,Additive
6211,browning seasoning sauce,browning sauce,Condiment
6213,buffalo steak,steak,Fish
6214,bugle flavor snack,snack mix,Dish
6215,bull energy drink,energy drink,Beverage
6216,bull eye barbecue sauce,barbecue sauce,Condiment
6217,burata cheese,cheese,Dairy
6218,burger crumbles,bread,Bakery
6219,burgundy snail,wine,Beverage-Alcoholic
6220,burrito seasoning,spice mix,Spice
6221,bush red bean,bean,Legume
6222,bushmills irish whiskey,whisky,Beverage-Alcoholic
6223,bushmills whiskey,whiskey,Beverage-Alcoholic
6224,butter croissant,butter,Dairy
6225,butter flavor extract,shortening,Additive
6226,butter pecan cake mix,pecan,Dish
6227,butter powder,butter,Dairy
6228,buttercream,butter,Dairy
6229,buttercream filling,butter,Dairy
6230,butterfish,butterfish,Fish
6231,buttermilk salad dressing mix,salad dressing,Dish
6232,butternut snap biscuit,biscuit,Bakery
6233,butternut squash puree,butternut squash,Fruit
6234,butternut squash soup,butternut squash,Fruit
6235,butterscotch,chocolate,Plant Derivative
6236,ca n't believe not butter spray,butter,Dairy
6237,cabbage chickpea,chickpea,Vegetable
6238,cabbage kimchi juice,cabbage,Vegetable
6239,cacao powder,chili powder,Spice
6240,cacho de cabra pepper,pepper,Spice
6241,cajeta caramel topping,topping,Additive
6242,cajun,cajun seasoning,Plant Derivative
6243,cajun cake,cake,Plant Derivative
6244,cajun seasoning meat magic,cajun seasoning,Plant Derivative
6245,calabash gourd,bottle gourd,Fruit
6246,calabaza,pumpkin,Fruit
6247,calamari tube,squid,Seafood
6248,calf ' liver,meat,Meat
6249,calf foot,liver,Meat
6250,california fig,fig,Fruit
6251,california vegetable broccoli,broccoli,Flower
6252,calorie cranberry juice cocktail,cranberry,Beverage-Alcoholic
6253,calorie cream cheese,cheese,Dairy
6254,calorie italian dressing,spice mix,Spice
6255,camp coffee,coffee,Beverage Caffeinated
6256,campbell beef consomme,consomme,Meat
6257,campbell chicken broth,chicken,Meat
6258,campbell cream broccoli soup,broccoli,Dish
6259,campbell cream chicken soup,chicken soup,Meat
6260,campbell creamy chicken verde soup,chicken soup,Meat
6261,campbell creamy tomato soup,tomato,Vegetable
6262,campbell mushroom soup,cream celery soup,Dish
6263,campbell vegetable soup,soup,Dish
6264,candy chocolate,chocolate,Plant Derivative
6265,candy orange,orange,Fruit
6266,cannellini bean overnight,navy bean,Legume
6267,cannellini white kidney bean,kidney bean,Legume
6268,canola margarine,margarine,Additive
6269,caper liquid,caper,Fruit
6270,captain morgan rum,rum,Beverage-Alcoholic
6271,caramel apple dip,apple sauce,Additive
6272,caramel bit,chocolate,Plant Derivative
6273,caramel coloring,chocolate,Plant Derivative
6274,caramel swirl ice cream,icecream,Dish
6275,caravella limoncello,lemon,Additive
6276,carb ketchup,ketchup,Additive
6277,carb pasta,pasta,Cereal
6278,carb spaghetti sauce,tomato sauce,Condiment
6279,caribe chile pepper,chili,Spice
6280,carne asada spice mix,spice mix,Spice
6281,carnitas,pork,Meat
6282,carnitas pork,pork,Meat
6283,carob chip,carob,Bakery
6284,carrot curl,carrot,Vegetable
6285,cassava meal,cassava,Vegetable
6286,cassava root,cassava,Vegetable
6287,caster superfine sugar,sucrose,Additive-Sugar
6288,caviar,black caviar,Fish
6289,cayenne pepper hot sauce,sauce,Additive
6290,celery powder,celery,Herb
6291,center filet mignon,fish,Fish
6292,cento italian tomato,tomato,Vegetable
6293,ceylon tea,tea,Plant
6294,chaat masala,spice mix,Spice
6295,challah brioche bread,bread,Bakery
6296,chamomile flower,elderberry,Fruit
6297,champagne biscuit,champagne,Beverage-Alcoholic
6298,champagne white wine,wine,Beverage-Alcoholic
6299,champagne wine,wine,Beverage-Alcoholic
6300,chardonnay wine pinot grigio,chardonnay,Beverage-Alcoholic
6301,cheddar cheese cube,cheese,Dairy
6302,cheddar cheese sauce,cheese,Dairy
6303,cheddar cheese soup nacho,cheese,Dish
6304,cheddar jack cheese,monterey jack,Dairy
6305,cheemo perogies,dumpling,Dish
6306,cheese cloth,cheese,Dairy
6307,cheese cracker,cheese,Dairy
6308,cheese danish,cheese,Dairy
6309,cheese mexican,cheese,Dairy
6310,cheese product,cheese,Dairy
6311,cheese velveeta,cheese,Dairy
6312,cheesecake flavor pudding pie filling,cake,Dish
6313,cheesecake flavor pudding pie filling mix,cake,Dish
6314,cherimoya,cherimoya,Fruit
6315,cherry baking chip,cherry,Additive
6316,cherry soda,cherry,Additive
6317,chestnut honey,honey,Plant Derivative
6318,chicken beef,chicken,Meat
6319,chicken biscuit cracker,chicken,Meat
6320,chicken bouillon mix,bouillon cube,Meat
6321,chicken bread stuffing mix,chicken,Meat
6322,chicken breast veal,chicken,Meat
6323,chicken broth beef,chicken,Meat
6324,chicken broth garlic,chicken,Meat
6325,chicken burger,chicken,Meat
6326,chicken cracker,chicken,Meat
6327,chicken frankfurter,chicken,Meat
6328,chicken heart,chicken,Meat
6329,chicken leg meat,chicken,Meat
6330,chicken neck,chicken,Meat
6331,chicken noodle mix,chicken,Meat
6332,chicken pate,chicken,Meat
6333,chicken rice pilaf mix,pilaf,Dish
6334,chicken salad,chicken,Meat
6335,chicken seitan strip,chicken,Meat
6336,chicken stock boil,chicken,Meat
6337,chicken stock bouillon,bouillon cube,Meat
6338,chicken stock cube water,chicken,Meat
6339,chicken stock dashi,chicken,Meat
6340,chicken stock ok,chicken,Meat
6341,chicken stock paste,chicken,Meat
6342,chicken stock powder vegetable,chicken,Meat
6343,chicken stock this essential,chicken,Meat
6344,chicken stove stuffing mix,chicken,Meat
6345,chicken taquitos,taquito,Dish
6346,chicken tender ``,chicken,Meat
6347,chicken vegetable stock,chicken,Meat
6348,chickpea garbanzo bean,chickpea,Legume
6349,chickpea liquid,chickpea,Legume
6350,chile bean sauce,sauce,Additive
6351,chile negro pepper,chili,Spice
6352,chile padi,chili,Spice
6353,chile piquin powder,chili powder,Spice
6354,chilean sea bass,sea bass,Fish
6355,chili cheese corn chip,corn chip,Maize
6356,chili garlic sauce thai,chili,Spice
6357,chili heat,chili,Spice
6358,chili infused vodka,vodka,Beverage-Alcoholic
6359,chili lime seasoning,chili powder,Spice
6360,chili oil red pepper flake,chili,Spice
6361,chili paste ginger,ginger,Spice
6362,chili red,chili,Spice
6363,chili seasoning,chili powder,Spice
6364,chimayo chili powder,chili,Spice
6365,chinese almond,almond,Nuts and Seeds
6366,chinese barbeque pork,chinese barbecue pork,Meat
6367,chinese black bean paste,bean,Legume
6368,chinese egg noodle nest,egg,Meat
6369,chinese egg noodle vermicelli,pasta,Cereal
6370,chinese flower pepper,pepper,Spice
6371,chinese ham,ham,Meat
6372,chinese link sausage,sausage,Dish
6373,chinese mushroom water,mushroom,Fungi
6374,chinese pork,pork,Meat
6375,chinese radish,radish,Vegetable
6376,chinese red sauce,chili sauce,Condiment
6377,chinese roast pork,pork,Meat
6378,chinese turnip,turnip,Vegetable
6379,chinese wolfberries,chinese cabbage,Vegetable
6380,chinese yellow noodle,noodle,Cereal
6381,chipotle cheddar cheese,cheese,Dairy
6382,chipotle chile pepper adobo sauce,chipotle chile in adobo,Vegetable
6383,chipotle chile puree,chipotle chile,Vegetable
6384,chipotle chili,chipotle,Spice
6385,chipotle chili flake,chili,Spice
6386,chipotle chili mayonnaise,chili,Spice
6387,chipotle marinade,chili,Spice
6388,chipotle pepper powder,chili,Spice
6389,chipotle seasoning mix,spice mix,Spice
6392,chocolate chip cookie mix,chocolate chip,Additive
6393,chocolate chip ice cream,chocolate,Plant Derivative
6394,chocolate cocoa,chocolate,Plant Derivative
6395,chocolate cocoa content,chocolate,Plant Derivative
6396,chocolate coin,chocolate,Plant Derivative
6397,chocolate confectioner coating,chocolate,Plant Derivative
6398,chocolate dark,dark chocolate,Plant
6399,chocolate dessert crepe,dark chocolate,Dish
6400,chocolate fudge sauce,dark chocolate,Plant Derivative
6401,chocolate graham cracker crumb,dark chocolate,Bakery
6402,chocolate malt,dark chocolate,Beverage-Alcoholic
6403,chocolate mexican,dark chocolate,Additive
6404,chocolate mix,chocolate pudding,Dish
6405,chocolate mousse mix,chocolate pudding,Dish
6406,chocolate peanut,chocolate,Plant Derivative
6407,chocolate sponge cake,cake,Bakery
6408,chocolate spread,chocolate spread,Additive
6409,chocolate swiss,chocolate spread,Plant Derivative
6410,chocolate vermicelli,chocolate spread,Plant Derivative
6411,chocolate wafer cookie,chocolate,Plant Derivative
6412,choice beef stew,beef,Meat
6413,chorize sausage,sausage,Dish
6414,chorizo de bilbao sausage,meat,Meat
6415,chorizo sausage diagonally,meat,Meat
6416,chorizo sausage link,meat,Meat
6417,chourico,meat,Meat
6418,chourico pork sausage,meat,Meat
6419,chow,pasta,Cereal
6420,choy chop suey vegetable,vegetable,Vegetable
6421,christophene,chayote,Fruit
6422,chuck arm pot roast,chuck roast,Dish
6423,chuck roast meat,chuck steak,Meat
6424,chunk,pineapple,Beverage
6425,chunky blue cheese dressing,cheese,Dairy
6426,chunky natural peanut butter,peanut butter,Nuts and Seeds
6427,ciabatta lengthwise,cucumber,Gourd
6428,ciabatta sandwich,sandwich,Dish
6429,cilantro cream,cream,Condiment
6430,cilantro cream sauce,cream,Condiment
6431,cinnamon syrup,cinnamon,Additive
6432,citron vodka,vodka,Beverage-Alcoholic
6433,citrus zest orange,orange,Fruit
6434,clamato juice vegetable,vegetable juice,Beverage
6435,classic stir fry sauce,sauce,Additive
6436,clean spinach,spinach,Vegetable
6437,clear apple juice,apple juice,Fruit
6438,clear broth,meat,Meat
6439,clear chicken stock,chicken,Meat
6440,clear jel,honey,Plant Derivative
6441,clementine zest,clementine,Fruit
6442,cling peach half,peach,Fruit
6443,cloudberry jam,fruit preserve,Fruit
6444,cloudy apple juice,apple juice,Fruit
6445,clover honey,honey,Plant Derivative
6446,clover sprout,moong,Vegetable
6449,cobb loaf,baguette,Bakery
6450,cocktail,fruit cocktail,Beverage
6451,cocktail wiener lengthwise,fruit cocktail,Meat
6452,cocoa baking,cocoa,Seed
6453,coconut gel,coconut,Beverage
6454,coconut paste,coconut,Beverage
6455,coconut shelf stable,coconut,Beverage
6456,coconut sugar crystal,sugar,Additive
6457,coconut syrup,coconut,Plant Derivative
6458,coconut vinegar,vinegar,Plant Derivative
6459,coconut yogurt,yogurt,Dairy
6460,codfish,codfish,Fish
6461,coffee chicory,coffee,Beverage Caffeinated
6462,coffee filter,coffee,Beverage Caffeinated
6463,cointreau orange liqueur,cointreau,Beverage-Alcoholic
6464,cola do not,coke,Beverage
6465,cola drink,coke,Beverage
6466,cold,water,Additive
6467,cold roast,water,Additive
6468,collard green crosswise,collard (plant),Vegetable
6469,color coleslaw,coleslaw,Condiment
6470,comino,cumin,Spice
6471,complete seasoning cumin,cumin,Spice
6472,conch meat,conch,Meat
6473,confectioner sugar frosting,powdered sugar,Additive-Sugar
6474,contadina tomato sauce,tomato,Condiment
6475,cookie crumb,chocolate,Plant Derivative
6476,cooking grain wild rice mix,rice,Cereal
6477,cooking oil corn,cooking oil,Additive
6478,cooking spray oil,cooking oil,Additive
6479,cooking spray olive oil,cooking spray,Additive
6480,cooking vegetable oil,cooking spray,Additive
6481,cooking white rice,rice,Cereal
6482,cooking wild rice,rice,Cereal
6483,cooky cream ice,icecream,Dish
6484,cooper sharp cheese,cheese,Dairy
6485,coriander chutney,coriander,Herb
6486,coriander seed powder,coriander,Herb
6487,corn beef hash,beef,Meat
6488,corn black bean,black bean,Legume
6489,corn bread muffin mix,bread,Maize
6490,corn bread stuffing mix,bread,Dish
6491,corn cake,corn,Maize
6492,corn muffin bread mix,bread,Maize
6493,corn sauce,corn,Maize
6494,cornish hen each,corn,Maize
6495,cotija,cheese,Dairy
6496,court bouillon,meat bouillon,Dish
6497,couscous wheat,wheat,Cereal
6498,crab boil seasoning,crab boil,Seafood
6499,crab cake,crab cake,Seafood
6500,crab claw meat,crab,Seafood
6501,crab juice,crab,Seafood
6502,crabmeat shrimp,shrimp,Seafood
6503,crabmeat strip lengthwise,crab,Seafood
6504,cracker barrel tex mex cheese,cheese,Dairy
6505,cracker breadcrumb,bread crumb,Bakery
6506,cracker meal breadcrumb,bread crumb,Bakery
6507,craig boysenberry jam,fruit preserve,Fruit
6508,crawfish meat,crawfish,Seafood
6509,crawfish tail meat,crawfish,Seafood
6510,cream celery soup mushroom,cream celery soup,Dish
6511,cream cheddar cheese soup,cheese,Dish
6512,cream cheese neufchatel,cheese,Dairy
6513,cream cheese onion,cheese,Dairy
6514,cream chicken soup celery,chicken soup,Meat
6515,cream chicken soup may,chicken soup,Meat
6516,cream flour,flour,Cereal
6517,cream greek yogurt,greek yogurt,Dairy
6518,cream horseradish sauce,cream,Condiment
6519,cream mushroom soup golden,cream celery soup,Dish
6520,cream not,cream,Dairy
6521,cream optional,cream,Dairy
6522,cream sauce,cream,Condiment
6523,cream soup chicken,chicken soup,Meat
6524,creamy milk,milk,Dairy
6525,creamy natural peanut butter,peanut butter,Additive
6526,creamy salad dressing miracle whip,salad dressing,Condiment
6527,creamy tomato soup,tomato,Vegetable
6528,creole seasoning seasoning,creole seasoning,Spice
6529,crepe batter,egg roll,Dish
6530,crisco oil,oil,Additive
6531,crisco reg,shortening,Additive
6532,crisco reg ; vegetable shortening,shortening,Additive
6533,crisco vegetable oil,vegetable oil,Plant Derivative
6534,crisp onion,onion,Vegetable
6535,crisp red apple,apple,Fruit
6536,crispbread cracker,cracker,Bakery
6538,crowder pea,pea,Legume
6539,crown royal whiskey,whiskey,Beverage-Alcoholic
6540,crumb crust,crust,Bakery
6541,crust pizza dough,pizza,Bakery
6542,crust topping,crust,Bakery
6543,crystal malt,vinegar,Plant Derivative
6544,crystal orange drink mix,orange,Dish
6545,cuban bread french,baguette,Bakery
6546,cube french bread,baguette,Bakery
6547,cube gingerroot,ginger,Spice
6548,cucumber ranch salad dressing,salad dressing,Dish
6549,cucumber relish,cucumber,Gourd
6550,culinary lavender,lavender,Flower
6551,cupcake liner,cake,Dish
6552,curd yogurt,yogurt,Dairy
6553,curing salt,salt,Additive
6554,custard cream,cream,Dairy
6555,custard powder not,custard,Dish
6556,cuttlefish,cuttlefish,Seafood
6557,darjeeling tea,tea,Beverage
6558,dark bread,bread,Bakery
6559,dark brown sesame oil,sesame oil,Essential Oil
6560,dark cherry juice,cherry juice,Beverage
6561,dark chocolate cake mix,cake,Dish
6562,dark chocolate couverture,dark chocolate,Plant
6563,dark chocolate frosting,dark chocolate,Plant
6564,dark chocolate shaving,dark chocolate,Plant
6565,dark meat chicken,chicken,Meat
6566,dark pumpernickel bread,bread,Bakery
6567,dark rye pumpernickel bread,bread,Bakery
6568,dark turkey meat,turkey,Meat
6569,dasheen leaf,bay leaf,Plant
6570,dashi fish stock,fish bouillon,Fish
6571,dashi no moto,dashi,Dish
6572,date honey,honey,Plant Derivative
6573,date sugar,sugar,Additive
6574,date syrup molasses,molasses,Additive
6576,deep onion,onion,Vegetable
6577,deer chop,deer,Meat
6578,del monte tomato green chilies,chili,Spice
6579,deli bun,bread,Bakery
6580,deli pastrami,beef,Meat
6581,deli roast pork loin,pork,Meat
6582,deli turkey breast,turkey,Meat
6583,dende oil,oil,Additive
6584,diana sauce,sauce,Additive
6585,diet cola,soft drink,Beverage
6586,diet sprite,soft drink,Beverage-Alcoholic
6587,dipping chocolate,chocolate,Plant Derivative
6588,dog bun bratwurst,sausage,Dish
6589,don julio tequila,tequila,Beverage-Alcoholic
6590,double whipping cream,whipped cream,Dairy
6591,doughnut,dough,Cereal
6592,dove breast,chicken,Meat
6593,dream dessert topping mix,topping,Additive
6594,dream whip dessert topping,whipped cream,Dairy
6595,dream whip topping mix,whipped cream,Dairy
6596,dreamfields penne rigate,pasta,Cereal
6597,drumstick leaf,bay leaf,Plant
6598,duck confit,duck,Meat
6599,duck quarter,duck,Meat
6600,duck sauce,duck,Meat
6601,duck stock,duck,Meat
6602,dukka,dukkah,Dish
6603,dulce de milk,dulce de leche,Dish
6604,dulse,seaweed,Seafood
6605,duo penotti chocolate hazelnut spread,chocolate spread,Additive
6606,durkee onion ring,onion ring,Vegetable
6607,dutch process cocoa,cocoa,Seed
6608,earl grey,black tea,Condiment
6609,earl grey teabags,black tea,Beverage
6610,earth balance buttery,butter,Dairy
6611,edamame bean,bean,Legume
6613,edible rose petal,rose,Flower
6614,egg bread white,egg,Meat
6615,egg custard,egg,Meat
6616,egg water,egg,Meat
6617,egg well,egg,Meat
6618,egg white replacer,egg,Meat
6619,egg white yolk,egg,Meat
6620,egg yolk milk,egg,Meat
6621,egg yolk save,egg,Meat
6622,eggnog support,eggnog,Dish
6623,eggplant oil,eggplant,Vegetable
6624,egusi seed,cumin,Spice
6625,el,spice mix,Spice
6626,el bean,bean,Legume
6627,el pato salsa,salsa,Condiment
6628,el tequila,tequila,Beverage-Alcoholic
6629,elephant garlic,garlic,Herb
6630,elephant garlic clove,garlic,Herb
6631,elk,elk,Meat
6632,emeril itailian essence,essence,Essential Oil
6633,emirati yellow chicken stock,chicken,Dish
6634,energy drink,energy drink,Beverage
6635,english row pale malt,malt,Cereal
6636,espresso granule,espresso,Beverage
6637,espresso powder optional,instant coffee,Beverage
6638,essence chicken powder,bouillon cube,Meat
6639,essence seasoning seasoning,allspice,Spice
6640,eucalyptus essential oil,oil,Additive
6641,extra beef turkey breast,beef,Meat
6642,extra coriander,coriander,Herb
6643,extra egg yolk,egg,Meat
6644,extra ham,ham,Meat
6645,extra hot horseradish,cabbage,Vegetable
6646,extra sauce,sauce,Additive
6647,extra sirloin,sirloin steak,Meat
6648,extra vegetable oil spread,vegetable oil,Plant Derivative
6649,extra wide lasagna noodle,lasagna,Cereal
6650,fajita meat,meat,Meat
6651,falafel,falafel,Dish
6652,faretti biscotti liqueur,liqueur,Beverage-Alcoholic
6653,farina cereal,cereal,Cereal
6654,farl soda bread,bread,Bakery
6655,farmhouse bread,bread,Bakery
6656,fatback,pig,Meat
6657,favourite pasta sauce,sauce,Additive
6658,feijoa,feijoa,Fruit
6659,fennel head,fennel,Herb
6660,fennell seed,cumin,Spice
6661,feta parmesan cheese,cheese,Dairy
6662,fiber one bran cereal,cereal,Cereal
6663,fiddlehead fern,fiddlehead fern,Vegetable
6664,fiesta fajita seasoning mix,fajita,Spice
6665,fig jam,fig,Fruit
6666,fig leaf,fig,Fruit
6667,filet mignon cube,fish,Fish
6668,fillet fish,fish,Fish
6669,fillet flounder,flounder,Fish
6670,fillet haddock,haddock,Fish
6671,fillet white fish,fish,Fish
6672,fillet whitefish,fish,Fish
6673,filter coffee,coffee,Beverage Caffeinated
6674,fine brown breadcrumb,bread crumb,Bakery
6675,fine cracker crumb,cracker,Bakery
6676,fine graham cracker crumb,cracker,Bakery
6677,fine semolina flour,semolina,Cereal
6678,fine white bread crumb,bread crumbs,Bakery
6679,fine white breadcrumb,bread crumb,Bakery
6680,finnan haddock,haddock,Fish
6681,fish bouillon,fish bouillon,Fish
6682,fish curry powder,spice mix,Spice
6683,fish fillet cod,cod,Fish
6684,fish fillet mahi,mahi mahi,Fish
6685,fish fillet red snapper,red snapper,Fish
6686,fish stock granule,fish bouillon,Fish
6687,fish vegetable stock,vegetable stock,Vegetable
6688,flake cereal,cereal,Cereal
6689,flan,caramel,Dish
6690,flat indian bean,bean,Legume
6691,flat porter beer,porter beer,Beverage-Alcoholic
6692,flathead fillet,flathead mullet,Fish
6693,flavor fruit jelly,fruit gum,Fruit
6694,flavor jam,jam,Fruit
6695,flavorful olive,olive,Plant
6697,flour tortilla mix,wheat tortilla,Bakery
6699,focaccia,focaccia,Bakery
6701,four cheese,cheese,Dairy
6702,four cheese pasta sauce,sauce,Additive
6703,fragrant rose petal,rose,Flower
6704,frank sauce,sauce,Additive
6705,french bread brown,baguette,Bakery
6706,french cheddar onion,onion,Vegetable
6707,french cheese,cheese,Dairy
6708,french green lentil,lentils,Legume
6710,french onion cheddar,onion,Vegetable
6711,french sandwich bun,bread,Bakery
6712,french toast,french toast,Dish
6713,french vanilla cool whip,vanilla,Dairy
6715,fruit almond,almond,Nuts and Seeds
6716,fruit blueberry,blueberry,Fruit
6717,fruit bread,bread,Bakery
6719,fruit cocktail syrup,fruit cocktail,Beverage
6721,fruit nectar,passion fruit,Fruit
6722,fruit pie,pie,Fruit
6723,fruit raspberry jam,jam,Fruit
6724,fruit salad,salad,Dish
6725,frying oil pork lard,cooking oil,Additive
6726,gaeta olive,olive,Plant
6727,gai lan chinese broccoli,broccoli,Flower
6728,garae tteok korean glutinous rice cake,cake,Dish
6729,garam masala seasoning,garam masala,Spice
6730,garbanzo bean flour,chickpea,Legume
6731,garden vegetable spaghetti sauce,tomato sauce,Condiment
6732,garlic basil spread,basil,Herb
6733,garlic chile paste,chili,Spice
6734,garlic herb butter,garlic,Dairy
6735,garlic herb pasta sauce,sauce,Additive
6736,garlic herb salad dressing mix,salad dressing,Dish
6737,garlic hummus,garlic,Herb
6738,garlic mayonnaise,garlic,Condiment
6739,garlic onion mix,onion soup,Dish
6740,garlic potato,garlic,Herb
6741,garlic puree,garlic,Herb
6742,garlic sauce mayonnaise cream pepper,sauce,Additive
6743,garnet yam,yam,Vegetable
6744,gay lea cream,ice cream,Dairy
6745,gelling sugar,sugar,Additive
6747,gerber oatmeal cereal,oatmeal,Cereal
6748,germain liqueur,liqueur,Beverage-Alcoholic
6750,german chocolate cake mix pudding,cake,Dish
6751,german cooking chocolate,chocolate,Plant Derivative
6752,german gherkin,german mustard,Condiment
6753,german salami,salami,Fish
6754,german sauerkraut,sauerkraut,Vegetable
6755,gewurztraminer wine,wine,Beverage-Alcoholic
6756,ghee oil,ghee,Dairy
6758,ghirardelli chocolate chip,chocolate chip,Additive
6759,ghirardelli white chocolate baking bar,chocolate chip,Plant Derivative
6760,gimmie sausage flavor,sausage,Dish
6761,ginger grain,ginger,Spice
6762,ginger preserve,ginger,Spice
6763,gingernut biscuit,biscuit,Bakery
6764,gingerroot ginger,ginger,Spice
6765,ginkgo nut,nuts,Nuts and Seeds
6766,glace de viande,meat,Meat
6768,gluten breadcrumb egg,egg,Meat
6769,gluten chicken stock,chicken,Meat
6770,gluten pasta,pasta,Cereal
6771,gluten pasta notta,pasta,Cereal
6772,gluten vegetable stock,vegetable stock,Vegetable
6773,goat cheese chevre,cheese,Dairy
6774,goat cheese cream,cheese,Dairy
6775,goat cheese feta,cheese,Dairy
6776,goat horn pepper green chile,chili pepper,Vegetable
6777,goat milk yogurt,milk,Dairy
6778,gochugaru,chili powder,Spice
6779,gochujang korean chili paste,chili oil,Plant Derivative
6780,godiva liqueur,liqueur,Beverage-Alcoholic
6781,gold medal purpose flour,flour,Cereal
6782,gold medal wondra flour,flour,Cereal
6783,goldschlager cinnamon schnapps,cinnamon,Additive
6784,goose breast,goose,Meat
6785,goose liver,liver,Meat
6786,goya alcaparrado,sauce,Additive
6787,goya chicken bouillon,meat,Meat
6788,goya corn tortilla,tortilla,Dish
6790,goya guacamole,avocado,Dish
6791,goya maria bolachas,biscuit,Dish
6792,goya mojo criollo,sauce,Additive
6793,goya mojo juice,juice,Condiment
6794,goya oregano leaf,oregano,Spice
6796,goya salsita,chili,Spice
6797,goya sazon seasoning,spice mix,Spice
6798,goya sazonador total,spice mix,Spice
6799,goya seasoning,spice mix,Spice
6800,goya vegetable oil,oil,Additive
6801,grain cracker,cracker,Bakery
6802,grain english muffin,english muffin,Bakery
6803,grain lasagna noodle,cannelloni,Cereal
6804,grain rye bread,bread,Bakery
6805,grain sushi rice,japanese rice,Cereal
6806,grain white rice not,white rice,Cereal
6807,grana padano cheese,cheese,Dairy
6808,granary bread,bread,Bakery
6809,grand marnier liqueur,grand marnier,Beverage-Alcoholic
6810,grape juice concentrate,grape juice,Beverage
6811,grapefruit section,grapefruit juice,Beverage
6812,gravy master,gravy,Dish
6814,great,great northern bean,Legume
6815,great northern bean overnight,great northern bean,Legume
6816,greek olive kalamata,kalamata olive,Plant
6817,greek pepper,pepper,Spice
6818,greek vinaigrette dressing,vinegar,Plant Derivative
6819,greek yogurt cream,greek yogurt,Dairy
6820,green bird eye chilies,chili powder,Vegetable
6821,green chard leaf,chard,Vegetable
6824,green garlic clove,garlic,Herb
6825,green giant create vegetable,green bean,Cereal
6826,green giant kernel corn,corn kernel,Maize
6827,green giant mushroom,mushroom,Fungi
6828,green greek olive,olive,Plant
6829,green hot pepper,green chili pepper,Vegetable
6830,green hot pepper sauce,hot sauce,Condiment
6831,green hot sauce,hot sauce,Condiment
6832,green mussel,mussel,Seafood
6833,green olive tapenade,olive,Plant
6834,green peppercorn brine,pepper,Spice
6835,green pimento olive,olive,Dish
6837,green snap pea,pea,Legume
6838,green tea powder matcha,green tea,Beverage
6839,green thai chile,chili,Spice
6840,green thai chili pepper,chili,Spice
6841,green tomatillo,tomato,Vegetable
6843,grey poupon,mustard,Condiment
6844,guacamole seasoning mix,spice mix,Spice
6845,guava shell syrup,guava,Fruit
6846,gum arabic,arabic gum,Plant Derivative
6849,gyoza,dumpling,Dish
6850,gyoza wrapper,wrapper,Dish
6852,gyro meat,meat,Meat
6853,gyro pita bread,bread,Bakery
6854,habanero chile,chili,Spice
6855,habanero pepper sauce,habanero,Condiment
6856,haggis,sheep,Dish
6857,hamburger bun hard,hamburger,Bakery
6858,hamour fish,fish,Fish
6859,handfulls fusilli,pasta,Cereal
6860,hard bread,bread,Bakery
6861,hard corn taco shell,corn,Maize
6862,hard kaiser,cheese,Dairy
6863,hard red wheat berry,berry,Berry
6864,hard taco,taco,Bakery
6865,hash brown patty,potato,Vegetable Tuber
6866,hatch green chile pepper,cherry pepper,Spice
6867,hawaiian barbeque sauce,sauce,Additive
6868,head,cauliflower,Flower
6869,head baby bok choy,bok choy,Vegetable
6870,head butterhead lettuce,lettuce,Vegetable
6871,head chinese cabbage,cabbage,Vegetable
6872,head garlic clove,garlic,Herb
6873,head iceberg,lettuce,Vegetable
6875,heineken lager beer,beer,Beverage-Alcoholic
6876,heinz beef gravy,beef,Meat
6877,heinz tomato paste,tomato,Additive
6878,heirloom tomato brandy wine,tomato,Legume
6879,heirloom tomato red,tomato,Legume
6880,helix snail,snail,Meat
6881,hemp milk,milk,Dairy
6882,hendrick gin,gin,Beverage-Alcoholic
6883,herb garlic feta,garlic,Herb
6884,herb lemon soup mix,lemon,Dish
6885,herb stuffing cube,stuffing,Herb
6886,herb vinegar,vinegar,Plant Derivative
6887,herbal tea,tea,Plant
6888,herbes de thyme,herbes de provence,Herb
6889,herradura reposado tequila,tequila,Beverage-Alcoholic
6890,herradura silver tequila,tequila,Beverage-Alcoholic
6891,hershey milk chocolate chip,milk chocolate,Additive
6892,hershey syrup,syrup,Plant Derivative
6893,hi gluten flour,flour,Cereal
6894,hibiscus edible flower,hibiscus,Flower
6895,hibiscus petal,hibiscus,Flower
6896,hickory salt,salt,Additive
6897,hickory smoke barbeque sauce,sauce,Additive
6898,high balsamic vinegar,balsamic vinegar,Additive-Vinegar
6899,high protein flour,flour,Cereal
6900,high rye bread,bread,Bakery
6901,high white chocolate,chocolate,Plant Derivative
6902,himalayan pink salt,salt,Additive
6903,hoagie sandwich bun,bread,Bakery
6904,home chicken stock,chicken,Meat
6905,hominy white bean,beans,Legume
6906,hon dashi,dashi,Dish
6907,honey barbecue sauce,sauce,Additive
6908,honey butter,butter,Dairy
6909,honey dijon salad dressing,salad dressing,Dish
6910,honey garlic barbecue sauce,sauce,Additive
6911,honey garlic sauce,hot sauce,Condiment
6912,honey rum glaze,honey,Plant Derivative
6913,honey wheat bread,bread,Bakery
6914,honeycomb candy,honey,Plant Derivative
6915,honeydew melon baller,honey,Plant Derivative
6916,honeysuckle white,honey,Plant Derivative
6918,hormel turkey pepperoni,turkey,Meat
6919,horn salt,salt,Additive
6920,horse meat,meat,Meat
6921,hot,water,Additive
6922,hot air popped corn,corn,Maize
6923,hot banana pepper,banana pepper,Vegetable
6924,hot capicola,water,Additive
6925,hot chile pepper,chili pepper,Vegetable
6926,hot chili,chili pepper,Vegetable
6927,hot chili flake,chili pepper,Spice
6928,hot corn,corn,Maize
6929,hot dog diagonally,hot dog,Dish
6930,hot new mexico pepper,pepper,Spice
6931,hot pepper cayenne,cayenne pepper,Condiment
6932,hot red pepper lengthwise,red pepper,Vegetable
6933,hot sopressata,water,Additive
6934,hot spice,spice mix,Spice
6935,hot thai chile,bird's eye chili,Vegetable
6936,hot wide egg noodle,noodle,Meat
6937,hpnotiq liqueur,liqueur,Beverage-Alcoholic
6939,hungarian pepper,pepper,Spice
6940,hungarian salami,salami,Fish
6941,hungarian wax chile,chili,Spice
6942,hungarian wax pepper,pepper,Spice
6943,hungry jack biscuit,biscuit,Bakery
6944,hyssop,mint,Herb
6945,impastata ricotta,cheese,Dairy
6946,indian chili powder,chili,Spice
6947,individual pizza crust,pizza,Bakery
6948,individual sponge cake,sponge cake,Bakery
6949,infant cereal,granola cereal,Cereal
6950,irish farmhouse cheese,cheese,Dairy
6951,irish whiskey bourbon,bourbon,Beverage-Alcoholic
6953,italian brandy,brandy,Beverage-Alcoholic
6954,italian bread dough,bread,Bakery
6955,italian bread pizza crust,pizza,Bakery
6956,italian bread sourdough,bread,Bakery
6957,italian bread white,bread,Bakery
6958,italian cheese parmesan,cheese,Dairy
6959,italian dressing french,spice mix,Spice
6960,italian dressing mix,spice mix,Spice
6961,italian herb mix spice,spice mix,Spice
6962,italian herb seasoning basil,basil,Condiment
6963,italian herb seasoning oregano,oregano,Condiment
6964,italian olive oil,olive,Plant Derivative
6965,italian parmesan dressing,spice mix,Spice
6966,italian pepper red,capsicum,Vegetable Fruit
6967,italian pizza crust,pizza,Bakery
6968,italian salad dressing choice,italian dressing,Condiment
6969,italian salad green,italian dressing,Condiment
6970,italian salad mix,salad,Dish
6971,italian sausage meat,sausage,Dish
6972,italian seasoning basil oregano,oregano,Herb
6973,italian spice oregano,oregano,Spice
6974,italian vermouth,vermouth,Beverage-Alcoholic
6975,italian vinaigrette,vinegar,Plant Derivative
6976,jalapeno black eyed pea,pea,Legume
6977,jalapeno cheddar cheese dip,cheese,Dairy
6978,jalapeno coarsely,jalapeno,Spice
6979,jalapeno cream cheese,cheese,Dairy
6980,jalapeno green olive,olive,Plant
6981,jalapeno hot,jalapeno,Spice
6982,jalapeno more,jalapeno,Spice
6983,jalapeno pepper choice,jalapeno,Vegetable
6984,jalapeno pepper hot,jalapeno,Vegetable
6985,jalapeno pepperoncini pepper,jalapeno,Vegetable
6986,jalapeno pickling liquid,jalapeno,Spice
6987,jalapeno poblano pepper,chili,Spice
6988,jam jelly,fruit preserve,Fruit
6989,jam preserve,fruit preserve,Fruit
6990,jamaican caribbean jerk seasoning,jerk (cooking),Spice
6991,jamaican curry powder,curry powder,Herb
6992,jamaican spice mixture,jerk (cooking),Spice
6993,jameson irish whiskey,whisky,Beverage-Alcoholic
6994,jamison irish whiskey,whisky,Beverage-Alcoholic
6995,japanese chili oil,chili oil,Plant Derivative
6996,japanese potato,sweet potato,Vegetable
6997,japanese sesame oil,sesame oil,Essential Oil
6998,japanese sesame paste,sesame,Dish
6999,japanese sushi white rice,japanese rice,Cereal
7000,jasmine rice white,rice,Cereal
7001,jasmine tea,tea,Plant
7002,jeera,cumin,Spice
7003,jeera seed,cumin,Spice
7004,jello vanilla pudding mix,vanilla,Dish
7005,jerk chili paste,chili oil,Plant Derivative
7006,jerk marinade,sauce,Additive
7007,jerk paste,meat,Meat
7008,jersey caramel,chocolate,Plant Derivative
7009,jigger cointreau,cointreau,Beverage-Alcoholic
7010,jigger cranberry juice,cranberry,Beverage
7011,jigger grenadine syrup,pomegranate,Condiment
7013,jigger triple sec liqueur,triple sec,Beverage-Alcoholic
7014,jigger vermouth,vermouth,Beverage-Alcoholic
7015,jimmy dean hot sausage,sausage,Dish
7016,jimmy dean maple sausage,sausage,Dish
7017,jo mama world famous spaghetti,pasta,Cereal
7018,joint beef,beef,Meat
7019,jonathan apple,apple,Fruit
7020,jones dairy farm canadian bacon,bacon,Meat
7021,jose cuervo gold tequila,tequila,Beverage-Alcoholic
7022,juice lemon,lemonade,Beverage
7023,julienne celery,celery,Vegetable
7024,jumbo lump crab meat,crab,Seafood
7025,jumbo lump crabmeat,crab,Seafood
7027,kaiser bun,hamburger,Bakery
7028,kama moroccan spice,spice,Spice
7029,kangaroo shank,lamb,Meat
7030,kangaroo tail,lobster,Seafood
7031,kansa city bbq sauce,sauce,Additive
7032,karaage coating mix,topping,Additive
7033,karo syrup white,white corn syrup,Maize
7034,kashmiri chile pepper,cherry pepper,Spice
7035,kashmiri garam masala,spice mix,Spice
7036,kataifi pastry,pastry,Dish
7037,keen mustard,mustard,Spice
7038,kelp powder,kelp,Seafood
7039,key lime yogurt,key lime,Beverage
7040,kidney,kidney bean,Legume
7041,kikkoman panko bread crumb,bread,Bakery
7042,kikkoman teriyaki baste pineapple,pineapple,Condiment
7043,kikkoman teriyaki marinade sauce,sauce,Additive
7044,kikkoman thai chili sauce,sweet chili sauce,Condiment
7045,king crab leg,crab,Seafood
7047,kirschwasser cherry schnapps,cherry,Additive
7048,kitchen bouquet browning sauce,sauce,Additive
7049,kite string,green bean,Cereal
7050,kittencal no fail buttery flaky pie pastry crust,pie crust,Bakery
7051,kiwi juice,kiwifruit,Fruit
7052,knob gingerroot,ginger,Spice
7053,knorr chicken stock powder,chicken,Meat
7054,knorr parma rosa sauce mix,fettuccine alfredo sauce,Dish
7055,knorr seasoning,spice mix,Spice
7056,kombu dashi stock,dashi,Dish
7057,konbu kelp,kelp,Seafood
7058,korean,korean radish,Vegetable
7059,korean bean paste,bean,Legume
7060,korean date,date,Fruit
7061,korean fish cake,cake,Dish
7062,korean rice,rice,Cereal
7063,koshi,cereals,Condiment
7065,kraft calorie catalina salad dressing,french dressing,Condiment
7066,kraft macaroni cheese,cheese,Dish
7067,kraft macaroni cheese mix,cheese,Dish
7068,kraft mayo mayonnaise,mayonnaise,Condiment
7069,kraft mexican finely four cheese,cheese,Dairy
7070,kraft milk mozzarella cheese,mozzarella,Dairy
7071,kraft moisture part mozzarella cheese,mozzarella,Dairy
7072,kraft reg ; parmesan cheese,cheese,Dairy
7073,kraft tex mex cheese,cheese,Dairy
7074,kraft tuscan house italian dressing,salad dressing,Dish
7075,lacinato kale,kale,Vegetable
7076,laksa leaf,bay leaf,Plant
7077,lamb gravy,lamb,Meat
7078,lamb kidney beef,beef,Meat
7079,lamb lettuce,lettuce,Vegetable
7080,lamb roast dripping,lamb,Meat
7081,lamb sauce,sauce,Additive
7082,lamb shoulder blade chop,lamb,Meat
7083,lamb shoulder steak,lamb,Meat
7084,lard cooking oil,cooking oil,Additive
7085,lard crisco,lard,Meat
7086,lard dripping,lard,Meat
7087,lard peanut oil,peanut oil,Meat
7088,lard salad oil,olive oil,Plant Derivative
7089,large black olive,olive,Plant
7090,laughing cow swiss cheese,cheese,Dairy
7091,lavender sugar,sugar,Additive
7092,lawrys garlic salt,garlic salt,Spice
7093,layer cake,medovik,Dish
7094,leaf mint,mentha,Herb
7097,leg lamb meat,lamb,Meat
7098,leg veal,veal,Meat
7099,leicester cheese,cheese,Dairy
7100,lemon drink mix,lemon,Dish
7101,lemon extract almond,almond,Nuts and Seeds
7102,lemon jelly,lemon,Fruit
7103,lemon lime beverage club soda,lemon-lime drink,Beverage
7104,lemon orange,lemon,Fruit
7105,lemon sherbet,lemon,Fruit
7106,lentil sprout,lentil,Legume
7107,lettuce head,lettuce,Vegetable
7108,libby pumpkin,pumpkin,Fruit
7109,like these two seasoning,spice mix,Spice
7110,limburger cheese,cheese,Dairy
7111,lime concentrate,lime juice,Beverage
7112,lime cream,cream,Dairy
7113,lime segment,lime,Fruit
7114,lime soda,lemon-lime drink,Beverage
7115,linguica,linguica sausage,Meat
7116,link beef sausage,beef,Meat
7117,link chorizo,meat,Meat
7118,lipton garlic soup mix,garlic,Dish
7119,lipton secret onion soup mix,onion soup,Dish
7120,lipton secret savory herb garlic soup mix,soup,Dish
7122,liquid coffee creamer,coffee,Beverage Caffeinated
7123,liquid egg product,egg,Meat
7124,liquid stevia,sugar substitute,Additive
7125,lite peach,peach,Fruit
7126,lite silken extra tofu,tofu,Plant Derivative
7127,lite topping,topping,Additive
7128,live crawfish,crawfish,Seafood
7129,loaf egg bread,egg,Meat
7130,lobster head,lobster,Seafood
7131,lobster ravioli,lobster,Seafood
7132,lobster shell,lobster,Seafood
7133,lobster tail meat,lobster,Seafood
7134,loin veal chop,lamb,Meat
7135,loose green tea leaf,green tea,Beverage
7136,loose italian sausage,italian sausage,Meat
7137,lop chong,sausage,Dish
7138,louisiana hot link sausage,italian sausage,Meat
7139,louisianna sauce,sauce,Additive
7140,lump crab,crab,Seafood
7141,lump crab meat,crab,Seafood
7142,macadamia nut almond,almond,Nuts and Seeds
7143,macadamia nut syrup,macadamia,Nuts and Seeds
7144,macapuno,coconut,Fruit
7145,macapuno string,coconut,Dairy
7146,macaroni cheese dinner mix,cheese,Dish
7147,macintosh apple,apple,Fruit
7148,mackerel better,pelagic fish,Fish
7149,magic shell ice cream topping,ice cream,Additive
7150,maifun,noodle,Cereal
7151,maitake mushroom,mushroom,Fungi
7152,maize meal,maize,Bakery
7153,maldive fish,fish,Fish
7154,malt powder,malt,Cereal
7155,mandarin juice,mandarin orange,Beverage
7156,mandarin orange zest,mandarin orange,Plant Derivative
7157,mango cheek,mango,Fruit
7158,mango ginger chutney,ginger,Condiment
7159,mango hot sauce,sauce,Additive
7160,mango jelly crystal,mango,Fruit
7161,mango syrup,mango,Plant Derivative
7162,mango yogurt,yogurt,Dairy
7163,manioc flour,flour,Cereal
7164,manioc starch,yuca,Cereal
7165,manouri cheese,cheese,Dairy
7166,manwich mix,baking mix,Dish
7167,maple,maple,Plant Derivative
7168,maple flavor,maple,Plant Derivative
7169,maple pancake syrup,pancake,Additive
7170,margarita salt,salt,Additive
7171,marlin,fish,Fish
7172,marlin steak,steak,Fish
7173,martha white yellow cornbread mix,bread,Dish
7174,marzipan paste,marzipan,Additive
7175,masago smelt roe,roe,Fish
7176,masoor red lentil,red lentil,Legume
7177,mauby bark,cinnamon,Additive
7178,mccormick beef seasoning,beef,Meat
7179,mccormick beef stew seasoning,beef,Meat
7180,mccormick black pepper,pepper,Spice
7181,mccormick brown gravy mix,gravy,Dish
7182,mccormick chili seasoning mix,chili powder,Spice
7183,mccormick fajita seasoning mix,fajita,Spice
7184,mccormick grill mate seasoning,seasoning,Spice
7185,mccormick salad supreme seasoning,salad,Dish
7186,mccormick season,seasoned salt,Additive-Salt
7187,mccormick spicy italian sausage,italian sausage,Meat
7188,mccormick taco seasoning mix,taco,Spice
7189,meat chicken breast shrimp,chicken,Meat
7190,meat pork beef,beef,Meat
7191,meat vegetable,meat,Meat
7192,meatloaf mix beef pork veal,meatloaf,Spice
7193,meatloaf mixture beef,meatloaf,Meat
7194,medjool date,date,Fruit
7195,mein noodle,noodle,Cereal
7196,merguez italian sausage,sausage,Dish
7197,meringue cooky,biscuit,Bakery
7198,mesquite seasoning mix,spice mix,Spice
7199,metal skewer bamboo,bamboo shoot,Plant
7201,mexican caramel sauce cajeta,caramel,Additive
7202,mexican cheese taco,cheese,Dairy
7203,mexican chicken rice pilaf mix,chicken,Dish
7204,mexican chilies,chili,Spice
7205,mexican chocolate cocoa powder,cocoa,Seed
7206,mexican chorizo sausage,chorizo,Meat
7207,mexican cocoa,cocoa,Seed
7208,mexican corn green pepper,pepper,Spice
7209,mexican crema cream,cream,Dairy
7210,mexican crema creme,cream,Dairy
7211,mexican maria cooky,biscuit,Bakery
7212,mexican red sauce,chili sauce,Condiment
7213,mexican seasoning mix,spice mix,Spice
7214,mexican seasoning mix ii,spice mix,Spice
7215,mexican squash,squash,Fruit
7216,mexican vanilla extract,vanilla,Essential Oil
7218,mexican vegetarian meat substitute,meat,Meat
7219,mexicorn kernel corn,corn kernel,Maize
7220,middle eastern red pepper,capsicum,Vegetable Fruit
7221,milk ball,milk,Dairy
7223,milk chocolate cocoa,chocolate milk,Beverage
7224,milk soy,soy milk,Plant Derivative
7225,mince meat,meat,Meat
7226,mincemeat pie filling,pie,Dish
7227,mineral spirit,water,Additive
7228,mini cheese ravioli,cheese,Dairy
7229,mini meringue,meringue,Bakery
7230,mini pepper,capsicum,Vegetable Fruit
7231,mini pepperoni,pepperoni,Meat
7232,mini pita pocket,bread,Bakery
7233,mint candy,mentha,Herb
7234,mint chocolate liqueur,chocolate,Plant Derivative
7235,mint oreo cooky,mentha,Herb
7236,mint relish,mentha,Herb
7237,mint vinaigrette,mentha,Herb
7238,mix powder,chili powder,Spice
7239,mochi rice,mochi,Dish
7240,mochi rice cake,mochi,Dish
7241,mochi square,rice flour,Dish
7242,mole sauce,mole sauce,Condiment
7243,monkfish steak,steak,Fish
7244,montasio cheese,montasio,Dairy
7245,montreal chicken seasoning,montreal steak seasoning,Spice
7246,moong bean,mung bean,Legume
7247,moose rump roast,rump steak,Meat
7248,moose steak,steak,Fish
7249,morel mushroom,mushroom,Fungi
7250,morningstar farm veggie bacon strip,bacon,Meat
7251,morrocan seasoning,spice mix,Spice
7252,morton kosher salt,kosher salt,Additive-Salt
7253,morton tender salt,salt,Additive
7254,moscatel vinegar,vinegar,Plant Derivative
7256,mozart black chocolate liqueur,chocolate,Plant Derivative
7257,mud crab,crab,Seafood
7258,muffin,muffin,Bakery
7259,mugwort,mugwort,Herb
7260,mulling spice,mulling spice,Spice
7261,multi grain,wheat tortilla,Bakery
7262,multi grain cereal,wheat tortilla,Bakery
7263,multi grain english muffin,english muffin,Bakery
7264,multi grain flour,wheat tortilla,Bakery
7265,multi peppercorn,pepper,Spice
7267,mung bean flour,mung bean,Legume
7268,mushroom brown,mushroom,Fungi
7269,mushroom cremini,mushroom,Fungi
7270,mushroom crimini,mushroom,Fungi
7271,mushroom juice,mushroom,Fungi
7272,mushroom portobello,mushroom,Fungi
7273,mushroom stock,mushroom,Fungi
7274,muskmelon,muskmelon,Fruit
7275,mustard mayonnaise,mayonnaise,Condiment
7276,my greek seasoning,spice mix,Spice
7277,myoga,myoga,Spice
7278,nacho cheese chip,tortilla,Dish
7280,natural,almond,Nuts and Seeds
7281,natural yoghurt yogurt,yogurt,Dairy
7282,navy bean overnight,navy bean,Legume
7283,neapolitan ice cream,ice cream,Dish
7284,neutral vegetable oil,vegetable oil,Plant Derivative
7285,new mexico pepper,new mexico chile,Spice
7286,new red chile pod,chili pepper,Vegetable
7287,new red potato,potato,Vegetable Tuber
7288,new york steak,strip steak,Meat
7289,newman balsamic salad dressing,salad dressing,Dish
7291,no kidney bean,kidney bean,Legume
7292,no salt pinto bean,pinto bean,Legume
7293,no salt tomato juice,tomato juice,Vegetable
7294,non buttermilk,buttermilk,Dairy
7296,non cottage cheese,cheese,Dairy
7297,non hydrogenated vegan margarine,margarine,Additive
7298,non meat spaghetti sauce,tomato sauce,Condiment
7299,non pam cooking spray,cooking spray,Additive
7300,non pareils,iodized salt,Additive-Salt
7301,non spray,cooking spray,Additive
7302,non tortilla chip,tortilla,Dish
7303,nonfat spicy bean,bean,Legume
7304,nonfat wheat tortilla,wheat tortilla,Bakery
7305,nonstick cooking peanut oil,peanut oil,Plant
7306,noodle egg,egg,Meat
7307,nopalitos cactus,nopal,Plant
7308,nori komi furikake,nori,Seafood
7309,nostimini herb mix,lamb,Meat
7310,nu salt substitute,salt,Additive
7311,nuoc mam,nuoc cham,Condiment
7312,nut coconut,coconut,Beverage
7313,nut fruit,nut,Nuts and Seeds
7314,nut hazelnut,hazelnut,Nuts and Seeds
7315,nut liqueur,nut,Nuts and Seeds
7316,nut macadamia,macadamia,Nuts and Seeds
7317,nut pecan,pecan,Nuts and Seeds
7318,nutri grain cereal,granola cereal,Cereal
7319,oat bran wheat,oats,Cereal
7320,oat cereal,oat,Cereal
7321,oatabix biscuit,biscuit,Bakery
7322,oil coconut,coconut oil,Fruit
7323,oil cooking,cooking oil,Additive
7324,oil cooking spray,cooking oil,Additive
7325,oil crisco,cooking oil,Additive
7326,oil neutral,cooking oil,Additive
7327,oil plus extra,olive oil,Plant Derivative
7328,oil rice,rice,Cereal
7329,oil sunflower,sunflower oil,Plant Derivative
7330,oil tuna,fish oil,Fish
7331,oil vinegar salad dressing,salad dressing,Dish
7332,okinawa soba noodle,noodle,Cereal
7333,okonomi sauce,sauce,Additive
7334,okra lengthwise,okra,Vegetable
7335,olive bread,bread,Bakery
7336,olive green black,olive,Plant
7337,olive oil vinaigrette dressing,olive oil,Plant Derivative
7338,olive optional,olive,Plant
7339,olive peanut oil,olive oil,Plant Derivative
7340,olive pomace oil,olive oil,Plant Derivative
7341,olive salad mix,olive salad,Dish
7342,omani spice,spice mix,Spice
7343,onion flake powder,onion powder,Spice
7344,onion keep,onion powder,Vegetable
7345,onion puree,onion powder,Vegetable
7346,onion seasoning mix,onion powder,Spice
7347,onion soup mix water,onion soup,Dish
7348,onion yellow,yellow onion,Vegetable
7350,orange extract lemon,lemon,Fruit
7353,orange infused vodka,vodka,Beverage-Alcoholic
7354,orange juice lemon,lemonade,Beverage
7355,orange juice lemon lime,lemonade,Beverage
7356,orange muscat wine,wine,Beverage-Alcoholic
7357,orange pepper yellow,capsicum,Vegetable Fruit
7358,orange roughy,orange,Fruit
7359,orange strip,orange,Fruit
7360,orange yogurt,orange,Fruit
7361,oreo cookie pie crust,crust,Bakery
7362,organic baby spinach,spinach,Vegetable
7363,organic chicken stock,chicken,Meat
7364,organic italian tomato,tomato,Vegetable
7365,organic lavender flower,lavender,Flower
7366,organic marinara sauce,marinara sauce,Condiment
7367,organic red potato,potato,Vegetable Tuber
7368,organic rose petal,rose,Flower
7369,organic wheat breadcrumb,bread,Bakery
7370,oriental flavor mix ramen noodle,noodle,Cereal
7371,oriental ramen noodle,noodle,Cereal
7372,ortega bean,bean,Legume
7373,ortega taco seasoning mix,spice mix,Spice
7374,oscar mayer bacon,bacon,Meat
7375,ouzo extract,rakia,Beverage-Alcoholic
7377,ox kidney,kidney bean,Legume
7378,oxtail soup mix,soup,Dish
7379,oyster liquid,oyster,Seafood
7380,oyster liquor,oyster,Seafood
7381,pad thai noodle,noodle,Cereal
7382,palm vinegar,vinegar,Plant Derivative
7383,palmas green chili sauce,chili,Spice
7385,pancake batter,pancake,Dish
7386,panch phoran,spice mix,Spice
7387,panch phoron,spice mix,Spice
7388,papaya paste,papaya,Fruit
7389,paprika chipotle powder,chipotle,Spice
7390,paprika gravy,paprika,Vegetable
7391,paprika paste,paprika,Vegetable
7392,paprika pimenton,paprika,Vegetable
7393,parisienne essence,vanilla extract,Additive
7394,parkay margarine,margarine,Additive
7395,parmagiano reggiano cheese,cheese,Dairy
7396,parmigiano reggiano,cheese,Dairy
7397,parmigiano reggiano cheese shaving,cheese,Dairy
7398,parmigiano reggiano romano cheese,cheese,Dairy
7399,parsley sauce,parsley,Condiment
7400,part cottage cheese,cheese,Dairy
7401,pasilla chile pepper,cherry pepper,Spice
7402,pasilla chile powder,chili powder,Spice
7403,passata tomato,tomato,Vegetable
7404,passion fruit syrup,fruit juice,Beverage
7405,pasta cooking liquid,cooking oil,Additive
7406,pasta sauce marinara,sauce,Additive
7407,pasta sauce romano,sauce,Additive
7408,pasta sauce tomato,tomato,Condiment
7409,pasta shape,pasta,Cereal
7410,pastry dough crust pie,crust,Bakery
7411,pastry single crust pie,crust,Bakery
7412,patna rice,rice,Cereal
7413,patty pan squash,squash,Fruit
7415,pb peanut butter,peanut butter,Additive
7416,pea flour,pea,Legume
7417,pea overnight,pea,Legume
7418,pea pod diagonally,pea,Legume
7419,pea water,water,Additive
7420,peach baby food,peach,Dish
7421,peach chutney,peach,Condiment
7422,peach pie filling,cherry pie,Dish
7423,peach preserve apricot,fruit preserves,Fruit
7424,peach puree,peach,Fruit
7425,peanut oil extra,peanut oil,Plant
7426,peanut oil salad,peanut oil,Plant
7427,peanut oil separately,peanut oil,Plant
7428,peanut oil substitute,peanut oil,Plant
7429,peanut powder,peanut,Nuts and Seeds
7430,pear brandy,pear brandy,Beverage-Alcoholic
7431,pear heavy syrup,pear,Plant Derivative
7432,pear juice apple,apple juice,Fruit
7433,pear liqueur,pear,Fruit
7434,pecorino siciliano cheese,cheese,Dairy
7435,pepitas pumpkin seed,pumpkin seed,Nuts and Seeds
7436,pepper flake hot,red pepper,Vegetable
7437,pepper hot,red pepper,Vegetable
7438,pepper red,red pepper,Vegetable
7439,pepper salami,pepper,Spice
7440,pepper sauce cayenne,cayenne pepper,Vegetable
7441,pepper sesame oil,sesame oil,Essential Oil
7442,pepperidge cinnamon swirl bread,cinnamon roll,Bakery
7443,pepperidge farm stuffing,mint,Dish
7444,peppermint candy cane,mint,Additive
7445,peppermint oil,mint,Essential Oil
7446,pepperoni salami,pepperoni,Meat
7447,pequin pepper,pepper,Spice
7449,percent agave tequila,tequila,Beverage-Alcoholic
7450,perciatelli,pasta,Cereal
7451,perdue chicken breast,chicken,Meat
7452,perfect egg pasta,egg,Meat
7453,persian cucumber,cucumber,Gourd
7454,persimmon,persimmon,Fruit
7455,pesto basil sauce,basil,Condiment
7456,pesto sauce mix,sauce,Additive
7457,petite potato,potato,Vegetable Tuber
7458,petite tomato,tomato,Vegetable
7459,peychaud bitter,cocktail,Beverage
7460,philadelphia cooking creme,cream,Dairy
7461,philadelphia neufchatel cheese,cheese,Dairy
7462,picante sauce taco,taco,Condiment
7463,pickerel fillet,pickerel,Fish
7464,pickle chip,pickerel,Additive
7465,pickle persian cucumber,cucumber,Gourd
7466,pickle spear,dill,Herb
7467,picnic ham,ham,Meat
7468,pig ear,pig,Meat
7469,pig foot butcher,pig,Meat
7470,pig head,pig,Meat
7471,pig stomach,pig,Meat
7472,pigeon pea paste,pea,Condiment
7473,pigeon pea romano bean,pea,Condiment
7474,pillsbury buttermilk count,buttermilk,Dairy
7475,pillsbury pie dough,pie,Cereal
7476,pillsbury pizza crust,pizza,Bakery
7477,pillsbury pizza dough,pizza,Bakery
7478,pimento strip,cherry pepper,Spice
7479,pimiento pepper,cherry pepper,Spice
7480,pimm liqueur,liqueur,Beverage-Alcoholic
7481,pineapple cube,pineapple,Fruit
7482,pineapple essence,pineapple,Beverage
7483,pineapple extract,pineapple,Fruit
7484,pineapple orange banana juice,juice,Beverage
7485,pineapple ring juice,pineapple,Beverage
7486,pineapple sauce,pineapple,Beverage
7487,pineapple tidbit juice,pineapple,Beverage
7488,pink champagne,champagne,Beverage-Alcoholic
7489,pink curing salt,salt,Additive
7490,pink kidney bean,kidney bean,Legume
7491,pinot grigio,wine,Beverage-Alcoholic
7492,pippin apple,apple,Fruit
7493,pisco brandy,pisco,Beverage-Alcoholic
7494,pita bread chip,bread,Bakery
7495,pitta bread,bread,Bakery
7496,pizza crust base,pizza,Bakery
7497,pizza dough bread machine,pizza,Bakery
7498,pizza sauce pasta,sauce,Additive
7499,pizza sauce spicy,sauce,Additive
7500,plaice fillet,flatfish,Fish
7501,plain oatmeal,oatmeal,Cereal
7502,plain potato chip,potato,Vegetable Tuber
7503,plum baby food,plum,Dish
7504,plum heavy syrup,plum,Fruit
7505,plum puree,plum,Fruit
7506,plum tomato juice,tomato,Vegetable
7508,poblano chilies,poblano,Vegetable
7509,polish beef sausage,kielbasa,Meat
7510,polyunsaturated margarine,margarine,Additive
7511,pomelo juice,pomello,Beverage
7512,popcorn shrimp,shrimp,Seafood
7513,poppy seed dressing,poppy seed,Spice
7514,pork back,pork,Meat
7515,pork blade roast,pork,Meat
7516,pork blood,pork,Meat
7517,pork brisket,pork,Meat
7518,pork bun,pork,Meat
7519,pork casing,pork,Meat
7520,pork chop loin,pork,Meat
7521,pork chop tenderloin,pork,Meat
7522,pork crackling,pork,Meat
7523,pork gravy mix,pork,Dish
7524,pork pate,pork,Meat
7525,pork picnic roast,pork,Meat
7526,pork ramen noodle,noodle,Cereal
7527,pork roast butt,pork,Meat
7528,pork sausage dean,pork sausage,Meat
7529,pork sirloin tip roast,pork,Meat
7530,pork spare rib rack,pork,Meat
7531,pork stock chicken,chicken,Meat
7532,pork turkey,turkey,Meat
7533,pork veal,pork,Meat
7534,port wine gelatin mix,wine,Beverage-Alcoholic
7535,porter,porter beer,Beverage-Alcoholic
7537,potato butter,butter,Dairy
7538,potato cheddar pierogies,potato,Vegetable Tuber
7539,potato cheese filling,potato,Vegetable Tuber
7540,potato crisp,potato,Vegetable Tuber
7541,potato noodle,potato,Vegetable Tuber
7542,potato onion pierogies,potato,Vegetable Tuber
7543,potato puree,potato,Vegetable Tuber
7544,potato red,potato,Vegetable Tuber
7545,potato variety,potato,Vegetable Tuber
7546,poundcake mix,baking mix,Dish
7547,pouring custard,custard,Dish
7548,pre,cheese,Dairy
7549,pre pizza crust,pizza,Bakery
7550,pre pizza dough,pizza,Bakery
7551,prego mushroom italian sauce,soy sauce,Condiment
7552,prego pasta sauce,sauce,Additive
7553,prego traditional italian sauce,tomato sauce,Condiment
7554,prickly pear syrup,pear,Plant Derivative
7555,process cheese sauce,cheese,Dairy
7556,progresso french onion soup,onion soup,Dish
7557,proof grain alcohol,alcohol,Beverage-Alcoholic
7558,proof rum,rum,Beverage-Alcoholic
7559,proof vodka,vodka,Beverage-Alcoholic
7560,provolone mozzarella cheese,cheese,Dairy
7561,prudhomme magic seasoning,spice mix,Spice
7563,prune filling,plum,Fruit
7564,prune juice water,plum,Fruit
7565,pub mustard,mustard,Condiment
7566,pumpernickel breadcrumb,bread crumb,Bakery
7567,pumpernickel cocktail bread,bread crumb,Bakery
7570,purple yam,yam,Vegetable
7571,queen olive,olive,Plant
7572,quesadilla,quesadilla,Dish
7573,queso mexican cheese,cheese,Dairy
7574,queso ranchero,cheese,Dairy
7575,rabbit joint,rabbit,Meat
7576,rabbit meat,rabbit,Meat
7577,rack pork baby back rib,pork,Meat
7578,rack pork back rib,pork,Meat
7579,rack pork rib,pork,Meat
7580,rack venison,venison,Meat
7581,rag pasta sauce italian,sauce,Additive
7582,ramen noodle chicken,chicken,Meat
7583,ramen noodle soup base,noodle,Cereal
7584,ranch chili bean,beans,Legume
7585,raspberry flavoring,raspberry,Fruit
7586,raspberry ice cream,raspberry,Dish
7587,raspberry jam apricot,fruit preserves,Fruit
7588,raspberry kool aid,raspberry,Fruit
7589,raspberry lemonade concentrate,raspberry,Fruit
7590,raspberry preserve jam,fruit preserves,Fruit
7591,raspberry sauce,raspberry,Condiment
7592,raspberry schnapps,raspberry,Fruit
7593,raspberry spreadable fruit,raspberry,Fruit
7594,raspberry vinaigrette,vinegar,Plant Derivative
7595,raspberry yogurt,yogurt,Dairy
7596,really bread,bread,Bakery
7598,rectified alcohol,,Beverage-Alcoholic
7599,red baking apple,apple,Fruit
7600,red bean overnight,bean,Legume
7601,red bean rice mix,bean,Legume
7602,red beet juice,beetroot,Vegetable
7603,red bell pepper lengthwise,capsicum,Vegetable Fruit
7604,red chicory,chili,Spice
7605,red chile enchilada sauce,mole sauce,Condiment
7606,red chile pepper pod,chili,Spice
7607,red chile sauce,chili,Spice
7608,red chili diagonally,chili pepper,Vegetable
7609,red chili garlic sauce,chili sauce,Condiment
7610,red chili paste miso,miso,Spice
7611,red chilies chili pepper flake,chili,Spice
7612,red chilies lengthwise,chili pepper,Vegetable
7613,red decorator sugar,sugar,Additive
7615,red fresno chile pepper,chili,Spice
7616,red glazed cherry,red cherry,Fruit
7617,red green bell pepper,capsicum,Vegetable Fruit
7618,red green yellow pepper,cherry pepper,Spice
7619,red jalapeno chile chili,chili pepper,Vegetable
7620,red jalapeno pepper,jalapeno pepper,Vegetable
7621,red kale leaf,kale,Vegetable
7622,red lumpfish caviar,lumpfish,Fish
7623,red mill gluten flour,gluten flour,Cereal
7624,red new mexico chile,new mexico chile,Spice
7625,red new potato,potato,Vegetable Tuber
7626,red pear,pear,Vegetable
7627,red pepper bell,capsicum,Vegetable Fruit
7628,red pepper chili flake,chili,Spice
7629,red pepper paste sauce,chili,Spice
7630,red pepper piquillo,capsicum,Vegetable Fruit
7631,red pepper pod,cherry pepper,Spice
7632,red pepper relish,capsicum,Vegetable Fruit
7633,red pie cherry,red cherry,Fruit
7634,red pimento sauce,cherry pepper,Spice
7635,red potato brown,potato,Vegetable Tuber
7636,red potato total,potato,Vegetable Tuber
7637,red river cereal,cereal,Cereal
7638,red rooibos tea leaf,tea leaf,Beverage
7639,red rose petal,rose,Flower
7640,red serrano chilie,chili,Spice
7641,red serrano pepper,capsicum,Vegetable Fruit
7642,red skin white potato,white potato,Vegetable
7643,red snapper steak,red snapper,Fish
7644,red sugar crystal,sugar,Additive
7645,red taco sauce,taco sauce,Condiment
7646,red thai chile pepper,chili,Spice
7647,red thai chili paste,sweet chili sauce,Condiment
7649,red wine vinegar salad dressing,vinegar,Plant Derivative
7650,red yellow pepper,pepper,Spice
7651,reggiano parmesan cheese,cheese,Dairy
7652,rell bell pepper,red capsicum,Vegetable
7653,rennet,sheep milk,Meat
7654,reposada tequila,tequila,Beverage-Alcoholic
7655,requeson cheese,cheese,Dairy
7656,request tomato soup,tomato soup,Dish
7657,rib fillet,beef,Meat
7658,rice bubble krispies,rice,Cereal
7659,rice cream,rice,Cereal
7660,rice crumb,rice,Cereal
7661,rice krispies generic,rice,Cereal
7662,rice noodle thai,noodle,Cereal
7663,rice roni,rice,Cereal
7664,rice seasoning,rice,Cereal
7665,rice syrup,rice,Cereal
7666,rice wine vinegar garlic,rice vinegar,Additive-Vinegar
7667,ridge gourd,gourd,Fruit
7669,risotto mix garden vegetable,vegetable,Vegetable
7670,ro tel tomato onion,tomato soup,Vegetable
7671,roast chicken,rotisserie chicken,Meat
7672,roast turkey,turkey,Meat
7674,robin hood oat,oat,Cereal
7675,robin hood purpose flour,all purpose flour,Cereal
7676,rock candy syrup,syrup,Plant Derivative
7677,rock cornish game hen,hen,Meat
7678,rolo chocolate,chocolate,Plant Derivative
7680,rom plum tomato,tomato,Vegetable
7681,romaine salad green,green salad,Vegetable
7682,romanesco cauliflower,cauliflower,Flower
7683,romano parmesan cheese,cheese,Dairy
7684,romano pasta sauce,sauce,Additive
7685,rome apple,rome apple,Fruit
7686,romulo olive oil,olive oil,Plant Derivative
7687,rooibos tea leaf,black tea,Beverage
7688,root beer extract,root beer,Beverage-Alcoholic
7689,rosamarina pasta,orzo,Cereal
7690,rosarita traditional bean,bean,Legume
7691,rose bud,rose water,Additive
7692,rouladen beef,beef,Meat
7693,rum cream liqueur,rum cream liqueur,Beverage-Alcoholic
7694,rustic french bread,baguette,Bakery
7695,rutland cheese,cheese,Dairy
7696,rye cracker,cracker,Bakery
7697,rye flake,rye flake,Cereal
7698,rye mountain bread,bread,Bakery
7699,rye toast,rye flour,Cereal
7700,safflower oil sunflower,sunflower oil,Plant Derivative
7701,safflower oil vegetable,vegetable oil,Plant Derivative
7702,saffron rice mix,spanish rice,Cereal
7703,sage sausage,breakfast sausage,Meat
7704,salad dressing mix,salad dressing,Condiment
7705,salad green lettuce,lettuce,Vegetable
7706,salad green mix,green salad,Vegetable
7707,salad green romaine,green salad,Vegetable
7708,salad olive,olive salad,Dish
7709,salad potato,potato,Vegetable Tuber
7710,salad vegetable,salad,Dish
7711,salba seed,cumin,Spice
7712,salsa con,chile con queso,Condiment
7713,salsa con queso sauce,chile con queso,Condiment
7714,salsa verde green,salsa verde,Condiment
7715,salt cayenne pepper,cayenne,Vegetable
7716,salt chicken broth,chicken,Dish
7717,salt garlic herb seasoning,garlic,Herb
7718,salt herb seasoning,seasoned salt,Additive-Salt
7719,salt lemon herb seasoning,lemon,Condiment
7720,salt meat,salt,Additive
7721,salt pepper chicken,chicken,Spice
7722,salt pepper white,pepper,Spice
7723,salt taco seasoning,seasoned salt,Additive-Salt
7724,saltine cracker breadcrumb,saltine cracker,Bakery
7725,samosa quesadilla,quesadilla,Bakery
7726,sandwich sauce,sauce,Additive
7727,sao biscuit,biscuit,Bakery
7728,sashimi grade,fish,Fish
7729,satsuma mandarin orange,tangerine,Fruit
7730,satsuma orange,tangerine,Fruit
7731,sauce chili,chili paste,Condiment
7732,sauce chipotle,chili paste,Condiment
7733,sauce choice,sauce,Additive
7734,sauce heinz,sauce,Additive
7735,sauce tabasco,tabasco sauce,Condiment
7736,sauerkraut filling,sauerkraut,Vegetable
7737,sauza tequila,tequila,Beverage-Alcoholic
7738,savory beef gravy,beef,Meat
7740,scan meatball,meatball,Dish
7741,scarlet runner bean,bean,Legume
7742,schmaltz chicken,chicken,Meat
7743,scotch bonnet sauce,sauce,Additive
7744,sea urchin roe,sea salt,Additive-Salt
7745,seafood sauce,sauce,Additive
7746,seal meat,meat,Meat
7747,search ultimate spaghetti pizza pasta sauce,tomato sauce,Condiment
7748,season,salt,Additive
7749,season salad dressing mix,salad dressing,Condiment
7750,season salt pepper,pepper,Spice
7754,seasoning salt black pepper,pepper,Spice
7756,seed oil,linseed oil,Essential Oil
7757,self rising cake flour,flour,Cereal
7758,self rising corn meal mix,cornmeal,Maize
7759,self rising white cornmeal,cornmeal,Maize
7760,self rising yellow cornmeal,cornmeal,Maize
7761,serrano pepper thai chile,serrano pepper,Vegetable
7762,sesame oil chili,sesame oil,Essential Oil
7763,sesame oil cooking,sesame oil,Essential Oil
7764,sesame oil sunflower,sesame oil,Essential Oil
7765,sesame paste tahini,tahini,Dish
7766,sesame powder,chili powder,Spice
7767,shaoxing wine sherry,sherry,Beverage-Alcoholic
7768,shark fillet,shark meat,Fish
7769,sharp american cheese,cheese,Dairy
7770,sharp canadian cheddar cheese,cheese,Dairy
7771,sharp cheese,cheese,Dairy
7772,sheep milk feta cheese,cheese,Dairy
7774,shell clam,clam,Seafood
7775,shell shrimp,shrimp,Seafood
7776,shiitake mushroom black chinese,mushroom,Fungi
7777,shoestring carrot,carrot,Vegetable
7778,shoestring french fry,potato,Vegetable Tuber
7779,shortbread crust,shortbread crust,Bakery
7780,shortening butter,shortening,Additive
7781,shrimp broth,shrimp,Seafood
7782,shrimp chicken,chicken,Meat
7783,shrimp juice,shrimp,Seafood
7784,shrimp meat,shrimp,Seafood
7785,shrimp shell,shrimp,Seafood
7786,shrimp stock chicken,chicken,Meat
7787,sicilian pizza dough,sicilian pizza dough,Bakery
7788,side pork,pork,Meat
7789,single pie crust,pie crust,Bakery
7790,sirloin beef tip,beef,Meat
7791,sirloin lamb chop,lamb chop,Meat
7792,sirloin pork chop,pork,Meat
7793,sirloin steak crosswise,sirloin steak,Meat
7794,sirloin steak grain,beef,Meat
7796,skin pork belly,pork,Meat
7797,skirt steak crosswise,skirt steak,Meat
7798,slender asparagus spear,asparagus,Vegetable
7799,slightly bread,bread,Bakery
7800,slightly egg white,egg,Meat
7801,smart balance butter,butter,Dairy
7802,smokies sausage,sausage,Dish
7803,smucker sundae syrup,syrup,Plant Derivative
7804,snail shell,snail,Meat
7805,snoek,snoek,Fish
7806,snow,pea,Legume
7807,snow crab leg,crab,Seafood
7808,soda bread,bread,Bakery
7809,soda bread farl,bread,Bakery
7810,sofrito seasoning,sauce,Additive
7811,sorghum molasses,syrup,Additive
7812,soul seasoning,spice mix,Spice
7813,soup shank,soup,Dish
7814,soup vegetable,soup,Dish
7815,sourdough,sourdough baguette,Bakery
7816,sourdough bread italian,bread,Bakery
7817,sourdough loaf,meatloaf,Bakery
7818,southwestern salsa,salsa,Condiment
7819,soy,soy sauce,Condiment
7820,soy bean paste,soy sauce,Condiment
7821,soy coffee creamer,cream,Plant Derivative
7822,soy cream cheese,cheese,Dairy
7823,soy mayonnaise,mayonnaise,Condiment
7824,soy oil,oil,Additive
7825,soy sausage,sausage,Dish
7826,soya wadi,soy sauce,Condiment
7827,soybean flour,flour,Cereal
7828,spaetzle dumpling,dumpling,Dish
7829,spaghetti sauce cheese,cheese,Dairy
7830,spaghetti sauce great,tomato sauce,Condiment
7831,spaghetti sauce mushroom,tomato sauce,Condiment
7832,spaghetti sauce pasta,tomato sauce,Condiment
7833,spaghetti sauce tomato,tomato sauce,Condiment
7834,spanish brandy,brandy,Beverage-Alcoholic
7835,spanish chorizo pork sausage,pork,Meat
7836,spanish green olive,green olive,Plant
7837,spanish mackerel fillet,spanish macherel,Fish
7838,spanish rice roni,spanish rice,Cereal
7839,spanish seasoning,spice mix,Spice
7840,spanish virgin olive oil,olive oil,Plant Derivative
7841,sparkling white grape juice,white grape,Fruit
7842,spice grill seasoning,spice mix,Spice
7843,spicy,spicy mustard,Condiment
7844,spicy barbeque sauce,barbeque sauce,Condiment
7845,spicy bean curd,curd,Legume
7846,spicy bean sauce,soybean sauce,Condiment
7847,spicy cajun seasoning,cajun seasoning,Plant Derivative
7848,spicy chicken sausage,sausage,Dish
7849,spicy chili seasoning mix,chili,Spice
7851,spicy enchilada sauce,sauce,Additive
7852,spicy fajita seasoning,spice mix,Spice
7853,spicy hard yellow cheese,cheese,Dairy
7854,spicy juice,juice,Beverage
7855,spicy mayonnaise,mayonnaise,Condiment
7856,spicy peanut sauce,peanut sauce,Nuts and Seeds
7857,spicy portuguese sausage,sausage,Dish
7858,spicy ranch dressing,ranch dressing,Condiment
7859,spicy red pepper pasta sauce,chili pepper,Condiment
7860,spicy stir fry sauce,sauce,Additive
7861,spicy thai chili sauce,sweet chili sauce,Condiment
7862,spicy tomato salsa,salsa,Condiment
7863,spicy vegetable juice cocktail,spinach,Vegetable
7864,spike seasoning,spice mix,Spice
7865,spinach leaf roughly,spinach,Vegetable
7866,spinach souffle,spinach souffle,Dish
7867,spiracha chili sauce,chili paste,Condiment
7868,spiral ham,ham,Meat
7869,splash sesame oil,sesame oil,Essential Oil
7870,splenda pack,sugar substitute,Vegetable
7871,sport pepper,pepper,Spice
7872,sprig coriander,coriander,Herb
7873,sprig lemon thyme,thyme,Herb
7874,sprig parsley,parsley,Spice
7875,sprig rosemary,rosemary,Herb
7876,spring onion white,scallion,Herb
7877,spring water,water,Additive
7878,square bean curd,curd,Legume
7879,square spring wrapper,wrapper,Dish
7880,square wonton wrapper,wrapper,Dish
7882,standing beef rib roast,beef,Meat
7883,steak mignon,fish,Fish
7884,steak roast,steak,Fish
7885,steak spice,steak,Fish
7886,stem ginger syrup,ginger,Plant Derivative
7887,stew,stew,Dish
7888,stew beef,beef,Meat
7889,stiffly egg white,egg,Meat
7890,stir fry oil vegetable,vegetable oil,Vegetable
7891,stir fry sauce ginger,ginger,Condiment
7893,stock either vegetable,vegetable stock,Vegetable
7894,stock water,water,Additive
7895,stracchino cheese,cheese,Dairy
7896,strawberry daiquiri concentrate,strawberry,Fruit
7897,strawberry essence,strawberry,Fruit
7898,strawberry extract,strawberry,Plant Derivative
7899,strawberry flavor danish dessert mix,strawberry gelatin,Additive
7900,strawberry flavor nesquik powder,strawberry,Fruit
7901,strawberry glaze,strawberry,Fruit
7902,strawberry ice cream topping,strawberry ice cream,Dish
7903,strawberry jam apricot,strawberry jam,Fruit
7904,strawberry sauce,strawberry sauce,Fruit
7905,strip,bacon,Meat
7906,strip orange,orange,Fruit
7907,stuffing cube,stuffing,Additive
7908,suckling pig,pork,Meat
7909,suey choy,bok choy,Vegetable
7910,sugar apricot preserve,fruit preserves,Fruit
7911,sugar candy sprinkle,sugar,Additive
7912,sugar chocolate syrup,syrup,Plant Derivative
7913,sugar cookie crumb,biscuit,Dish
7914,sugar jam,sugar,Additive
7915,sugar jello,sugar,Additive
7916,sugar jelly,sugar,Additive
7917,sugar pudding mix,sugar,Additive
7918,sugar raspberry gelatin,raspberry gelatin,Additive
7919,sugar snap pea pod,pea,Legume
7920,sugar sprinkle,sugar,Additive
7921,sugar vanilla syrup,syrup,Plant Derivative
7923,summer sausage,sausage,Dish
7924,sunflower oil peanut,peanut oil,Plant
7925,superfine sugar castor,powdered sugar,Additive-Sugar
7926,superfine white sugar,white sugar,Additive-Sugar
7927,surimi,crab stick,Seafood
7928,swai fish,fish,Fish
7929,swedish mustard,mustard,Spice
7930,sweetbread,sweetbread,Bakery
7931,swiss emmenthaler cheese,cheese,Dairy
7932,swiss miss diet cocoa mix,cocoa,Seed
7933,szechwan chili sauce,chili paste,Condiment
7934,t type lamb chop,lamb chop,Meat
7935,tabasco,tabasco sauce,Condiment
7936,tabasco pepper,pepper,Spice
7937,tabbouleh salad,salad,Dish
7938,taco corn tortilla,corn tortilla,Bakery
7939,taco sauce enchilada,sauce,Additive
7940,taco seasoning chili seasoning mix,chili paste,Spice
7941,taco seasoning half,spice mix,Spice
7942,taco seasoning mix enchilada,spice mix,Spice
7943,taco seasoning salt,seasoned salt,Additive-Salt
7944,tagliatelle,pasta,Cereal
7945,tail shrimp,shrimp,Seafood
7946,tajin seasoning,spice mix,Spice
7947,tam biscuit,biscuit,Bakery
7948,tamale dough,tamale,Maize
7949,tamari sauce,soy sauce,Condiment
7950,tamarind powder,chili powder,Spice
7951,tandoori color powder,spice mix,Spice
7952,tandoori masala paste,tandoori masala,Spice
7953,tandoori naan bread,bread,Bakery
7954,tapioca pearl,tapioca,Vegetable
7955,taro leaf,taro,Herb
7956,tasso ham,tasso ham,Meat
7957,tbsp olive oil,olive oil,Plant Derivative
7958,tea mix powder,matcha,Beverage
7959,tea powder,matcha,Beverage
7960,tempura mix,baking mix,Dish
7961,tender spinach leaf,spinach,Vegetable
7962,tender steak,steak,Fish
7963,tennis biscuit,biscuit,Bakery
7964,texas bean salsa,sauce,Additive
7965,texas red enchilada sauce,sauce,Additive
7966,thai basil chiffonade,thai basil,Herb
7967,thai chile green,chili,Spice
7968,thai chili paste vietnamese,sweet chili sauce,Condiment
7969,thai chili sauce paste,sweet chili sauce,Condiment
7970,thai chilies,thai chili,Vegetable
7971,thai garlic chile paste,thai chili,Condiment
7972,thai green chile,thai chili,Vegetable
7973,thai green chili paste,sweet chili sauce,Condiment
7974,thai kitchen coconut milk,coconut milk,Fruit
7975,thai pepper garlic sauce,sauce,Additive
7976,thai pepper pao chile,thai chili,Vegetable
7977,thai red chili pepper green,chili,Spice
7979,three bean salad,salad,Dish
7980,three cheese pasta sauce,sauce,Additive
7981,three cheese spaghetti sauce,sauce,Additive
7982,tiger sauce,sauce,Additive
7983,tikka masala paste,spice mix,Spice
7984,tilapia fillet each,tilapia,Fish
7985,tilapia fish fillet,tilapia,Fish
7986,tilsiter cheese,cheese,Dairy
7987,tip steak,beef,Meat
7988,toast cracker,cracker,Bakery
7989,toast point,bread,Bakery
7990,toblerone chocolate,chocolate,Plant Derivative
7991,toffee ice cream,ice cream,Dish
7992,tofu cream,cream,Plant Derivative
7993,tofu pocket,tofu,Plant Derivative
7994,toll house baking cocoa,cocoa,Seed
7995,tomato chili sauce,sauce,Additive
7996,tomato powder,tomato,Vegetable
7997,tomato rose,tomato,Vegetable
7998,tomato spaghetti sauce,tomato sauce,Condiment
7999,tomato spicy red pepper,tomato,Vegetable
8000,tomato tapenade,tomato,Vegetable
8001,topping mix,topping,Additive
8003,torani orange syrup,orange,Fruit
8004,torn baby spinach leaf,spinach,Vegetable
8005,torn basil,basil,Herb
8006,torn escarole,endive,Vegetable
8007,torn lettuce leaf,lettuce,Vegetable
8008,tortellini pasta,pasta,Cereal
8009,tortilla flour,wheat tortilla,Bakery
8010,tostada chip,tortilla,Dish
8011,tostitos salsa con queso,chile con queso,Condiment
8012,toulouse sausage,sausage,Dish
8013,traditional pasta sauce,sauce,Additive
8015,transparent rice noodle,noodle,Cereal
8016,trappey jalapeno,jalapeno,Spice
8017,trassi oedang,shrimp,Seafood
8018,tri farfalle pasta,pasta,Cereal
8019,triple cream brie cheese,cheese,Dairy
8020,triple sec orange liqueur,triple sec,Beverage-Alcoholic
8021,tropical fruit cocktail,fruit cocktail,Beverage
8022,tubular pasta,pasta,Cereal
8023,tuna oil from white,tuna,Fish
8024,turkey beef,turkey,Meat
8025,turkey breakfast sausage,breakfast sausage,Meat
8026,turkey breast chicken,chicken,Meat
8027,turkey chili without bean,turkey,Meat
8028,turkey escalopes,turkey,Meat
8029,turkey gizzard,turkey,Meat
8030,turkey mincemeat,turkey,Meat
8031,turkey stock chicken,chicken,Meat
8033,turkish bay leaf,bay leaf,Plant
8034,tyson chicken strip,chicken,Meat
8035,tzatziki cucumber dipping sauce,tzatziki,Condiment
8036,up chicken,chicken,Meat
8038,vanilla bean lengthwise,vanilla,Legume
8039,vanilla bean seed,vanilla,Legume
8040,vanilla cookie crumb,vanilla wafer,Dish
8041,vanilla rum,vanilla,Beverage-Alcoholic
8042,vanilla sponge cake,sponge cake,Bakery
8043,veal beef pork,beef,Meat
8044,veal meat,meat,Meat
8045,veal sausage,sausage,Dish
8046,veal tenderloin,veal,Meat
8047,vegan nacho cheese,cheese,Dairy
8048,vegan sausage link,sausage,Dish
8049,vegan yogurt,yogurt,Dairy
8050,vegetable bell pepper,capsicum,Vegetable Fruit
8051,vegetable bouillon powder,vegetable bouillon,Dish
8052,vegetable broccoli carrot,carrot,Vegetable
8053,vegetable canola oil,canola oil,Plant Derivative
8054,vegetable carrot green bean,bean,Legume
8055,vegetable chicken broth,chicken,Dish
8056,vegetable cocktail,vegetable cocktail,Beverage-Alcoholic
8057,vegetable green onion,scallion,Herb
8058,vegetable juice tomato,vegetable juice,Beverage
8059,vegetable mix,vegetable,Vegetable
8060,vegetable oil canola,canola oil,Plant Derivative
8061,vegetable oil rack,vegetable oil,Plant Derivative
8062,vegetable oil sunflower,vegetable oil,Plant Derivative
8063,vegetable olive oil,olive oil,Plant Derivative
8064,vegetable onion,onion,Vegetable
8065,vegetable pea,pea,Legume
8066,vegetable pea green bean,green bean,Cereal
8067,vegetable red pepper,capsicum,Vegetable Fruit
8068,vegetable stock beef,beef stock,Meat
8069,vegetable stock broth,beef stock,Dish
8070,vegetable stock try chicken,chicken,Meat
8071,vegetable stock water,vegetable stock,Vegetable
8072,vegetarian bouillon powder,vegetable bouillon,Dish
8073,vegetarian broth,vegetable broth,Dish
8074,vegetarian burger crumbles,burger,Dish
8075,vegetarian canadian bacon,bacon,Dish
8076,vegetarian cheddar cheese,cheese,Dairy
8077,vegetarian chicken broth mix,chicken,Dish
8078,vegetarian chicken soup mix,chicken,Dish
8079,vegetarian chicken strip,chicken,Meat
8080,vegetarian meatball,meatball,Dish
8081,vegetarian mincemeat,meatball,Dish
8082,vegetarian pepperoni,meat,Meat
8083,vegetarian sausage link,sausage,Dish
8084,vegetarian veggie crumbles,vegetable,Vegetable
8085,venison beef,beef,Meat
8086,venison chuck roast,chuck roast,Dish
8087,venison meat,deer,Meat
8088,victoria green enchilada sauce,enchilada,Condiment
8089,victoria sponge cake,sponge cake,Bakery
8090,vietnamese mint,mint,Herb
8091,vietnamese pate,sauce,Additive
8092,vietnamese rice noodle,noodle,Cereal
8093,vietnamese soy sauce,soy sauce,Condiment
8094,vinaigrette salad dressing,salad dressing,Dish
8095,vindaloo curry powder,spice mix,Spice
8096,vine tomato,tomato,Vegetable
8098,vogals bread,bread,Bakery
8099,wafer biscuit,biscuit,Bakery
8100,waffle french fry,waffle,Dish
8101,wakame salad,salad,Dish
8102,wasabi horseradish mayonnaise,mayonnaise,Condiment
8103,wasabi mayonnaise,mayonnaise,Condiment
8104,wasabi mustard,mustard,Spice
8105,wasabi pea,pea,Legume
8106,water juice,water,Additive
8107,water meat,water,Additive
8108,water roux,water,Additive
8109,watermelon wedge,watermelon,Fruit
8110,wedge brie cheese,cheese,Dairy
8111,weight watcher white bread,bread,Bakery
8112,weisswurst sausage,sausage,Dish
8113,wheat bread rye,bread,Bakery
8114,wheat bulgur,bulgar,Cereal
8115,wheat flake,wheat,Cereal
8116,wheat flour noodle,wheat flour,Cereal
8117,wheat french bread,baguette,Bakery
8118,wheat grain,whole-wheat flour,Cereal
8119,wheat italian breadcrumb,bread,Bakery
8120,wheat orzo,pasta,Cereal
8121,wheat pita,bread,Cereal
8122,wheat pita pocket,bread,Cereal
8123,wheat sandwich wrap,bread,Bakery
8124,wheat spaghettini,pasta,Cereal
8125,wheat white flour,flour,Cereal
8126,wheat ziti,pasta,Cereal
8127,whiskey rye,rye whiskey,Beverage-Alcoholic
8128,white bread crumb,bread,Bakery
8129,white bread crust,bread,Bakery
8130,white bread toast,bread,Bakery
8131,white breadcrumb wheat,bread,Bakery
8132,white brown rice,rice,Cereal
8133,white cheese sauce,sauce,Additive
8134,white chicken stock,chicken,Meat
8135,white cooking chocolate,white chocolate,Plant Derivative
8137,white fish fillet halibut,halibut,Fish
8138,white fish fillet orange roughy,halibut,Fish
8139,white garlic,garlic,Herb
8140,white grain rice,white rice,Cereal
8141,white grape juice concentrate apple,fruit juice,Beverage
8142,white grape vinegar,vinegar,Plant Derivative
8143,white grapefruit,grapefruit,Fruit
8144,white icing,icing,Additive
8145,white italian bread,bread,Bakery
8147,white onion coarsely,white onion,Vegetable
8148,white onion lengthwise,white onion,Vegetable
8149,white onion vidalia,white onion,Vegetable
8150,white pineau,alcohol,Beverage-Alcoholic
8151,white red snapper,red snapper,Fish
8152,white sauce mix,sauce,Additive
8153,white sesame,sesame,Cereal
8154,white toast,bread,Bakery
8155,white vegetable,vegetable,Vegetable
8156,white wheat bread,bread,Bakery
8157,white yellow hominy,maize,Maize
8158,white zinfandel,white zinfandel,Beverage-Alcoholic
8159,wholemeal bread,bread,Bakery
8160,wholemeal breadcrumb,bread crumb,Bakery
8161,wholemeal pita bread,bread,Bakery
8162,wide,noodle,Meat
8163,wide lasagna noodle,cannelloni,Cereal
8164,width egg noodle,egg,Meat
8165,width rice vermicelli noodle,pasta,Cereal
8166,wild boar,wild rice,Dish
8167,wild fennel,fennel,Spice
8168,wild salmon fillet,salmon,Fish
8169,williams chili seasoning mix,chili powder,Spice
8170,wine biscuit,wine,Beverage-Alcoholic
8171,wine champagne,wine,Beverage-Alcoholic
8172,winter squash puree,squash,Fruit
8173,wish asian dressing,salad dressing,Dish
8174,wishbone italian salad dressing,italian dressing,Condiment
8175,won ton wrapper,wrapper,Dish
8176,wood ear mushroom black,jews ear,Fungi
8177,yakisoba sauce,sauce,Additive
8182,yellow,yellow onion,Vegetable
8183,yellow banana pepper,pepper,Spice
8184,yellow bean wax,bean,Legume
8185,yellow chili,chili,Spice
8186,yellow corn tortilla,tortilla,Dish
8187,yellow flat noodle,noodle,Cereal
8188,yellow noodle,noodle,Cereal
8189,yellow onion lengthwise,onion,Vegetable
8190,yellow onion skin,yellow onion,Vegetable
8191,yellow pea green,pea,Legume
8192,yellow pepper red,pepper,Spice
8193,yellow plum,plum,Fruit
8194,yellow red pepper,cherry pepper,Spice
8195,yellow taco shell,taco shell,Bakery
8196,yellow taro root,taro,Herb
8197,yellow watermelon,watermelon,Fruit
8198,yellow wax chile pepper,cherry pepper,Spice
8199,yellowfin tuna fillet,tunafish,Fish
8200,yellowtail fish fillet,fish,Fish
8201,yogurt starter,yogurt,Dairy
8202,young baby carrot,carrot,Vegetable
8203,young okra pod,okra,Vegetable
8205,ziti,pasta,Cereal
8206,zucchini italian tomato sauce,zucchini,Vegetable
8207,zwieback toast crumb,zwieback,Bakery
8212,`` pastry pie shell,crust,Bakery
8213,450g parrot fish red snapper,red snapper,Fish
8214,450g tomatillo,tomatillo,Vegetable
8215,5oz gluten flour,gluten flour,Cereal
8216,8x8 disposable aluminum cake pan,cake,Dish
8217,abalone sauce,sauce,Additive
8218,aberdeen angus rib,celery,Herb
8219,aberdeen sirloin steak,sirloin steak,Meat
8220,acai berry sorbet,strawberry,Beverage
8222,aceto balsamico white,vinegar,Plant Derivative
8227,achiote paste rehydrate pepper,pepper,Spice
8230,acorn,acorn squash,Fruit
8231,acorn flour,flour,Cereal
8233,active gluten sourdough starter,bread,Dish
8234,active sourdough starter,bread,Dish
8235,additinal salt pepper,salt,Additive
8236,adobe seasoning,spice mix,Spice
8237,adobo sauce chilies,adobo,Additive
8238,adobo seasoning cumin,cumin,Spice
8240,advocaat egg liqueur,egg,Meat
8241,adzuki bean filling,bean,Legume
8242,adzuki bean paste,adzuki bean,Legume
8243,aerosol cream,cream,Dairy
8244,african bird pepper,bird's eye chili,Vegetable
8245,african cream liqueur amarula,amarula,Beverage-Alcoholic
8246,african millet,millet,Cereal
8247,agave coconut nectar,agave nectar,Additive
8248,agave honey,honey,Plant Derivative
8249,agave nectar splenda,agave nectar,Additive
8250,agave nectar syrup,agave nectar,Additive
8251,agave silver tequila,tequila,Beverage-Alcoholic
8252,agave sugar,sugar,Additive
8253,agave syrup sugar,syrup,Plant Derivative
8254,agave vegan,vegan margarine,Additive
8255,agave white tequila,agave nectar,Bakery
8256,agostura bitter,alcohol,Beverage-Alcoholic
8257,ahi steak,yellowfin tuna,Fish
8258,ahi tuna loin,yellowfin tuna,Fish
8259,ahmed brand vermicelli,pasta,Cereal
8261,aji,sauce,Additive
8262,aji amarillo,sauce,Additive
8263,aji amarillo chile paste,chili,Spice
8264,aji bell pepper jalapeno,capsicum,Vegetable Fruit
8265,aji chile,chili,Spice
8266,aji chili paste,chili oil,Plant Derivative
8267,aji mirin,mirin,Beverage-Alcoholic
8268,aji mirin rice cooking wine,wine,Beverage-Alcoholic
8269,aji nori,sauce,Additive
8270,aji panca chili paste,chili oil,Plant Derivative
8271,aji panca chilies pepper,chili,Spice
8272,aji pepper,pepper,Spice
8273,ajies dulces chile pepper,chili,Spice
8274,ajies dulces pepper,pepper,Spice
8275,ajmoh seed,ajwain,Beverage
8276,ajowan seed,cumin,Spice
8277,ajvar tomato paste,tomato paste,Vegetable
8278,aka parsnip parsley root,parsley,Spice
8279,alaska king crab meat,crab,Seafood
8280,alaskan cod,cod,Fish
8281,albondigas soup,soup,Dish
8282,alcaparrado,spice mix,Spice
8283,alcaparrado green olive,olive,Plant
8284,alcaparrado mix,baking mix,Dish
8285,alcaparrado olive,olive,Plant
8288,aleppo pepper flake,aleppo pepper,Vegetable
8289,aleppo pepper flake red,aleppo pepper,Vegetable
8290,alfredo sauce parmesan cheese,cheese,Dish
8291,alize,alcohol,Beverage-Alcoholic
8292,alize ' red passion liqueur,alcohol,Beverage-Alcoholic
8293,alize red passion liqueur,alcohol,Beverage-Alcoholic
8294,allegro seasoning marinade,spice mix,Spice
8295,allwhites ; egg white,egg,Meat
8296,almond are n't available,almond,Nuts and Seeds
8297,almond at brown,almond,Nuts and Seeds
8298,almond bark,almond,Nuts and Seeds
8299,almond bean grider,almond,Nuts and Seeds
8300,almond biscotti,almond,Nuts and Seeds
8301,almond biscotti bread,almond,Nuts and Seeds
8302,almond bread crumb,almond,Nuts and Seeds
8303,almond brown,almond,Nuts and Seeds
8304,almond brown butter,almond,Nuts and Seeds
8305,almond cashew,cashew,Nuts and Seeds
8306,almond choice nut,almond,Nuts and Seeds
8307,almond coriander,coriander,Herb
8308,almond edible flower,almond,Flower
8309,almond essence choice,almond,Nuts and Seeds
8310,almond essence vanilla extract,vanilla extract,Additive
8311,almond extract butter flavor,almond,Nuts and Seeds
8312,almond extract essence,almond,Nuts and Seeds
8313,almond extract lemon,almond,Nuts and Seeds
8314,almond extract like coconut glaze call,almond,Nuts and Seeds
8315,almond extract mint,almond,Nuts and Seeds
8316,almond extract oil,almond,Nuts and Seeds
8317,almond extract orange,almond,Nuts and Seeds
8318,almond extract roca syrup,almond,Nuts and Seeds
8319,almond flavoring extract,almond,Nuts and Seeds
8320,almond golden brown,almond,Additive-Sugar
8321,almond granola,almond,Nuts and Seeds
8322,almond great choice,almond,Nuts and Seeds
8323,almond kind,almond,Nuts and Seeds
8324,almond lamb,lamb,Meat
8325,almond lemon essence,lemon,Fruit
8326,almond lemon extract,almond,Nuts and Seeds
8327,almond lengthwise,almond,Nuts and Seeds
8328,almond liqueur orange,curacao liqueur,Beverage-Alcoholic
8329,almond liqueur orange juice,orange juice,Fruit
8330,almond may,almond,Nuts and Seeds
8331,almond meal chip,almond,Nuts and Seeds
8332,almond meal combination breadcrumb,almond,Nuts and Seeds
8333,almond milk call,almond,Nuts and Seeds
8334,almond milk soy bread,soy milk,Plant Derivative
8335,almond more,almond,Nuts and Seeds
8336,almond non pan,almond,Nuts and Seeds
8337,almond nougat,almond,Nuts and Seeds
8338,almond oil hazelnut,hazelnut,Nuts and Seeds
8339,almond oil olive,olive oil,Plant Derivative
8340,almond oil safflower,safflower oil,Plant Derivative
8341,almond oil vegetable,vegetable oil,Plant Derivative
8342,almond one,almond,Nuts and Seeds
8343,almond optional,almond,Nuts and Seeds
8344,almond pastry cream,cream,Dairy
8345,almond per walnut,walnut,Nuts and Seeds
8346,almond preferably,almond,Nuts and Seeds
8347,almond puree,almond,Nuts and Seeds
8348,almond rusk cooky,almond,Nuts and Seeds
8349,almond sesame seed,sesame,Cereal
8350,almond sliver,almond,Nuts and Seeds
8351,almond toast cooky,almond,Nuts and Seeds
8352,almond volume,almond,Nuts and Seeds
8353,almond walnut,walnut,Nuts and Seeds
8354,almond water,water,Additive
8355,almond work,almond,Nuts and Seeds
8356,almost kai banana,banana,Fruit
8357,almost no knead rye bread,bread,Bakery
8358,aloha shoyu,soy sauce,Condiment
8359,alouette spreadable cheese basil,cheese,Dairy
8360,alpen chocolate,chocolate,Plant Derivative
8361,alpine lace ham,ham,Meat
8362,alpine lace roast beef,roast beef,Meat
8363,altoids peppermint candy,peppermint,Additive
8367,amaranth green,amaranth grain,Herb
8368,amaranth seed,amaranth grain,Herb
8369,amarena cherry,cherry,Fruit
8372,amaretto almond syrup,almond,Plant Derivative
8374,amarula cream,cream,Beverage-Alcoholic
8375,amchoor,amchoor,Spice
8376,american bread,bread,Bakery
8377,american cheddar cheese,cheese,Dairy
8378,amerindian seasoning,spice mix,Spice
8379,amish egg noodle,egg,Meat
8381,amount salt pepper,pepper,Spice
8382,amp ; tahini sauce,sauce,Additive
8383,amped up red pepper paste,chili,Spice
8384,amul cheese,cheese,Dairy
8385,amul cream sauce,sauce,Additive
8386,amy organic tomato basil pasta sauce,sauce,Additive
8387,anaheim,new mexico chile,Spice
8388,anasazi bean,bean,Legume
8389,ancho chile seasoning,poblano,Vegetable
8390,ancho chili paste,poblano,Vegetable
8391,ancho chili powder,poblano,Vegetable
8392,anchor bay buffalo sauce,sauce,Additive
8393,anchovy again,anchovy,Fish
8394,anchovy be egg,egg,Meat
8395,anchovy essence herb such,anchovy,Herb
8396,anchovy filet oil,anchovy,Fish
8397,anchovy fillet oil,anchovy,Fish
8398,anchovy green olive,olive,Plant
8399,anchovy ikan,anchovy,Fish
8400,anchovy myeol chi,anchovy,Fish
8401,anchovy puree,anchovy,Fish
8402,anchovy shrimp,shrimp,Seafood
8403,andes creme de menthe baking chip,creme de menthe,Beverage-Alcoholic
8404,andes mint candy dinner,mentha,Herb
8405,andes mint dinner,mentha,Herb
8406,andes mint eight dinner,mentha,Herb
8407,andes peppermint baking chip,peppermint,Additive
8408,andouille chicken sausage,sausage,Dish
8409,anejo tequila liqueur,tequila,Beverage-Alcoholic
8410,angel food cake sugar,angel food cake,Dish
8411,angel orzo pasta,orzo,Cereal
8412,angelica root,angelica,Herb
8413,angie bella marinara sauce tomato pasta,sauce,Additive
8414,animal bacon grease,bacon,Meat
8415,anise essence,anise,Spice
8416,anise extract almond,almond,Nuts and Seeds
8417,anise extract cinnamon,anise,Spice
8418,anise extract flavoring,anise,Spice
8419,anise extract seed orange zest vanilla almond,vanilla extract,Additive
8420,anise flavoring oil,oil,Additive
8421,anise seed oil,anise,Spice
8422,anise seed powder,anise,Spice
8423,anisette extract,anise,Spice
8424,anisette flavoring,anise,Spice
8425,anjou pear cheese,anjou pear,Fruit
8426,anjou pear mix,anjou pear,Fruit
8427,annato oil,oil,Additive
8428,annato seed,cumin,Spice
8429,annatto achiote powder,spice,Spice
8430,annie organic salad dressing,salad dressing,Dish
8431,antelope cutlet,chicken,Meat
8432,antelope steak,steak,Fish
8433,anzac biscuit,biscuit,Bakery
8435,apple barrel schnapps,apple,Beverage-Alcoholic
8436,apple chip,apple,Fruit
8437,apple chutney,apple,Fruit
8438,apple cider concentrate,apple cider,Beverage-Alcoholic
8439,apple cider drink mix,apple cider,Beverage-Alcoholic
8440,apple cider syrup,apple cider,Beverage-Alcoholic
8441,apple cinnamon bread mix,sandwich,Dish
8442,apple jelly apricot jam,jam,Fruit
8443,apple juice grape,juice,Beverage
8444,apple juice green grocer,green apple,Fruit
8445,apple juice indian summer,apple juice,Fruit
8446,apple juice pineapple,pineapple,Beverage
8447,apple peach,apple,Fruit
8448,apple pie filling roughly,apple pie,Fruit
8449,apple preserve,apple,Dish
8450,apple vodka,apple,Fruit
8451,apple without peel,apple,Fruit
8453,apple yogurt,apple,Fruit
8454,applejack brandy,brandy,Beverage-Alcoholic
8455,appleton goat cheese,cheese,Dairy
8456,applewood bacon,bacon,Meat
8457,applewood chip,woodapple,Bakery
8458,approximate salt,salt,Additive
8459,approximately galliano liqueur,gin,Beverage-Alcoholic
8460,approximately rice vermicelli,rice vermicelli,Cereal
8461,appx each salt pepper,salt,Additive
8462,apricot california,apricot,Fruit
8463,apricot cherry,cherry,Additive
8464,apricot conserve,apricot,Fruit
8465,apricot gelatin,gelatin,Additive
8466,apricot half pear juice,apricot,Fruit
8467,apricot half syrup,apricot,Fruit
8468,apricot half together,apricot,Fruit
8469,apricot jam great,jam,Fruit
8470,apricot jam mango,jam,Fruit
8471,apricot jam optional,jam,Fruit
8472,apricot jam peach,jam,Fruit
8473,apricot jam pineapple,jam,Fruit
8474,apricot jam preserve,fruit preserves,Fruit
8475,apricot jam rum,jam,Fruit
8476,apricot mixture fruit,apricot,Fruit
8477,apricot nectar orange juice,fruit juice,Beverage
8478,apricot pepper jelly,apricot,Fruit
8479,apricot pineapple jam,jam,Fruit
8480,apricot preserve cherry,fruit preserves,Fruit
8481,apricot preserve fruit chose,fruit preserves,Fruit
8482,apricot preserve pineapple,fruit preserves,Fruit
8483,apricot puree,apricot,Fruit
8484,apricot spreadable fruit,apricot,Fruit
8485,apricot tart,apricot,Fruit
8486,apricot yogurt,yogurt,Dairy
8487,arab bread,bread,Bakery
8488,arab flat bread,bread,Bakery
8489,arabian pita bread,bread,Bakery
8490,arabic bread khobz,bread,Bakery
8491,arabic chili powder,chili powder,Spice
8492,arabic pita bread,bread,Bakery
8493,arachid oil,oil,Additive
8494,arak,arak,Beverage-Alcoholic
8495,arbol chile jalapeno,jalapeno,Spice
8496,arbol chile red,chili pepper,Vegetable
8497,arbol chile serrano jalapeno,jalapeno,Spice
8498,arbol chili pod,chili,Spice
8500,archway dutch chocolate cooky,chocolate,Plant Derivative
8501,arctic char,fish,Fish
8502,arctic char fillet,fish,Fish
8503,arhar dal,toor dal,Legume
8504,arm roast,roast beef,Meat
8505,arm roast chuck,chuck roast,Dish
8506,armoat seasoning,spice mix,Spice
8507,armour beef,beef,Meat
8508,armour italian meatball,meatball,Dish
8509,arnold bread,bread,Bakery
8510,arnold grain bread,bread,Bakery
8511,arnott butternut,chocolate,Plant Derivative
8512,arnott granita biscuit,biscuit,Bakery
8513,arnott milk coffee biscuit,milk,Dairy
8514,arrow starch,potato starch,Vegetable
8515,arrowroot cooky,arrowroot,Vegetable
8516,arrowroot flour,flour,Cereal
8517,arrowroot starch noodle,pasta,Cereal
8518,artichoke aioli see,artichoke,Flower
8519,artichoke heart lengthwise,artichoke,Flower
8520,artichoke heart liquid,artichoke,Flower
8521,artichoke heart marinade,artichoke,Flower
8522,artichoke heart out,artichoke,Flower
8523,artichoke heart reese brandname,artichoke,Flower
8524,artichoke heart roughly,artichoke,Flower
8525,artichoke heart vegetable,artichoke,Flower
8526,artichoke marinade,artichoke,Flower
8527,artichoke oil,oil,Additive
8528,artichoke quarter,artichoke,Flower
8529,artisan boule,bread,Bakery
8530,artisan bread milk french,baguette,Bakery
8531,artisan bun pistolettes,hamburger,Bakery
8532,artisan gluten flour,gluten flour,Cereal
8533,artisan wheat bread,bread,Bakery
8534,artisanal bread,bread,Bakery
8535,arugula leaf mix,baby rocket,Vegetable
8536,arugula salad leaf,baby rocket,Vegetable
8537,asada meat,meat,Meat
8538,asadero mexican cheese,cheese,Dairy
8539,asafoetida,asafoetida,Spice
8541,ash gourd,ash gourd,Fruit
8542,ashgrove wasabi cheese,cheese,Dairy
8543,asiago cheese shaving,cheese,Dairy
8544,asiago peppercorn salad dressing,salad dressing,Dish
8545,asian,asian pear,Fruit
8546,asian bitter melon,melon,Fruit
8547,asian chicken chili sauce,chili,Spice
8548,asian chile paste,chili,Spice
8549,asian chili oil sesame,sesame oil,Essential Oil
8550,asian chili paste garlic,chili oil,Plant Derivative
8551,asian chili pepper,chili,Spice
8552,asian chili sauce flake,chili,Spice
8553,asian chili sauce paste,chili,Spice
8554,asian chili sauce pepper,chili,Spice
8555,asian chili sauce pepper jelly,chili,Spice
8556,asian coleslaw mix,coleslaw,Condiment
8557,asian dark sesame oil,sesame oil,Essential Oil
8558,asian egg vermicelli,egg,Meat
8559,asian garlic red chile paste,chili,Spice
8560,asian garlic sauce,sauce,Additive
8561,asian home chicken paste,chicken,Vegetable
8562,asian hot chili oil,chili oil,Plant Derivative
8563,asian hot red bean paste,bean,Legume
8564,asian market sauce mix,fish sauce,Condiment
8565,asian noodle pancit,pasta,Cereal
8566,asian pea pod,pea,Legume
8567,asian plum wine,plum wine,Beverage-Alcoholic
8568,asian pork,pork,Meat
8569,asian radish,radish,Vegetable
8570,asian red chile sauce,sauce,Additive
8571,asian red chili paste,chili,Spice
8572,asian red chili paste sauce,chili,Spice
8573,asian red chilies,chili pepper,Vegetable
8574,asian rice noodle,noodle,Cereal
8575,asian sardine,fish,Fish
8576,asian seasoning,spice mix,Spice
8577,asian sesame salad dressing,salad dressing,Dish
8578,asian sesame seed oil,sesame oil,Essential Oil
8579,asian sprout,bean sprout,Legume
8580,asparagus soup mix,onion soup,Dish
8581,asst vegetable,vegetable,Vegetable
8582,asturian fabada bean lima,lima bean,Legume
8583,at least bread,bread,Bakery
8584,at least stem coriander,coriander,Herb
8585,athenos feta cheese lemon garlic oregano,cheese,Dairy
8586,atkins bakery white bread,bread,Bakery
8587,atlantic salmon fillet,salmon,Fish
8588,atlantic sea bass,sea bass,Fish
8589,attar sugar syrup,syrup,Plant Derivative
8590,au jus gravy mix,sauce,Additive
8591,au jus mix gravy,sauce,Additive
8592,au jus sauce roast beef stock,beef,Meat
8593,aunt jemima batter,pancake,Dish
8594,aunt jemima pancake mix,pancake,Dish
8595,australian bunya nut,nut,Nuts and Seeds
8596,australian tzatziki,tzatziki,Condiment
8598,austrian crepe,egg roll,Dish
8600,authentic paprika,paprika,Vegetable
8601,avalon steak seasoning,spice mix,Spice
8602,average veal sausage,sausage,Dish
8603,avocado cream,avocado,Essential Oil
8604,avocado crema,avocado,Essential Oil
8605,avocado french vinaigrette,vinegar,Plant Derivative
8606,avocado leaf anise,avocado,Essential Oil
8607,avocado pesto,avocado,Fruit
8608,avocado ranch dressing,avocado,Additive
8609,avocado tzatziki,avocado,Essential Oil
8610,avocodo oil,oil,Additive
8611,azumaya square egg wrap,egg,Meat
8612,b bean,bean,Legume
8613,b liqueur,liqueur,Beverage-Alcoholic
8614,b oven bean,bean,Legume
8615,baba ghanoush eggplant dip,eggplant,Vegetable
8616,babka dough,dough,Cereal
8617,baby artichoke egg,egg,Meat
8619,baby bean,lima bean,Legume
8620,baby beet till tender,beet,Vegetable
8621,baby brie cheese,cheese,Dairy
8622,baby cabbage,cabbage,Vegetable
8623,baby carrot crosswise,baby carrot,Vegetable
8624,baby carrot parsnip,baby carrot,Vegetable
8625,baby carrot water,baby carrot,Vegetable
8626,baby chanterelle mushroom,mushroom,Fungi
8627,baby choy sum,choy,Vegetable
8628,baby corn coarsely,baby corn,Maize
8629,baby corn diagonally,baby corn,Maize
8630,baby corn green pepper,chili pepper,Vegetable
8631,baby corn lengthways,baby corn,Maize
8632,baby corn spear,baby corn,Maize
8633,baby dill gherkin,cucumber,Gourd
8634,baby dutch yellow potato,potato,Vegetable Tuber
8636,baby eggplant crosswise,eggplant,Vegetable
8637,baby fennel bulb,fennel,Herb
8638,baby french bean,bean,Legume
8639,baby gherkin,cucumber,Gourd
8640,baby goat meat,meat,Meat
8641,baby green pea pearl onion,onion,Vegetable
8642,baby green salad,salad,Dish
8643,baby grey summer squash,summer squash,Fruit
8645,baby king mushroom,mushroom,Fungi
8646,baby leaf lettuce,lettuce,Vegetable
8647,baby leek green part,lettuce,Vegetable
8648,baby lima bean butter,lima bean,Legume
8650,baby mustard cress garden,mustard,Spice
8651,baby okra,okra,Vegetable
8652,baby oyster,oyster,Seafood
8653,baby pattypan squash,squash,Fruit
8654,baby pea petite,pea,Legume
8655,baby pineapple,pineapple,Beverage
8656,baby portobella mushroom,mushroom,Fungi
8657,baby red pepper,capsicum,Vegetable Fruit
8658,baby spinach green,spinach,Vegetable
8659,baby spinach grown,spinach,Vegetable
8660,baby spinach leaf green,spinach,Vegetable
8661,baby spinach leaf ok too,spinach,Vegetable
8662,baby spinach leaf roughly,spinach,Vegetable
8663,baby spinach leaf salad green,spinach,Vegetable
8664,baby spinach leaf well,spinach,Vegetable
8665,baby spinach perfect,spinach,Vegetable
8666,baby spinach salad green,spinach,Vegetable
8667,baby spinach too,spinach,Vegetable
8668,baby squid,squid,Seafood
8669,baby summer squash,summer squash,Fruit
8670,baby taro root,taro,Herb
8671,baby white corn,white corn,Maize
8672,baby white onion,white onion,Vegetable
8673,baby white pearl onion,white onion,Vegetable
8674,baby white turnip,turnip,Vegetable
8675,bacardi,rum,Beverage-Alcoholic
8676,bacardi apple rum,rum,Beverage-Alcoholic
8677,bacardi pina colada concentrate,rum,Beverage-Alcoholic
8678,bacardi razz rum,rum,Beverage-Alcoholic
8679,bacardi vanilla rum,rum,Beverage-Alcoholic
8680,back fin crabmeat,crab,Seafood
8683,bacon end,bacon,Meat
8684,bacon flavour,bacon,Meat
8685,bacon horseradish dip,bacon,Meat
8686,bacon meat,bacon,Meat
8687,bacon optional,bacon,Meat
8688,bacon salt,bacon,Meat
8689,bacon seasoning,bacon,Meat
8690,bacon stock,bacon,Meat
8691,bacos bacon,bacon,Meat
8692,bacos bacon bit,bacon,Meat
8693,badam powder,chili powder,Spice
8694,badia brand complete seasoning,spice mix,Spice
8695,badia fajita seasoning mix,fajita,Spice
8696,bagette bread,bread,Bakery
8697,baguette crosswise,baguette,Bakery
8698,baguette french bread,baguette,Bakery
8699,baguette loaf,baguette,Bakery
8700,baguette white bread,bread,Bakery
8701,baharat aka middle east spice mix,baharat,Spice
8702,baharat spice mix curry powder,curry powder,Herb
8703,bai kraprao,chili paste,Spice
8704,bailey caramel irish cream,bailey irish cream,Beverage-Alcoholic
8705,bailey crea liqueur,alcohol,Beverage-Alcoholic
8706,bailey cream,bailey irish cream,Beverage-Alcoholic
8707,bailey liquor,bailey irish cream,Beverage-Alcoholic
8708,baja marinade,marinade,Dish
8710,bake buttermilk,buttermilk,Dairy
8711,bake n white bread,bread,Bakery
8712,bake tart shell,tart,Bakery
8715,baker chocolate baking square,white chocolate,Plant Derivative
8716,baker chocolate square,white chocolate,Plant Derivative
8717,baker dark chocolate square,dark chocolate,Plant
8718,baker german chocolate chip,chocolate,Plant Derivative
8719,baker gold leaf foil,bay leaf,Plant
8721,bakery bread,bread,Bakery
8722,bakery bun,hamburger,Bakery
8723,bakery cinnamon raisin bread,bread,Bakery
8724,bakery french bread,baguette,Bakery
8725,bakery sourdough bread,bread,Dish
8727,baking chocolate e,baking chocolate,Plant
8728,baking chocolate not,baking chocolate,Plant
8729,baking chocolate square cocoa powder,white chocolate,Plant Derivative
8730,baking chocolate yes,baking chocolate,Plant
8731,baking cocoa chocolate,baking chocolate,Plant
8732,baking jelly apricot,apricot,Fruit
8734,baking oil,oil,Additive
8735,baking pastry flour,flour,Cereal
8737,balkan yogurt,yogurt,Dairy
8738,ball bean noodle,noodle,Legume
8739,ball stem ginger,ginger,Spice
8740,ball white onion,white onion,Vegetable
8741,balsamic,balsamic vinegar,Additive-Vinegar
8742,balsamic bacon salad dressing,salad dressing,Dish
8743,balsamic basil,basil,Herb
8744,balsamic glaze vinegar,balsamic vinegar,Additive-Vinegar
8745,balsamic marinade,balsamic vinegar,Dish
8746,balsamic rice wine vinegar,rice vinegar,Additive-Vinegar
8747,balsamic vinaigrette olive oil vinegar dressing,vinegar,Plant Derivative
8748,balsamic vinegar dark cherry,cherry,Additive-Vinegar
8749,balsamic vinegar fini,balsamic vinegar,Additive-Vinegar
8750,balsamic vinegar halal,balsamic vinegar,Additive-Vinegar
8751,balsamic vinegar kind sugar,balsamic vinegar,Additive-Vinegar
8752,balsamic vinegar red wine,wine,Beverage-Alcoholic
8753,balsamic vinegar red wine ok,wine,Beverage-Alcoholic
8754,balsamic vinegar rice wine,rice vinegar,Additive-Vinegar
8755,balsamic vinegar sugar,balsamic vinegar,Additive-Vinegar
8756,balsamic vinegar white dark,balsamic vinegar,Additive-Vinegar
8757,balsamic vinegar white vibrant,balsamic vinegar,Additive-Vinegar
8758,balsamic vinegar work,balsamic vinegar,Additive-Vinegar
8759,bamboo shoot strip,bamboo shoot,Plant
8760,bamboo skewer overnight,bamboo shoot,Plant
8761,bami noodle,noodle,Cereal
8762,banana cake mix,cake,Dish
8763,banana cream pudding pie filling mix,banana,Fruit
8764,banana extract flavoring,banana,Essential Oil
8765,banana flower lengthwise,banana,Fruit
8766,banana ice cream,banana split,Dish
8767,banana jelly,banana,Fruit
8768,banana leaf corn husk,corn husk,Maize
8769,banana leaf market,banana,Fruit
8770,banana leaf water,water,Additive
8771,banana milk,milk,Dairy
8772,banana nice,banana,Fruit
8773,banana pepper brine,banana pepper,Vegetable
8774,banana pepper cayenne,cayenne pepper,Vegetable
8775,banana puree,banana,Fruit
8776,banana rum,rum,Beverage-Alcoholic
8777,bangus white fish fillet,whitefish,Fish
8778,bannock,bread,Bakery
8779,bar baking chocolate german,chocolate,Plant Derivative
8780,bar dark chocolate,dark chocolate,Plant
8781,bar german chocolate,dark chocolate,Plant
8782,bar milk chocolate candy,dark chocolate,Plant
8783,bar toblerone chocolate nougat,dark chocolate,Plant
8784,bar white baking chocolate,dark chocolate,Plant Derivative
8785,bara bread,bread,Bakery
8786,barbados molasses,molasses,Additive
8787,barbados oh ho hot sauce,hot sauce,Condiment
8788,barbados sugar,sugar,Additive
8789,barbecue potato chip,potato chip,Dish
8790,barbecue rub,spice mix,Spice
8791,barbecue rub seasoning,spice mix,Spice
8792,barbecue sauce beef,barbecue sauce,Condiment
8793,barbecue seasoning rub,spice mix,Spice
8795,barbecue spice,spice mix,Spice
8796,barely water,water,Additive
8797,barenfang honey liqueur,honey,Plant Derivative
8799,barilla angel hair pasta,pasta,Cereal
8800,barilla cheese tortellini,tortellini,Dish
8801,barilla flat lasagna noodle no boil,lasagna,Cereal
8802,barilla gluten penne,pasta,Cereal
8803,barilla lasagna,cannelloni,Cereal
8804,barilla linguine,linguine,Cereal
8805,barilla marinara sauce pasta,marinara sauce,Condiment
8806,barilla plus spaghettini,spaghetti,Cereal
8807,barley flour golden,flour,Cereal
8808,barley flour oat,flour,Cereal
8809,barley groat,barley,Cereal
8810,barley malt mash,barley,Cereal
8811,barley miso paste,barley,Spice
8812,barley nugget cereal,cereal,Cereal
8813,barley pearl,pearl barley,Beverage-Alcoholic
8814,barolo red wine,wine,Beverage-Alcoholic
8815,bartender sugar syrup,sugar,Additive
8816,basic brown stock,beef,Meat
8817,basic butter crust,butter,Dairy
8818,basic chicken stock,chicken,Meat
8819,basic crepe,pancake,Dish
8820,basic crust pastry,pastry,Dish
8821,basic orange sauce,sauce,Additive
8822,basic pizza crust,pizza,Bakery
8823,basic pizza dough sauce,sauce,Additive
8824,basic spaghetti sauce,tomato sauce,Condiment
8825,basic taco fajita seasoning,spice mix,Spice
8826,basic white bread dough,bread,Bakery
8827,basic white stock,stock,Dish
8828,basil cheese tortellini,tortellini,Dish
8829,basil chiffonade stack,basil,Herb
8830,basil cream,cream,Condiment
8831,basil cream dressing,cream,Additive
8832,basil italian parsley,parsley,Spice
8833,basil paste not,basil,Herb
8834,basil spice essence,basil,Herb
8835,basil vinaigrette dressing,vinegar,Plant Derivative
8836,basket cheese,cheese,Dairy
8837,basket cherry tomato,tomato,Vegetable
8838,basket grape tomato,tomato,Vegetable
8839,basmati grain rice,rice,Cereal
8840,basmati rice pilaf,rice,Cereal
8841,bass,sea bass,Fish
8842,bass fillet bream,sea bass,Fish
8843,bass gut,sea bass,Fish
8844,basting mix,baking mix,Dish
8845,basting oil,oil,Additive
8846,batavia lettuce,lettuce,Vegetable
8848,bavarian beer vinegar,beer,Beverage-Alcoholic
8849,bavarian raspberry,raspberry,Fruit
8850,bavarian smokies,sausage,Dish
8851,bay celery salt,celery salt,Spice
8852,bay laurel leaf,bay leaf,Plant
8853,bay leaf karhi,bay leaf,Plant
8854,bay powder,bay leaf,Plant
8855,bay seasoning another spicy seasoning,bay leaf,Spice
8856,bay seasoning optional,bay leaf,Spice
8857,bbq marinade,marinade,Dish
8858,bean black choice,black bean,Legume
8859,bean black pinto etc kidney,kidney bean,Legume
8860,bean cake,cake,Dish
8861,bean carrot vegetable mix,carrot,Vegetable
8862,bean check,bean,Legume
8863,bean cheese,cheese,Dairy
8864,bean cheese burrito,cheese,Dairy
8865,bean chili,chili bean,Dish
8866,bean chili sauce,chili bean,Dish
8867,bean chilli,bean,Legume
8868,bean choice,bean,Legume
8869,bean cooking liquid,cooking oil,Additive
8870,bean creamy,bean,Legume
8871,bean dark red kidney black,kidney bean,Legume
8872,bean green,green bean,Cereal
8873,bean green chile,green bean,Cereal
8874,bean heinz,bean,Legume
8875,bean jalapeno,jalapeno,Spice
8876,bean jalapeno dip,jalapeno,Spice
8877,bean jalapeno pepper,jalapeno,Spice
8878,bean make own,bean,Legume
8879,bean medley,bean,Legume
8880,bean medley kidney,kidney bean,Legume
8881,bean mix kidney,kidney bean,Legume
8882,bean night,bean,Legume
8883,bean no lentil,kidney bean,Legume
8884,bean overnight,navy bean,Legume
8885,bean paste chili,chili bean,Dish
8886,bean paste sauce,bean,Legume
8887,bean patty,bean,Legume
8888,bean pea,bean,Legume
8889,bean red,bean,Legume
8890,bean seasoning,bean,Legume
8891,bean thread mung noodle,noodle,Legume
8892,bean thread vermicelli noodle,noodle,Legume
8893,bean vegan,bean,Legume
8894,bean vegetarian,vegetarian refried bean,Legume
8895,bean veggie,bean,Legume
8896,bean white haricot,white bean,Legume
8897,bear graham cracker,cracker,Bakery
8898,bear lard,lard,Meat
8899,bear paw,roast beef,Meat
8900,bear roast,roast beef,Meat
8901,bear rump roast,rump steak,Meat
8902,bear steak,steak,Fish
8903,beau soleil oyster,oyster,Seafood
8904,beaujolais wine merlot,wine,Beverage-Alcoholic
8905,bebere seasoning,spice mix,Spice
8906,bechamel,bechamel sauce,Condiment
8907,bechemel cream,cream,Dairy
8908,beech mushroom,mushroom,Fungi
8909,beef arm pot roast,beef,Meat
8910,beef baby back rib rack,beef,Meat
8911,beef baby food,beef,Meat
8912,beef bacon dripping,beef,Meat
8913,beef base vegetable stock,beef stock,Meat
8914,beef bean chili,beef,Meat
8915,beef bisto,beef,Meat
8916,beef bouillon base,beef bouillon cube,Meat
8917,beef bouillon better than,beef bouillon cube,Meat
8918,beef bouillon concentrate,beef bouillon cube,Meat
8919,beef bouillon gravy,beef bouillon cube,Meat
8920,beef bouillon oxo,beef bouillon cube,Meat
8921,beef bouillon water bovril wate,beef bouillon cube,Meat
8922,beef bovril powder,beef bouillon cube,Meat
8923,beef bovril powder liquid,beef bouillon cube,Meat
8924,beef brisket meat,beef,Meat
8925,beef broth total,beef broth,Meat
8926,beef broth water,beef broth,Meat
8927,beef burger patty,hamburger,Bakery
8928,beef chili powder onion,chili powder,Spice
8929,beef chipolata sausage,sausage,Dish
8930,beef chorizo sausage,chorizo,Meat
8931,beef chuck cross rib roast,roast beef,Meat
8932,beef chuck cube,roast beef,Meat
8933,beef chuck eye roast,roast beef,Meat
8934,beef chuck roast chunk,roast beef,Meat
8935,beef chuck roast grain,roast beef,Meat
8936,beef chuck roast meat,roast beef,Meat
8937,beef chuckeye roast,roast beef,Meat
8938,beef chunk roast,roast beef,Meat
8939,beef cocktail,beef,Meat
8940,beef consomme au jus sauce,dipping sauce,Condiment
8941,beef consomme french onion soup,onion soup,Dish
8942,beef consomme soup fiesta chili,beef soup,Dish
8943,beef consomme stock,beef stock,Meat
8944,beef cube steak meat,beef,Meat
8945,beef cube steak total,beef,Meat
8946,beef cutlet,beef,Meat
8947,beef cutlet each,beef,Meat
8948,beef dashida,beef,Meat
8949,beef demi glace,beef stock,Meat
8950,beef dinner,beef,Meat
8951,beef enchilada dinner bean,beef,Meat
8952,beef extract yeast,beef stock,Additive-Yeast
8953,beef eye steak fillet,rib eye steak,Meat
8954,beef filet mignon steak,beef,Fish
8955,beef filet steak,beef,Meat
8956,beef fillet,beef,Meat
8957,beef flat iron steak,beef,Meat
8958,beef frying steak strip,beef,Meat
8959,beef grain,beef,Meat
8960,beef gravy consomme,beef gravy,Meat
8961,beef gravy shank,beef,Meat
8962,beef gravy stock,beef stock,Meat
8963,beef heart calf,beef,Meat
8964,beef heart meat,beef,Meat
8965,beef hot dog alright too pork,hot dog,Dish
8966,beef jerky tasajo,beef,Meat
8967,beef jerky venison,beef,Meat
8969,beef korean rib,beef,Meat
8970,beef lard burger,hamburger,Bakery
8971,beef link sausage,beef,Meat
8972,beef loin roast,roast beef,Meat
8973,beef loin sirloin roast,beef,Meat
8974,beef luncheon meat,beef,Meat
8975,beef marrow soup,beef soup,Meat
8976,beef medallion each,beef,Meat
8977,beef patty,beef,Meat
8978,beef pocket roast,roast beef,Meat
8979,beef pork roast,roast beef,Meat
8980,beef pork sparerib,beef,Meat
8981,beef pork tongue,beef,Meat
8982,beef prosciutto,beef,Meat
8983,beef rack,beef,Meat
8984,beef ravioli total,pasta,Dish
8985,beef rib fine,short ribs,Meat
8986,beef rib pork,beef,Meat
8987,beef rib rack,beef,Meat
8988,beef ribeye roast,roast beef,Meat
8989,beef rice mix,beef rice,Dish
8990,beef roast jus sauce,roast beef,Meat
8991,beef roast seasoning seasoning,roast beef,Meat
8992,beef roulade,beef,Meat
8993,beef rump chuck,chuck steak,Meat
8994,beef rump meat,beef,Meat
8995,beef rump pork shoulder,pork,Meat
8996,beef scallopini,beef,Meat
8997,beef shin,beef,Meat
8998,beef shoulder blade,beef,Meat
8999,beef shoulder pot roast,roasted beef,Dish
9000,beef shoulder sirloin,beef,Meat
9001,beef shoulder tender roast,roast beef,Meat
9002,beef sirlion roast,roast beef,Meat
9003,beef sirloin roast,beef,Meat
9004,beef sirloin steak grain,beef,Meat
9005,beef sirloin strip,beef,Meat
9006,beef sirloin tip market,beef,Meat
9007,beef sirloin tip roast,beef,Meat
9008,beef skirt,beef,Meat
9009,beef soup mix,soup,Dish
9010,beef soup rib,short ribs soup,Meat
9011,beef soy crumbles,beef,Bakery
9012,beef spread,beef spread,Meat
9013,beef steak grain,beef,Meat
9014,beef stew meat chili,beef,Meat
9015,beef stewing meat,beef,Meat
9016,beef stock base,beef stock,Meat
9017,beef stock clove,beef stock,Meat
9018,beef stock concentrate,beef stock,Meat
9019,beef stock cube water,beef stock,Meat
9020,beef stock dark,beef stock,Meat
9021,beef stock duck,beef stock,Meat
9022,beef stock gravy mix,beef stock,Meat
9023,beef stock mix,beef stock,Meat
9024,beef stock neat,beef stock,Meat
9025,beef stock paste concentrate,beef stock,Meat
9026,beef stock pork,beef stock,Meat
9027,beef stock red wine sugar,wine,Beverage-Alcoholic
9028,beef stock sauce,beef stock,Meat
9029,beef stock water bullion,beef stock,Meat
9030,beef strip,beef,Meat
9031,beef strip steak,beef,Meat
9032,beef stroganoff sauce mix,beef sauce,Dish
9033,beef tail,beef,Meat
9034,beef taquitos,beef taco,Dish
9035,beef taquitos chicken cheese,beef taco,Dish
9036,beef tenderloin carpaccio,beef,Meat
9037,beef tenderloin crosswise,beef,Meat
9038,beef tenderloin cube,beef,Meat
9039,beef tenderloin fillet filet mignon,beef,Meat
9040,beef tri tip sirloin,beef,Meat
9041,beef turkey,turkey,Meat
9042,beef well,beef,Meat
9043,beef wiener,hot dog,Dish
9044,beefeater gin,gin,Beverage-Alcoholic
9045,beer are better,beer,Beverage
9046,beer bratwurst,beer,Beverage
9047,beer brown,beer,Beverage
9048,beer chipotle barbecue sauce,barbecue sauce,Condiment
9049,beer lime flavor,lime,Fruit
9050,beer may,beer,Beverage
9051,beer white wine,beer-wine,Beverage-Alcoholic
9052,beer yeast,beer,Beverage
9053,beet green leaf,beet,Vegetable
9054,beet horseradish sauce,beetroot sauce,Condiment
9055,beet julienne,beet,Vegetable
9056,beet leaf green,beet,Vegetable
9057,beet must,beet,Vegetable
9058,belgian brown ale,beer,Beverage-Alcoholic
9059,belgian chocolate,chocolate,Plant Derivative
9060,belgian endive lengthwise,endive,Vegetable
9061,belgian pearl sugar,sugar,Additive
9062,belgium bread italian,bread,Bakery
9063,bell chili pepper flake,chili,Spice
9064,bell pepper bruschetta topping,capsicum,Vegetable Fruit
9065,bell pepper red,capsicum,Vegetable Fruit
9066,bell pepper red green,capsicum,Vegetable Fruit
9067,bell pepper ring,capsicum,Vegetable Fruit
9068,bell pepper sauce,capsicum,Vegetable Fruit
9069,bell pepper strip,capsicum,Vegetable Fruit
9070,bell pepper yellow,capsicum,Vegetable Fruit
9071,beluga lentil,lentil,Legume
9074,bengal dal yellow pea,pea,Legume
9075,bengali five spice mix,spice mix,Spice
9076,bergamot leaf,bay leaf,Plant
9077,bergamot oil,oil,Additive
9078,bermuda falernum,spiced lime,Beverage-Alcoholic
9079,berry blue gelatin mix,blueberry,Additive
9080,berry fruit,berry,Berry
9081,berry fruit juice,passion fruit,Fruit
9082,berry hibiscus herbal tea flower,berry,Berry
9083,berry sauce,berry cranberry sauce,Fruit
9084,berry syrup,berry,Berry
9085,berry yogurt,yogurt,Dairy
9086,bertolli tomato basil pasta sauce,tomato sauce,Condiment
9087,better ' n egg reg ;,sugar substitute,Vegetable
9088,better crocker chocolate frosting,chocolate frosting,Additive
9089,better than bouillon,bouillon,Dish
9090,better than bouillon chicken base vegetable stock,chicken,Meat
9091,better than bullion vegetable stock base,vegetable stock,Vegetable
9092,better than cream cheese substitute,cheese,Dairy
9093,betty crocker butter cake mix yellow change ingredient,cake mix,Dish
9094,betty crocker cake mix,cake mix,Dish
9095,betty crocker chicken helper fettuccine alfredo,chicken,Meat
9096,betty crocker fudge brownie mix,brownie mix,Dish
9097,betty crocker german chocolate cake mix,cake mix,Dish
9098,betty crocker julienne potato,potato,Vegetable Tuber
9099,betty crocker lasagna hamburger helper mix beef pasta,lasagne,Cereal
9100,betty crocker potato cheddar,potato,Vegetable Tuber
9101,betty crocker super moist cake mix white,cake,Dish
9102,betty crocker super moist chocolate cake mix,cake mix,Dish
9103,beurre manie butter,butter,Dairy
9104,bias yellow bean,bean,Legume
9105,bibb boston lettuce,bibb lettuce,Vegetable
9106,bick cocktail onion,onion,Vegetable
9107,bicks tangy dill relish,dill,Herb
9108,biga sponge active starter,dough,Dish
9109,bill secret teriyaki marinade,sauce,Additive
9110,biltong,meat,Meat
9111,birch bark,cinnamon,Additive
9112,bird chile pepper flake,bird's eye chili,Vegetable
9113,bird chili,chili,Spice
9114,bird custard mix,custard,Dish
9115,bird custard powder vanilla,vanilla custard,Dish
9116,bird eye broccoli corn,bird 's eye chili,Vegetable
9117,bird eye chile red one,bird 's eye chili,Vegetable
9118,bird eye chili flake,chili flakes,Spice
9119,bird eye pepper,bird's eye chili,Vegetable
9120,birdseye white pearl onion,white onion,Vegetable
9121,birthday cake,cake,Dish
9122,biryani,biryani,Dish
9123,biryani masala powder,spice mix,Spice
9124,biryani spice mix biriyani seasoning,spice mix,Spice
9125,biscotti bread,bread,Bakery
9126,biscotti cookie crumb,biscuit,Dish
9127,biscuit buttermilk,biscuit,Bakery
9128,biscuit cheddar garlic,garlic,Herb
9129,biscuit cooky,biscuit,Bakery
9130,biscuit dough variety,baking mix,Dish
9131,biscuit each,biscuit,Bakery
9132,biscuit graham cracker,graham cracker,Bakery
9133,biscuit granita,biscuit,Bakery
9134,biscuit rose,biscuit,Bakery
9135,bison beef rib,short ribs,Meat
9136,bison roast,buffalo meat,Meat
9137,bison roast buffalo,buffalo meat,Meat
9138,bison sausage pepperoni seasoning,pepperoni,Meat
9139,bison steak,buffalo steak,Meat
9140,bison tenderloin fillet,beef,Meat
9141,bisque crumb,bread crumb,Bakery
9142,bisquick mix,bisquick,Cereal
9143,bisto powder,chili powder,Spice
9144,bit kombu,kombu,Seafood
9145,bit salt black pepper,pepper,Spice
9146,bite broccoli,broccoli,Flower
9147,bite broccoli floret,broccoli,Flower
9148,bite cheese cracker,cheese,Dairy
9149,bite chunk cantaloupe,cantaloupe,Fruit
9150,bite corn chex,corn,Maize
9151,bite turkey,turkey,Meat
9152,bite vegetable broccoli red pepper,broccoli,Flower
9153,bite vegetable cauliflower,cauliflower,Flower
9154,bite wheat cereal,cereal,Cereal
9155,bite wheat chex,cereal,Cereal
9156,bite wheat pasta,pasta,Cereal
9157,bitter ale,beer,Beverage-Alcoholic
9158,bitter almond essence,almond oil,Nuts and Seeds
9159,bitter almond extract,almond,Nuts and Seeds
9160,bitter almond oil,almond oil,Nuts and Seeds
9161,bitter chocolate baking,baking chocolate,Plant
9162,bitter chocolate baking cocoa,baking chocolate,Plant
9163,bitter chocolate chip,chocolate chip,Additive
9164,bitter gourd,bitter gourd,Vegetable
9165,bitter melon crosswise,bitter melon,Vegetable
9166,bitter orange juice,orange juice,Fruit
9167,bitter orange juice half vinegar,orange juice,Fruit
9168,bitter orange peel,orange peel,Fruit
9169,bitter orange preserve,bitter orange,Beverage-Alcoholic
9170,blachan,shrimp,Seafood
9171,black bean fiesta grillin,black bean,Legume
9172,black bean green chilies,black bean,Vegetable
9173,black bean overnight,black bean,Dish
9174,black bean puree,black bean,Legume
9175,black bean rice,rice,Cereal
9176,black bean sauce chili optional,chili bean,Dish
9177,black bean sauce garlic,garlic,Condiment
9178,black bean sauce yellow,black bean sauce,Condiment
9179,black beluga lentil,black lentil,Legume
9180,black bengal dal,bengal gram,Legume
9181,black bread,bread,Bakery
9182,black bread white,bread,Bakery
9183,black channa overnight,chickpea,Dish
9184,black channa water chickpea,chickpea,Legume
9185,black cherry balsamic vinegar,vinegar,Plant Derivative
9186,black cherry fruit spread,black cherry preserve,Additive-Vinegar
9187,black cherry jam,black currant,Fruit
9188,black cherry preserve,cherry,Additive
9189,black cherry schnapps,liquor,Beverage-Alcoholic
9190,black chickpea garbanzo bean,chickpea,Legume
9191,black chinese mushroom water,mushroom,Fungi
9192,black cloud ear mushroom,mushroom,Fungi
9193,black currant leaf,black currant,Fruit
9194,black currant liqueur,black currant,Fruit
9195,black eye bean,black bean,Legume
9196,black eyed pea overnight,pea,Dish
9197,black fondant icing,icing,Additive
9198,black garbanzo bean,chickpea,Legume
9199,black goat meat,goat meat,Meat
9200,black green olive tapenade,olive,Plant
9201,black green spicy olive greek,olive,Plant
9202,black hot coffee,black coffee,Beverage
9203,black icing,icing,Additive
9204,black jamuns,pepper,Spice
9205,black jelly bean,black bean,Legume
9206,black juniper berry,black berry,Fruit
9207,black lentil flour,black lentil,Legume
9208,black lentil paste,lentil,Legume
9209,black licorice,pepper,Spice
9210,black licorice string,pepper,Spice
9211,black licorice twist,pepper,Spice
9212,black mushroom water,mushroom,Fungi
9213,black nyons olive,olive,Plant
9214,black olive half,olive,Plant
9215,black olive lengthwise,olive,Plant
9216,black pepper hot sauce,hot sauce,Condiment
9217,black pepper salt,salt,Additive
9218,black pudding cumin,black cumin,Spice
9219,black quinoa,quinoa,Cereal
9220,black raspberry liqueur,liquor,Beverage-Alcoholic
9221,black red bean,black bean,Legume
9222,black rice vinegar,vinegar,Plant Derivative
9223,black rum,rum,Beverage-Alcoholic
9224,black salt pepper,salt,Additive
9225,black sambuca,pepper,Spice
9226,black sapote,pepper,Spice
9227,black seed,mustard seed,Vegetable
9228,black sesame oil,sesame oil,Essential Oil
9229,black soy,black soy sauce,Condiment
9230,black soy bean,soy bean,Legume
9231,black spanish olive,olive,Plant
9232,black spanish olive brine,olive,Plant
9233,black squid ink pasta,pasta,Cereal
9234,black tea like lipton yellow label,black tea,Beverage
9235,black tiger shrimp,shrimp,Seafood
9236,black truffle oil white,white truffle,Additive
9237,black urad dal flour,black gram,Legume
9238,black walnut flavoring,black walnut,Nuts and Seeds
9239,black yellow mustard seed,mustard seed,Vegetable
9240,blackberry juice,blackberry,Fruit
9241,blackberry schnapps,blackberry,Fruit
9242,blackberry wine,wine,Beverage-Alcoholic
9243,blackcurrant juice,black currant,Beverage
9244,blackening spice,cajun seasoning,Plant Derivative
9245,blade roast cross rib,pork,Meat
9246,blanc de noirs champagne,champagne,Beverage-Alcoholic
9247,blanc white cheese be,cheese,Dairy
9248,bland oil,oil,Additive
9249,bleached sultana raisin,raisin,Fruit
9251,blender hollandaise sauce,sauce,Additive
9252,bleu de basque,cheese,Dairy
9253,bliss potato,red potato,Vegetable
9254,block cheddar cheese,cheese,Dairy
9255,block dark chocolate square,dark chocolate,Plant
9256,block ice,ice,Additive
9257,block lard,white fat,Meat
9258,block mexican chocolate,chocolate,Plant Derivative
9259,block pepperjack cheese,monterey jack,Dairy
9260,block sharp cheddar cheese,cheese,Dairy
9261,blood orange avocado oil ca n't this olive,olive oil,Plant Derivative
9262,blood sausage black pudding,sausage,Dish
9263,blood sausage morcilla,sausage,Dish
9264,bloomer bread,bread,Bakery
9265,blue brie cheese,cheese,Dairy
9266,blue cheese dressing ranch salad,cheese,Dairy
9267,blue cheese sauce,cheese,Dairy
9268,blue crab claw,crab,Seafood
9269,blue crab crabmeat,crab,Seafood
9270,blue crab each ok,crab,Seafood
9271,blue crabmeat,crab,Seafood
9272,blue dragon sauce,sauce,Additive
9273,blue dragon szechuan pepper stir fry sauce,sauce,Additive
9274,blue edible flower,borage,Flower
9275,blue fruit blueberry,blueberry,Fruit
9276,blue gel,cheese,Dairy
9277,blue potato,blue potato,Vegetable
9278,blue sauce,sauce,Additive
9279,blue schnapps,cheese,Dairy
9280,blue spirulina,cheese,Dairy
9281,blueberry berry,blueberry,Fruit
9282,blueberry gelatin,blueberry jelly,Additive
9283,blueberry jam complementary,blueberry,Fruit
9284,blueberry juice,blueberry,Fruit
9285,blueberry liqueur,blueberry,Fruit
9286,blueberry sauce,blueberry,Fruit
9287,blueberry schnapps,blueberry,Fruit
9288,blueberry topping,blueberry sauce,Fruit
9289,blueberry vinegar,blueberry vinegar,Additive-Vinegar
9290,boboli pizza,pizza,Bakery
9291,bocconcini cheese,cheese,Dairy
9292,bocconcini mozzarella cheese,cheese,Dairy
9293,bohemian malt syrup,barley,Cereal
9294,bolar roast,roast beef,Meat
9295,bolillo ciabatta bun,hamburger,Bakery
9296,bolillo crosswise,bacon,Meat
9297,bolillo french,bread,Bakery
9298,bolillo type bread,bread,Bakery
9299,bolillos,bread,Bakery
9300,bolillos bread french,baguette,Bakery
9301,bolner pinto bean seasoning salt,pinto bean,Legume
9302,bologna beef,beef,Meat
9303,bologna sausage,sausage,Dish
9304,bols banana liqueur,banana liqueur,Beverage-Alcoholic
9305,bols blue liquor,cheese,Dairy
9306,bombay duck,fish,Fish
9307,bombay onion,onion,Vegetable
9308,bon appetit seasoning mix,allspice,Spice
9309,bonito,bonito,Fish
9310,bonito stock,bonito,Fish
9311,borlotti bean cheat,borlotti bean,Legume
9312,borlotti bean cranberry,borlotti bean,Legume
9313,boston bibb,lettuce,Vegetable
9314,boston butt,pork,Meat
9315,boston butt pork shoulder roast,pork,Meat
9316,boston butt roast,pork,Meat
9317,boston pork bean,pork and beans,Dish
9319,bottom pie crust,crust,Bakery
9320,bottom sirloin beef cap,beef,Meat
9321,boudoir biscuit,biscuit,Bakery
9322,bouillabaisse,fish,Fish
9323,bouillon powder,bouillon,Dish
9324,bouillon soup,bouillon,Dish
9326,bouquet garni spice,bouquet garni,Spice
9327,bourbon vanilla,vanilla,Legume
9328,boursin cream cheese,cheese,Dairy
9329,boursin garlic cream cheese,cheese,Dairy
9330,boursin heavy cream,cream,Dairy
9331,boursin herb,cheese,Dairy
9332,bovril meat extract,meat,Meat
9333,bovril powder meat extract,meat,Meat
9334,bowl salad green,green salad,Vegetable
9335,boysenberry preserve jam,fruit preserve,Fruit
9336,boysenberry syrup,syrup,Plant Derivative
9337,braciola steak,steak,Fish
9338,bran cereal flake,cereal,Cereal
9339,bran cereal protein powder,cereal,Cereal
9340,bran flake cereal,cereal,Cereal
9341,bran flake choice,cereal,Cereal
9342,bran flour,flour,Cereal
9344,brand mango juice,mango juice,Fruit
9345,brandewijn,brandy,Beverage-Alcoholic
9346,bratwurst black pudding,pudding,Dish
9347,bratwurst knockwurst,german sausage,Meat
9348,bratwurst sandwich bun,bread,Bakery
9349,braunschweiger liverwurst,braunschweiger sausage,Meat
9350,bread apple syrup,apple,Fruit
9351,bread baguette,baguette,Bakery
9352,bread bakery,bread,Bakery
9353,bread bready,bread,Bakery
9354,bread brown,bread,Bakery
9355,bread bun,bread,Bakery
9356,bread bun hamburger,hamburger,Bakery
9357,bread butter type,bread and butter pickle,Dish
9358,bread by,bread,Bakery
9359,bread campagne,bread,Bakery
9360,bread challah,bread,Bakery
9361,bread choice,bread,Bakery
9362,bread ciabatta,bread,Bakery
9363,bread cracker,bread,Bakery
9364,bread croissant half,bread,Bakery
9365,bread crumb biscuit,bread crumb,Bakery
9366,bread crumb choice,bread crumb,Bakery
9367,bread crumb meat,bread crumb,Bakery
9368,bread crust,bread,Bakery
9369,bread cube white,bread,Bakery
9370,bread depending,bread,Bakery
9371,bread diagonally,bread,Bakery
9372,bread dough pizza crust,pizza,Bakery
9373,bread dressing,bread,Bakery
9374,bread dressing rice,rice,Cereal
9375,bread egg,egg,Meat
9376,bread farls,bread,Bakery
9377,bread fennel seed,fennel,Herb
9378,bread french baguette choice,baguette,Bakery
9379,bread garlic,bread,Bakery
9380,bread golden brown,bread,Bakery
9381,bread grain batter,bread,Bakery
9382,bread grain preferably,bread,Bakery
9383,bread hawaiian,bread,Bakery
9384,bread heavy,bread,Bakery
9385,bread hoagie,bread,Bakery
9386,bread improver knead,flour,Additive
9387,bread italian,bread,Bakery
9388,bread italian without seed,bread,Bakery
9389,bread loaf,bread,Bakery
9390,bread milk,milk,Dairy
9391,bread more creamier,bread,Bakery
9392,bread multi grain,wheat tortilla,Bakery
9393,bread nice,bread,Bakery
9394,bread not hard,bread,Bakery
9395,bread panini,bread,Bakery
9396,bread publix supermarket ha,bread,Bakery
9397,bread pudding,pudding,Dish
9398,bread raisin,bread,Bakery
9399,bread raisin pecan,bread,Bakery
9400,bread sandwich bun,bread,Bakery
9401,bread t clean,bread,Bakery
9402,bread toast,bread,Bakery
9403,bread wholemeal,bread,Bakery
9404,breadcrumb ? bread,bread,Bakery
9405,breadcrumb baking,bread crumb,Bakery
9406,breadcrumb basil leaf pecorino,basil,Herb
9407,breadcrumb better,bread crumb,Bakery
9408,breadcrumb bread mushy,bread,Bakery
9409,breadcrumb breakfast,bread crumb,Bakery
9410,breadcrumb breton cracker work great,bread crumb,Bakery
9411,breadcrumb butter cracker,butter,Dairy
9412,breadcrumb cake crumb,cake,Dish
9413,breadcrumb chicken,chicken,Meat
9414,breadcrumb crumb,bread crumb,Bakery
9415,breadcrumb do not bread crumb,bread crumb,Bakery
9416,breadcrumb enough veal chop,bread crumb,Bakery
9417,breadcrumb enought,bread crumb,Bakery
9418,breadcrumb fine,bread crumb,Bakery
9419,breadcrumb great,bread crumb,Bakery
9420,breadcrumb italian flavor,bread crumb,Bakery
9421,breadcrumb kikkoman panko,bread crumbs,Bakery
9422,breadcrumb loaf white bread,bread crumbs,Bakery
9423,breadcrumb make my own wheat bread,bread,Bakery
9424,breadcrumb meat,bread crumb,Bakery
9425,breadcrumb milk,milk,Dairy
9426,breadcrumb mix,bread crumb,Spice
9427,breadcrumb mix becomes,bread crumb,Spice
9428,breadcrumb must be cracker crumb,bread crumb,Bakery
9429,breadcrumb olive oil butter mixture,bread crumb,Plant Derivative
9430,breadcrumb out,bread crumb,Bakery
9431,breadcrumb panko bread crumb,bread crumb,Bakery
9432,breadcrumb pork,pork,Meat
9433,breadcrumb pumpernickel,bread crumb,Bakery
9434,breadcrumb ritz cracker,bread crumb,Bakery
9435,breadcrumb salt,salt,Additive
9436,breadcrumb saltine,bread crumb,Bakery
9437,breadcrumb special mix,bread crumb,Spice
9438,breadcrumb thyme,thyme,Herb
9439,breadcrumb total,bread crumb,Bakery
9440,breadcrumb water,water,Additive
9441,breadcrumb white,bread crumb,Bakery
9442,breadcrumb white flour,white flour,Cereal
9443,breadcrumb zwieback cooky,bread crumb,Bakery
9444,breadstick cheese bread,cheese,Dairy
9445,breadstick dough pillsbury,dough,Cereal
9446,breadstick french bread,baguette,Bakery
9447,breakfast cereal,granola cereal,Cereal
9448,breakfast cereal like raisin bran,cereal,Cereal
9449,breakfast link sausage,breakfast sausage,Meat
9450,breakfast pork sausage,sausage,Dish
9451,breakstone cream,cream,Dairy
9452,breakstone knudsen cream,cream,Dairy
9453,brean sprout,bean sprout,Legume
9454,breast veal,veal,Meat
9455,breeze non dairy beverage,whipped cream,Dairy
9456,breyani spice below,spice mix,Spice
9457,brickle bit english toffee,cucumber,Gourd
9458,brickle dip,apple,Condiment
9459,brine feta cheese,cheese,Dairy
9460,brine from gherkin,cucumber,Gourd
9461,brine from olive,olive,Plant
9462,brioche bread challah,bread,Bakery
9463,brioche breadcrumb,bread crumb,Bakery
9464,brisee pie crust,crust,Bakery
9465,brisket,beef,Meat
9466,brisket dripping,beef,Meat
9467,brisket rub,spice mix,Spice
9468,britannia gin,gin,Beverage-Alcoholic
9469,british ale,ale,Beverage-Alcoholic
9470,broad bean sauce,broad bean,Legume
9471,broad leaf mustard green choy,mustard,Vegetable
9472,broad rice noodle,noodle,Cereal
9473,broccoli carrot cauliflower mix mixture,broccoli slaw,Flower
9474,broccoli cauliflower mix,broccoli slaw,Flower
9475,broccoli cauliflower red pepper mix,broccoli,Flower
9476,broccoli floweret,broccoli,Flower
9477,broccoli red pepper,capsicum,Vegetable Fruit
9478,broccoli slaw,broccoli slaw,Flower
9479,broccolini coleslaw mix,broccoli slaw,Condiment
9480,broiler,chicken,Meat
9481,brook chili bean,chili bean,Dish
9482,broth oxtail,broth,Vegetable
9483,brothy bean broth,broth,Vegetable
9484,brown bean sauce black,black bean sauce,Condiment
9485,brown bean sauce market,sauce,Additive
9486,brown bean sauce paste,sauce,Additive
9487,brown beech mushroom,mushroom,Fungi
9488,brown beef stock broth,beef broth,Meat
9489,brown chicken stock beef bouillon more,bouillon cube,Meat
9490,brown chicken stock broth beef bouillon,chicken,Meat
9491,brown chinese mushroom,mushroom,Fungi
9492,brown duck stock chicken,chicken,Meat
9494,brown gravy mix too,gravy,Dish
9495,brown green lentil,lentil,Legume
9496,brown jasmine rice white,rice,Cereal
9497,brown linseed,brown sugar,Additive-Sugar
9498,brown milk chocolate,chocolate milk,Beverage
9499,brown muscovado sugar,brown sugar,Additive-Sugar
9500,brown onion large,onion,Vegetable
9501,brown onion roughly,onion,Vegetable
9502,brown possum stock,possum stock,Dish
9503,brown rice flour barley,rice,Cereal
9504,brown roux,flour,Dish
9505,brown spirit vinegar,vinegar,Plant Derivative
9506,brown stock beef,beef stock,Meat
9507,brown stock beef broth,beef broth,Meat
9508,brown stock beef pan dripping,beef stock,Meat
9509,brown stock chicken broth,chicken,Meat
9510,brown sugar bean,brown sugar,Additive-Sugar
9511,brown sugar cube,brown sugar,Additive-Sugar
9512,brown sugar glaze,brown sugar,Additive-Sugar
9513,brown veal stock chicken,chicken,Meat
9514,brown white mushroom,mushroom,Additive
9515,brownie,cake,Dish
9516,bruce sauce,sauce,Additive
9518,brussel sprout,bean sprout,Legume
9519,brussels sprout sauce,brussels sprout,Vegetable
9520,brut prosecco,wine,Beverage-Alcoholic
9521,brut wine,wine,Beverage-Alcoholic
9522,bryndza cheese manouri,cheese,Dairy
9523,btl lemonade,lemonade,Beverage
9524,btl traditional lemonade,lemonade,Beverage
9525,bucheron goat cheese,cheese,Dairy
9526,buckwheat flake,cereal,Cereal
9527,buckwheat soba noodle,noodle,Cereal
9528,buddy breadcrumb,bread crumb,Bakery
9529,buffalo chicken wing sauce,buffalo wing sauce,Condiment
9530,buffalo hamburger,hamburger,Bakery
9531,buffalo stew meat,buffalo,Meat
9532,buffalo wing seasoning,buffalo wing sauce,Condiment
9533,buglur wheat,wheat,Cereal
9534,buitoni marinara sauce,marinara sauce,Condiment
9535,bulgarian buttermilk,buttermilk,Dairy
9536,bulgher wheat,wheat,Cereal
9537,bulghur wheat,wheat,Cereal
9538,bulgogi marinade,marinade,Dish
9539,bulk bratwurst,sausage,Dish
9540,bulk breakfast sausage,pork,Meat
9541,bulk pork breakfast sausage,pork,Meat
9542,bulk pork sausage sage,pork,Meat
9543,bulk spicy italian turkey sausage,italian sausage,Meat
9544,bulk taco seasoning mix,spice mix,Spice
9545,bulk turkey sausage,sausage,Dish
9546,bull testicle,bull testicle,Vegetable
9547,bun bread,bread,Bakery
9548,bun crosswise,hamburger,Bakery
9549,bun grain,hamburger,Bakery
9550,bun market,hamburger,Bakery
9551,bun noodle,noodle,Cereal
9552,bun pita bread,bread,Bakery
9553,bun wheat,wheat,Cereal
9554,bundle rice vermicelli,rice vermicelli,Cereal
9555,burger bun,burger,Dish
9556,burgundy beef,beef,Meat
9557,burgundy cooking wine regina,wine,Beverage-Alcoholic
9558,burgundy olive,olive,Plant
9559,burgundy red wine,wine,Beverage-Alcoholic
9560,burgundy wine red,wine,Beverage-Alcoholic
9561,burrata cheese mozzarella,cheese,Dairy
9562,burrito green beef bean,green bean,Cereal
9563,burrito mix,baking mix,Dish
9564,burrito seasoning mix taco seasoning,spice mix,Spice
9565,burrito tortilla,tortilla,Dish
9566,burrito wheat tortilla,wheat tortilla,Bakery
9567,bush black bean,black bean,Legume
9568,bush chili sauce,chili paste,Condiment
9569,bush texas chili magic starter,chili,Spice
9570,bush tomato,tomato,Vegetable
9571,bushmill irish whiskey,whisky,Beverage-Alcoholic
9572,butcher string,green bean,Cereal
9573,butt pork roast,pork,Meat
9574,butter almond,almond,Nuts and Seeds
9575,butter baking,butter,Dairy
9576,butter bread,butter,Dairy
9577,butter bread cinnamon raisin,bread,Bakery
9578,butter bud ca n't believe cooking spray,vegetable oil,Additive
9579,butter bud molly mcbutter,butter,Dairy
9580,butter cake mix betty crocker,cake,Dish
9581,butter cake mix vanilla,cake,Dish
9582,butter clam,clam,Seafood
9583,butter cookie,butter,Dairy
9584,butter cooking oil,cooking oil,Additive
9585,butter cracker crumb,crackers,Bakery
9586,butter ghee,ghee,Dairy
9587,butter icing,butter,Dairy
9588,butter lettuce mix,lettuce,Vegetable
9589,butter mushroom,butter,Dairy
9590,butter naan,butter naan,Bakery
9591,butter no,butter,Dairy
9592,butter no cooking spray,cooking spray,Additive
9593,butter pan dripping,sauce,Additive
9594,butter paper,butter,Dairy
9595,butter pastry dough,dough,Bakery
9596,butter pea,butter,Dairy
9597,butter pecan ice cream,ice cream,Dish
9598,butter samneh without,butter,Dairy
9599,butter sprinkle,butter,Dairy
9600,butter substitute,butter,Dairy
9601,butter sugar,butter,Dairy
9602,buttercup squash,squash,Fruit
9603,butterfinger bar,chocolate bar,Plant
9604,butterfish fillet,fish,Fish
9605,buttermilk biscuit mix,biscuit,Dish
9606,buttermilk brushing,buttermilk,Dairy
9607,buttermilk dressing,buttermilk,Condiment
9608,buttermilk dressing cream cheese,cheese,Dairy
9609,buttermilk dressing feta cheese,cheese,Dairy
9610,buttermilk extra fluffy pancake mix,cake,Dish
9611,buttermilk flaky layer,buttermilk,Dairy
9612,butternut extract,sauce,Additive
9613,butternut pumpkin mm,pumpkin,Fruit
9614,butternut pumpkin weight,pumpkin,Fruit
9615,butternut squash 2lb,butternut squash,Fruit
9616,butternut squash banana,butternut squash,Fruit
9617,butternut squash chickpea,butternut squash,Fruit
9618,butternut squash cube,butternut squash,Fruit
9619,butternut squash dice,butternut squash,Fruit
9620,butternut squash grater,butternut squash,Fruit
9621,butternut squash hubbard,butternut squash,Fruit
9622,butternut squash soup worry instead,butternut squash,Dish
9623,butterscotch caramel liqueur,liqueur,Beverage-Alcoholic
9624,butterscotch caramel sauce,caramel sauce,Additive
9625,butterscotch chip butter,molasses,Additive
9626,butterscotch chip toffee bit,molasses,Additive
9627,butterscotch extract,vanilla extract,Additive
9628,butterscotch liqueur,liqueur,Beverage-Alcoholic
9629,butterscotch syrup ice cream topping,ice cream,Additive
9630,butterscotch topping,molasses,Additive
9631,buttershots butterscotch schnapps,molasses,Additive
9632,butterworth syrup,syrup,Plant Derivative
9633,buttery,butter,Dairy
9634,buttery cracker crumb,crackers,Bakery
9635,buttery potato,potato,Vegetable Tuber
9636,button mushroom oil,mushroom,Fungi
9637,by white roux,sauce,Additive
9638,c red wine vinaigrette,wine,Beverage-Alcoholic
9639,ca n't believe not butter spread,butter spread,Additive
9640,ca not butter,butter,Dairy
9641,cabbage coleslaw mix,coleslaw,Condiment
9642,cabbage cooking liquid,cabbage,Vegetable
9643,cabbage kimchi king,cabbage,Vegetable
9644,cabbage pepper,pepper,Spice
9645,cabernet sauvignon,wine,Beverage-Alcoholic
9646,cabernet sauvignon red wine,wine,Beverage-Alcoholic
9647,cabernet sauvignon wine merlot,wine,Beverage-Alcoholic
9648,cabernet sauvignon wine red,wine,Beverage-Alcoholic
9649,cabo wabo tequila,tequila,Beverage-Alcoholic
9650,cabot cheddar,cheese,Dairy
9651,cabrales cheese,cheese,Dairy
9652,cacao essence,vanilla extract,Additive
9653,cacao online,chocolate liqueur,Beverage-Alcoholic
9654,cacio di fossa cheese,cheese,Dairy
9655,cacio di rom cheese,cheese,Dairy
9656,cactus juice,juice,Beverage
9657,cactus prickly pear syrup,syrup,Plant
9658,cadbury caramello chocolate,chocolate,Plant Derivative
9659,cadbury caramello chocolate bar,chocolate bar,Plant
9660,cadbury chocolate candy bar,chocolate bar,Plant
9661,cadbury dairy peppermint milk chocolate,chocolate milk,Beverage
9662,cadburys drinking chocolate,chocolate,Plant Derivative
9663,caesar ranch dressing,ranch dressing,Condiment
9664,caesar salad dressing italian,italian dressing,Condiment
9665,caesar salad dressing mix,salad dressing,Dish
9666,caesar salad dressing per person,salad dressing,Dish
9667,caesar vinaigrette dressing,vinegar,Plant Derivative
9668,cajeta caramel,caramel sauce,Additive
9669,cajeta caramel sauce,caramel sauce,Additive
9670,cajeta caramel sauce mexican,caramel sauce,Additive
9671,cajeta mexican caramel sauce,caramel sauce,Additive
9672,cajeta mexican milk caramel,caramel sauce,Additive
9673,cajeta milk syrup,caramel sauce,Plant Derivative
9675,cajun blackening seasoning,cajun seasoning,Plant Derivative
9676,cajun blackening spice,cajun seasoning,Plant Derivative
9677,cajun crab boil seasoning,crab boil,Seafood
9678,cajun pepper,chili pepper,Plant Derivative
9679,cajun pepper seasoning,chili pepper,Plant Derivative
9680,cajun portobello sandwich avocado remoulade,sandwich,Dish
9681,cajun ranch sauce,sauce,Additive
9682,cajun rice,rice,Cereal
9683,cajun sausage,sausage,Dish
9684,cajun seasoning fajita seasoning mix,fajita,Spice
9685,cajun seasoning salt pepper,spice mix,Spice
9686,cajun seasoning seasoning,cajun seasoning,Plant Derivative
9687,cajun seasoning seasoning mix blackening seasoning seasoning,cajun seasoning,Plant Derivative
9688,cajun seasoning spicy hot,cajun seasoning,Plant Derivative
9689,cajun seasoning tb onion powder cayenne pepper leaf mexican oregano thyme,cayenne pepper,Vegetable
9690,cajun seasoning tex mex seasoning,cajun seasoning,Plant Derivative
9691,cajun tomato,tomato,Vegetable
9692,cake base,cake,Dish
9693,cake batter,cake,Dish
9694,cake decoration,cake,Dish
9695,cake doughnut,cake,Dish
9696,cake food,angel food cake,Dish
9697,cake konnyaku,cake,Dish
9698,cake mix yellow lemon,lemon cake,Dish
9699,cake vodka,vodka,Beverage-Alcoholic
9700,calabrian chili sauce,chili paste,Condiment
9701,calamansi juice,juice,Beverage
9702,calamansi juice green lime,lime juice,Beverage
9703,calamansi juice orange zest,orange,Fruit
9704,calamari steak,steak,Fish
9705,calamari water,water,Additive
9706,calamata olive,olive,Plant
9707,calanda peach,peach,Fruit
9708,calanda peach half,peach,Fruit
9709,caldo chicken buillon seasoning,spice mix,Spice
9710,caldo seasoning,spice mix,Spice
9711,calende silver tequila,tequila,Beverage-Alcoholic
9713,calf ' brain,calf brain,Meat
9714,calf foot cartilidge,liver,Meat
9715,calf foot lengthwise,liver,Meat
9716,calf head,cauliflower,Flower
9717,calf tongue,liver,Meat
9718,california black fig,black fig,Fruit
9719,california chardonnay wine,chardonnay,Beverage-Alcoholic
9720,california chile pepper,chili pepper,Vegetable
9721,california chilies mexico chile,new mexico chile,Spice
9722,california garlic salt,garlic salt,Spice
9723,california vegetable cauliflower,cauliflower,Flower
9724,callaloo leaf,amaranth,Vegetable
9725,callisons garlic herb,garlic,Herb
9726,calorie butter,butter,Dairy
9727,calorie catalina salad dressing,french dressing,Condiment
9728,calorie extra vegetable oil spread,vegetable oil,Plant Derivative
9729,calorie hamburger,hamburger,Bakery
9730,calorie maple syrup,syrup,Additive
9731,calorie orange marmalade,bitter orange,Additive
9732,calorie russian salad dressing,salad dressing,Dish
9733,calorie strawberry kiwi drink mix,pina colada,Dish
9734,calorie wheat bread,bread,Bakery
9736,cambell fiesta nacho cheese soup,soup,Dish
9737,cambozola cheese,cheese,Dairy
9738,camelina oil,oil,Additive
9739,cameo apple,apple,Fruit
9740,campari liqueur,liqueur,Beverage-Alcoholic
9741,campari tomato,tomato,Vegetable
9742,campbell bean bacon soup,bacon soup,Dish
9743,campbell beef barley soup,beef soup,Meat
9744,campbell beef broth,beef broth,Meat
9745,campbell beef gravy,gravy,Dish
9746,campbell beefy mushroom soup,cream celery soup,Dish
9747,campbell broccoli soup,broccoli,Flower
9748,campbell chunky,noodle,Dish
9749,campbell chunky beef vegetable soup,beef soup,Meat
9750,campbell cream mushroom garlic soup,cream celery soup,Dish
9751,campbell cream mushroom soup,cream celery soup,Dish
9752,campbell cream shrimp soup,shrimp soup,Seafood
9753,campbell cream soup mushroom,cream celery soup,Dish
9754,campbell fiesta chili,chili,Spice
9755,campbell garlic,garlic,Herb
9756,campbell golden mushroom,mushroom,Dish
9757,campbell nacho cheese soup,cheese,Dish
9758,campbell new chowder soup,clam chowder,Seafood
9759,campbell pork sauce,pork,Meat
9760,campbell ramen noodle,noodle,Cereal
9761,campbell select harvest tomato soup basil,tomato soup,Dish
9762,campbell shrimp soup,shrimp soup,Seafood
9763,campbell southwest nacho cheese soup,cheese,Dish
9764,campbell spaghetti tomato sauce,tomato sauce,Condiment
9765,campells cream chicken soup,chicken soup,Meat
9766,canada ginger ale,ginger ale,Beverage-Alcoholic
9767,canadian brie cheese,cheese,Dairy
9768,canadian club whiskey,whisky,Beverage-Alcoholic
9769,canadian oka cheese brie,cheese,Dairy
9770,canadian pork loin,pork,Meat
9771,canadian rye maple liqueur,liqueur,Beverage-Alcoholic
9772,canary bean,bean,Legume
9773,candico candy syrup,syrup,Plant Derivative
9774,candid orange,orange,Fruit
9775,candle nut macadamia,macadamia,Nuts and Seeds
9776,candlenut macadamia nut,macadamia,Nuts and Seeds
9777,candy chocolate orange,chocolate,Plant Derivative
9778,candy coating,chocolate,Plant Derivative
9779,candy coating chocolate chip,chocolate chip,Additive
9780,candy coating shortening,shortening,Additive
9781,candy crystal sugar,sugar,Additive
9783,candy lemon,lemon,Fruit
9785,candy sprinkle green,chocolate,Plant Derivative
9786,cane juice,juice,Beverage
9787,cane sugar piloncillo,brown sugar,Additive-Sugar
9788,cane sugar water,juice,Additive
9789,cane vinegar,vinegar,Plant Derivative
9790,canful tequila,tequila,Beverage-Alcoholic
9791,canilla extra grain rice,rice,Cereal
9792,cannalini bean,bean,Legume
9794,cannellini bean well,navy bean,Legume
9795,cannellini bean zolfini,navy bean,Legume
9796,cannellini white bean,bean,Legume
9797,cannellinni bean,bean,Legume
9798,cannelloni manicotti,pasta,Cereal
9799,cannelloni noodle,noodle,Cereal
9800,cannelloni pasta shell,pasta,Cereal
9801,cannola oil,oil,Additive
9802,cannonball cabbage,cabbage,Vegetable
9803,canola oil olive,olive oil,Plant Derivative
9804,canola plus oil safflower,canola oil,Plant Derivative
9805,canola vegetable oil,canola oil,Plant Derivative
9806,canoli oil,oil,Additive
9807,cantaloupe chunk,cantaloupe,Fruit
9808,cantaloupe melon baller,cantaloupe,Fruit
9809,cantonese noodle,noodle,Cereal
9810,cantonese roast pork,pork,Meat
9811,cantonese sauce,sauce,Additive
9812,cap ' n crunch cereal,sugar substitute,Vegetable
9813,cap n crunch cereal,mushroom,Fungi
9814,capelin roe,fish,Fish
9815,capellini spaghettini,spaghetti,Cereal
9816,capellini water,water,Additive
9817,caper sauce,sauce,Additive
9818,capicola hot,water,Additive
9819,capicola mozzarella,mozzarella,Dairy
9820,capocollo salami,salami,Fish
9821,caponata,aubergine,Dish
9822,cappelletti pasta,pasta,Cereal
9823,cappuccino mix,baking mix,Dish
9824,cappuccino mix french vanilla,vanilla,Dish
9825,caprino cheese goat,cheese,Dairy
9826,capsicum salsa,capsicum,Vegetable Fruit
9827,caramel candie,chocolate,Plant Derivative
9828,caramel candy,chocolate,Plant Derivative
9829,caramel coloring e liquid browning,spread,Additive
9830,caramel cube candy,chocolate,Plant Derivative
9831,caramel dip,chocolate,Plant Derivative
9832,caramel icing,icing,Additive
9833,caramel malt,malt,Additive
9834,caramel mexican cajeta,caramel sauce,Additive
9835,caramel milk chocolate candy bar,milk chocolate,Additive
9836,caramel popcorn,caramel popcorn,Maize
9837,caramel sauce ice cream topping,caramel sauce,Additive
9838,caramel topping syrup,caramel sauce,Additive
9839,caraway powder,chili powder,Spice
9840,caraway pumpernickel bread,bread,Bakery
9841,caraway seed bowl,caraway,Spice
9842,carb,low carb flour tortilla,Bakery
9843,carb apple juice,apple juice,Fruit
9844,carb barbecue sauce,sauce,Additive
9845,carb bread,bread,Bakery
9846,carb elbow macaroni,macaroni,Cereal
9847,carb italian salad dressing,italian dressing,Condiment
9848,carb penne,pasta,Cereal
9849,carcass catfish,fish,Fish
9850,carcass meat,meat,Meat
9851,cardamom extract,cardamom,Spice
9852,cardini greek salad dressing,salad dressing,Dish
9853,cardoon water,water,Additive
9854,caribbean habenero sauce,sauce,Additive
9855,caribbean jerk seasoning seasoning,spice mix,Spice
9856,caribbean pepper sauce,pepper sauce,Condiment
9857,caribbean sauce jamaican hot,hot sauce,Condiment
9858,caribou rib,caribou,Meat
9859,caribou rump,caribou,Meat
9860,caribou steak,steak,Fish
9861,carl buddig beef meat,beef,Meat
9862,carnaroli arborio rice,arborio rice,Cereal
9863,carnauba paraffin wax,carnauba butter,Legume
9864,carne adovada mix,baking mix,Dish
9865,carne asada meat red,meat,Meat
9866,carne asada seasoning,spice mix,Spice
9867,carne seca beef,beef,Meat
9868,carob chocolate bar,chocolate bar,Plant
9869,carob syrup,syrup,Plant Derivative
9870,carom seed ajwain,ajwain,Spice
9871,carp fillet,fish,Fish
9872,carp roe,fish,Fish
9873,carr cracker,biscuit,Bakery
9874,carribean caribbean jerk seasoning,spice mix,Spice
9875,carribean jerk marinade,sauce,Additive
9876,carrom seed,cumin,Spice
9877,carrot broccoli mix,broccoli slaw,Flower
9878,carrot chunk,carrot,Vegetable
9879,carrot crosswise,carrot,Vegetable
9880,carrot french bean,green bean,Cereal
9881,carrot green,carrot,Vegetable
9882,carrot matchstick,carrot,Vegetable
9883,carrot puree,carrot,Vegetable
9884,casa italian meatball,meat,Meat
9885,casaba melon,melon,Fruit
9886,casbah brand gyro mix,baking mix,Dish
9887,cascabel chili,chili,Spice
9888,cascable chili,chili,Spice
9889,cashew milk,milk,Dairy
9890,cashew oil,cashew,Nuts and Seeds
9891,cashew peanut powder,peanut,Nuts and Seeds
9892,cassava starch,cassava,Vegetable
9893,cassia bud,beer,Beverage
9894,cassia cinnamon,cinnamon,Additive
9895,cassis liqueur,liqueur,Beverage-Alcoholic
9896,castelvetrano olive,olive,Plant
9897,caster sugar cake,sucrose,Additive-Sugar
9898,catalina dressing kraft,french dressing,Condiment
9899,catalina dressing russian,french dressing,Condiment
9900,catfish choice,catfish,Fish
9901,catfish halibut,halibut,Fish
9902,catfish meat,catfish,Fish
9903,catfish snapper too,catfish,Fish
9904,cava brut sparkling wine,wine,Beverage-Alcoholic
9905,cava white wine,wine,Beverage-Alcoholic
9906,cavatapi penne pasta,pasta,Cereal
9907,cave gruyere,gruyere,Dairy
9908,cavendars greek seasoning,allspice,Spice
9909,cavenders purpose greek seasoning salt yet,allspice,Additive-Salt
9910,caviar optional,caviar,Fish
9911,cavolo nero italian black cabbage,cabbage,Vegetable
9912,cayenne chili,cayenne pepper,Vegetable
9913,cayenne chili pepper flake,chili,Spice
9914,cayenne red pepper,chili pepper,Vegetable
9915,cayenne white pepper,chili pepper,Spice
9916,cedar mexican martini mix,allspice,Cereal
9918,celentano cheese tortellini,cheese,Dairy
9919,celery crosswise,celery,Herb
9920,celery diagonally,celery,Herb
9921,celery juice,celery,Herb
9922,celery salt brisket,celery salt,Spice
9923,celery soup,cream celery soup,Dish
9924,cellentani pasta,pasta,Dish
9925,cellophane casing,noodle,Dish
9927,celtic sea salt,sea salt,Additive-Salt
9929,center beef tenderloin roast,beef,Meat
9930,center beef tenderoin roast,roast beef,Meat
9931,center deli,lunch meat,Meat
9932,center king hawaiian bread,bread,Bakery
9933,center pork rib chop,pork,Meat
9934,center pork rib roast,pork,Meat
9935,center pork roast,pork,Meat
9936,center prime rib roast,prime rib,Meat
9937,center salmon fillet,salmon,Fish
9938,center tenderloin,beef,Meat
9939,centre pork chop,pork,Meat
9940,centre pork loin roast,pork,Meat
9941,cepe mushroom,mushroom,Fungi
9942,cereal biscuit crumb,cornflakes cereal,Maize
9943,cereal cream,cream,Cereal
9944,cereal cream whipping,whipped cream,Dairy
9945,cereal e bran corn flake,cereal,Cereal
9946,cereal flake,cereal,Cereal
9947,cereal mix,cereal,Cereal
9948,certo liquid pectin,liquid pectin,Additive
9949,ceylon earl grey,black tea,Condiment
9950,cha choy,bok choy,Vegetable
9951,chablis white,wine,Beverage-Alcoholic
9952,chablis white wine,wine,Beverage-Alcoholic
9953,chablis wine,wine,Beverage-Alcoholic
9954,chachery seasoning,allspice,Spice
9955,chai liqueur,liqueur,Beverage-Alcoholic
9956,challah bread cinnamon swirl,cinnamon roll,Bakery
9957,challah bread crumb breadcrumb,bread crumb,Bakery
9958,challah bread hawaiian,bread,Bakery
9959,challah egg bread weight cube,egg,Meat
9960,challah italian bread,bread,Bakery
9961,cham sauce nuoc,nuoc cham,Condiment
9962,chambord,liquor,Beverage-Alcoholic
9963,champagne brut,champagne,Beverage-Alcoholic
9964,champagne club soda,carbonated water,Beverage
9965,champagne grape,champagne,Beverage-Alcoholic
9966,champagne italian sparkling wine,wine,Beverage-Alcoholic
9967,champagne pineapple juice,pineapple,Beverage
9968,champagne prosecco,liquor,Beverage-Alcoholic
9969,champagne rest,champagne,Beverage-Alcoholic
9970,champagne salad dressing,salad dressing,Dish
9971,champagne sparkling wine,wine,Beverage-Alcoholic
9972,champagne yeast,champagne,Additive-Yeast
9973,chana,lentil,Legume
9974,chana dal bean,lentil,Legume
9975,chang salad dressing,salad dressing,Dish
9976,channa masala spice mix,allspice,Spice
9977,chanterelle mushroom oyster,mushroom,Fungi
9978,chanterelle mushroom porcini,mushroom,Fungi
9979,chanterelle mushroom roughly,mushroom,Fungi
9980,chapatti flour,flour,Cereal
9981,char pork,pork,Meat
9982,char siu,pork,Meat
9983,char siu pork roast,pork,Meat
9984,char steak,steak,Fish
9985,chardonnay,wine,Beverage-Alcoholic
9986,chardonnay white wine,wine,Beverage-Alcoholic
9987,chardonnay wine grigio,wine,Beverage-Alcoholic
9988,chardonnay wine sauvignon blanc,sauvignon blanc,Beverage-Alcoholic
9989,chardonnay wine white,wine,Beverage-Alcoholic
9990,chari phutana seed cumin,cumin,Spice
9991,charoli nut,nut,Nuts and Seeds
9992,chartreuse liqueur,liqueur,Beverage-Alcoholic
9993,chat masala oil vinegar,chat masala,Spice
9994,chavrie goat cheese garnishing,cheese,Dairy
9995,chayote squash lengthwise,chayote,Vegetable
9996,cheap,beer,Beverage
9997,cheap balsamic vinegar,balsamic vinegar,Additive-Vinegar
9998,cheap beer,beer,Beverage
9999,cheap crabmeat,crab,Seafood
10000,cheap dark liquor,dark chocolate,Plant
10001,cheap red wine,wine,Beverage-Alcoholic
10002,cheap steak,steak,Fish
10003,cheap whiskey,whiskey,Beverage-Alcoholic
10004,cheddar american cheese,cheese,Dairy
10005,cheddar bratwurst sausage,sausage,Dish
10006,cheddar cheese cilantro green onion,cheese,Dairy
10007,cheddar cheese curd,cheese,Dairy
10008,cheddar cheese dip,cheese,Dairy
10009,cheddar cheese oaxaca,cheese,Dairy
10010,cheddar cheese pepper jack,cheese,Dairy
10011,cheddar cheese rectangle,cheese,Dairy
10012,cheddar cheese sharp ideal,cheese,Dairy
10013,cheddar cheese soup cream,sauce,Additive
10014,cheddar cheese white,cheese,Dairy
10015,cheddar colby cheese,cheese,Dairy
10016,cheddar mozzarella cheese,cheese,Dairy
10017,cheddar swiss cheese,cheese,Dairy
10018,chee fah chile,chili,Spice
10019,cheerio oat cereal corn flake,cereal,Cereal
10020,cheese alfredo sauce,fettuccine alfredo sauce,Dish
10021,cheese cottage,cheese,Dairy
10022,cheese cream tomato green onion lettuce,lettuce,Vegetable
10023,cheese curd cheddar are yummy great,cheese,Dairy
10024,cheese curd white cheddar,cheese,Dairy
10025,cheese enchilada yummy red sauce,sauce,Additive
10026,cheese feta,cheese,Dairy
10027,cheese flavor spaghetti sauce,sauce,Additive
10028,cheese frosting,cheese,Dairy
10029,cheese garlic spaghetti sauce,sauce,Additive
10030,cheese gnocchi,cheese,Dairy
10031,cheese green chili pepper chilli,chili pepper,Vegetable
10032,cheese leek soup,cheese,Dish
10033,cheese monterey jack,monterey jack,Dairy
10034,cheese nip,cheese,Dairy
10035,cheese pizza mix,pizza,Bakery
10036,cheese ranch dressing,ranch dressing,Condiment
10037,cheese ravioli meat,ravioli,Dairy
10038,cheese salsa dip,sauce,Additive
10039,cheese sauce cheddar,cheese,Dairy
10040,cheese sauce mozzarella,mozzarella,Dairy
10041,cheese sauce queso,queso sauce,Condiment
10042,cheese soup chicken,cheese,Dish
10043,cheese soup mix,cheese,Dish
10044,cheese tart,cheese,Dairy
10045,cheese toast,cheese,Dairy
10046,cheese tortellini spinach,tortellini,Dish
10047,cheesecake yogurt,yogurt,Dairy
10048,cheez cracker,crackers,Bakery
10050,chef boyardee reg ; beef ravioli,beef,Meat
10051,cheriyaki glaze,sauce,Additive
10052,chermoula dressing,sauce,Additive
10053,chermoula marinade,marinade,Dish
10054,cherry advocaat,cherry,Additive
10055,cherry apricot,cherry,Additive
10056,cherry blossom,cherry,Additive
10057,cherry brandy liqueur,fruit brandy,Beverage-Alcoholic
10058,cherry chocolate bar,chocolate bar,Plant
10059,cherry compote juice,cherry juice,Beverage
10060,cherry green,cherry,Additive
10061,cherry heirloom tomato,tomato,Fruit
10062,cherry herring liqueur,cherry,Additive
10063,cherry jam apricot,jam,Fruit
10064,cherry jam raspberry,fruit preserves,Fruit
10065,cherry juice concentrate,cherry juice,Beverage
10066,cherry kijafa wine,wine,Beverage-Alcoholic
10067,cherry liqueur extract,cherry,Additive
10068,cherry liqueur nalewka babuni wine,wine,Beverage-Alcoholic
10069,cherry liquor,cherry,Additive
10070,cherry oil,oil,Additive
10071,cherry pepper pt,pimiento,Condiment
10072,cherry pepper too,pimiento,Condiment
10073,cherry pie,cherry pie,Dish
10074,cherry stem,cherry,Additive
10075,cherry vanilla pastry cream,cream,Dairy
10076,cherry whiskey,cherry,Additive
10078,chestnut meat,chestnut,Fruit
10079,chestnut spread,chestnut,Fruit
10080,chevre,cheese,Dairy
10081,chevre cheese cream,cheese,Dairy
10082,chevre cheese garlic,cheese,Dairy
10083,chevre cheese tomato dill green onion,cheese,Dairy
10084,chewy peasant bread,bread,Bakery
10085,chex cereal,granola cereal,Cereal
10086,chi seasoning mix,allspice,Spice
10087,chi taco seasoning green chilies onion,scallion,Herb
10088,chia powder,chili powder,Spice
10089,chiabatta type bread,bread,Bakery
10090,chianti wine chardonnay,chardonnay,Beverage-Alcoholic
10091,chick pea garbanzo bean,chickpea,Legume
10092,chicken bake yourself,chicken,Meat
10093,chicken base better than bouillon granule,bouillon cube,Meat
10094,chicken base prefer brand vegeta,chicken,Meat
10095,chicken base than bouillon might,bouillon cube,Meat
10096,chicken base water,chicken,Meat
10097,chicken beef broth,chicken,Meat
10098,chicken beef chorizo sausage,chorizo,Meat
10099,chicken beef tamale,beef tamale,Dish
10100,chicken below,chicken,Meat
10101,chicken blood vinegar,chicken,Meat
10102,chicken bouillon concentrate,bouillon cube,Meat
10103,chicken breast beef,chicken,Meat
10104,chicken breast broth,chicken,Meat
10105,chicken breast cheat chunk,chicken,Meat
10106,chicken breast chickien strip,chicken,Meat
10107,chicken breast chunk,chicken,Meat
10108,chicken breast half meat,chicken,Meat
10109,chicken breast half rotissiere,chicken,Meat
10110,chicken breast lengthwise,chicken,Meat
10111,chicken breast like,chicken,Meat
10112,chicken breast pepper,chicken,Meat
10113,chicken breast rotisserie work great,chicken,Meat
10114,chicken breast salt,chicken,Meat
10115,chicken breast salt pepper,chicken,Meat
10116,chicken breast stock,chicken,Meat
10117,chicken breast tip,chicken,Meat
10118,chicken breast turkey bacon,chicken,Meat
10119,chicken breast white meat only,chicken,Meat
10120,chicken breast yourself,chicken,Meat
10121,chicken broccoli flavor rice roni,rice,Cereal
10122,chicken broth bouillon,chicken,Meat
10123,chicken broth italian herb,chicken,Meat
10124,chicken broth powder,chicken,Meat
10125,chicken broth vegetable,chicken,Dish
10126,chicken bullion optional,chicken,Meat
10127,chicken carcass meat,chicken,Meat
10128,chicken carcass meat remaining,chicken,Meat
10129,chicken cheese enchilada soup,cheese,Dish
10130,chicken chilli,chicken,Meat
10131,chicken chilli chili,chicken,Meat
10132,chicken coating mix,spice mix,Spice
10133,chicken consomme seasoning mix,spice mix,Spice
10134,chicken consomme soup seasoning mix,spice mix,Spice
10135,chicken consomme tomato soup,tomato soup,Dish
10136,chicken consomme water,chicken,Meat
10137,chicken crackling,chicken,Meat
10138,chicken cube bouillon soup,bouillon cube,Meat
10139,chicken curry,chicken,Meat
10140,chicken dark meat,chicken,Meat
10141,chicken demi glace,demi-glace,Condiment
10142,chicken fajita seasoning,chicken,Meat
10143,chicken filling,chicken,Meat
10144,chicken flavor rice vermicelli mix,spice mix,Spice
10145,chicken garlic rice vermicelli mix,spice mix,Spice
10146,chicken ham,chicken,Meat
10147,chicken ham stock,chicken,Meat
10148,chicken lamb stock,chicken,Meat
10149,chicken large,chicken,Meat
10150,chicken leg breast,chicken,Meat
10151,chicken leg quarter water,chicken,Meat
10152,chicken marinade,chicken,Meat
10153,chicken marinade lea,chicken,Meat
10154,chicken meat rotisserie,rotisserie chicken,Meat
10155,chicken mid joint wing,chicken,Meat
10156,chicken mince,chicken,Meat
10157,chicken optional,chicken,Meat
10158,chicken oxo,chicken,Meat
10159,chicken pasta,chicken,Meat
10160,chicken pork,chicken,Meat
10161,chicken pork butt,pork,Meat
10162,chicken pork stock,chicken,Meat
10163,chicken pot roast,chicken,Meat
10164,chicken potato chip,potato chip,Dish
10165,chicken prefer,chicken,Meat
10166,chicken ramen noodle soup,chicken,Meat
10167,chicken ravioli,chicken,Meat
10168,chicken rice mix roni,spice mix,Spice
10169,chicken roast,rotisserie chicken,Meat
10170,chicken rotisserie,rotisserie chicken,Meat
10171,chicken salami pork,chicken,Meat
10172,chicken salt,salt,Additive
10173,chicken sausage garlic flavor,garlic sausage,Meat
10174,chicken sausage spinach,andouille,Meat
10175,chicken sausage turkey,turkey,Meat
10176,chicken schnitzel,chicken,Meat
10177,chicken seitan,chicken,Meat
10178,chicken shake n bake,chicken,Meat
10179,chicken shrimp,chicken,Meat
10180,chicken souvlaki wrap,chicken,Meat
10181,chicken spinach sausage,andouille,Meat
10182,chicken stew,chicken,Meat
10183,chicken stock base powder mix,chicken,Meat
10184,chicken stock basic,chicken,Meat
10185,chicken stock be,chicken,Meat
10186,chicken stock better,chicken,Meat
10187,chicken stock broth okay,chicken,Meat
10188,chicken stock chili,chicken,Meat
10189,chicken stock cube powder,chicken,Meat
10190,chicken stock etc,chicken,Meat
10191,chicken stock extra,chicken,Meat
10192,chicken stock fillet,chicken,Meat
10193,chicken stock giblet,chicken,Meat
10194,chicken stock gluten,chicken,Meat
10195,chicken stock half,chicken,Meat
10196,chicken stock home,chicken,Meat
10197,chicken stock hot,chicken,Meat
10198,chicken stock ideally,chicken,Meat
10199,chicken stock instead,chicken,Meat
10200,chicken stock may,chicken,Meat
10201,chicken stock may fish,chicken,Meat
10202,chicken stock mix,chicken,Meat
10203,chicken stock my,chicken,Meat
10204,chicken stock not broth,chicken,Meat
10205,chicken stock optional,chicken,Meat
10206,chicken stock ordinary bullion cube are salty,chicken,Meat
10207,chicken stock oxo cube,chicken,Meat
10208,chicken stock parmesan cheese,cheese,Dairy
10209,chicken stock powder cube,chicken,Meat
10210,chicken stock powder cube instead,chicken,Meat
10211,chicken stock powder water,chicken,Meat
10212,chicken stock reduction,chicken,Meat
10213,chicken stock reduction bouillon water,chicken,Meat
10214,chicken stock salt broth,chicken,Dish
10215,chicken stock salt pepper,chicken,Spice
10216,chicken stock soup base that choice,chicken,Meat
10217,chicken stock sub beef broth,chicken,Meat
10218,chicken stock thigh,chicken,Meat
10219,chicken stock try,chicken,Meat
10220,chicken stock up,chicken,Meat
10221,chicken stock vegetarian,chicken,Dish
10222,chicken stock water base,chicken,Meat
10223,chicken stock water bouillon cube,bouillon cube,Meat
10224,chicken stock water boullion granule,chicken,Meat
10225,chicken stock white,chicken,Meat
10226,chicken stock will,chicken,Meat
10227,chicken strip breast meat,chicken,Meat
10228,chicken taco meat,chicken,Meat
10229,chicken tamale,chicken,Meat
10230,chicken tamale beef,beef tamale,Dish
10231,chicken tender strip,chicken,Meat
10232,chicken tender tenderloin,chicken,Meat
10233,chicken tender tyson,chicken,Meat
10234,chicken that,chicken,Meat
10235,chicken thigh breast,chicken,Meat
10236,chicken thigh lengthwise,chicken,Meat
10237,chicken thigh meat,chicken,Meat
10238,chicken thigh smallest soak up most sauce,chicken,Meat
10239,chicken topping,chicken,Meat
10240,chicken tortellini,chicken,Meat
10241,chicken tortellini cheese,tortellini,Dish
10242,chicken turkey sausage,turkey,Meat
10243,chicken usually boil breast,chicken,Meat
10244,chicken vegetable are,chicken,Dish
10245,chicken vegetable broth,chicken,Dish
10246,chicken vegetable choice,chicken,Dish
10247,chicken wild rice,wild rice,Dish
10248,chicken wing drumettes,chicken,Meat
10249,chickpea aka garbanza bean,chickpea,Legume
10250,chickpea bean,chickpea,Legume
10251,chickpea juice,chickpea,Legume
10252,chickpea noodle,chickpea,Legume
10253,chief green seasoning,sauce,Additive
10254,chihuaua cheese,cheese,Dairy
10255,chile cayenne,cayenne pepper,Vegetable
10256,chile chili powder,chili powder,Spice
10257,chile con queso,chile con queso,Condiment
10258,chile garlic butter,garlic butter,Dairy
10259,chile jalapeno,jalapeno,Spice
10260,chile jelly below,chili,Spice
10261,chile lime marinade,lime,Fruit
10262,chile negro,chili,Spice
10263,chile pepper thai chili sauce,thai chili,Vegetable
10264,chile puree,chili,Spice
10265,chile sauce without bean,sauce,Additive
10266,chile seasoning,chili,Spice
10267,chile seed,chili,Spice
10268,chile vinaigrette,chile vinaigrette,Additive
10270,chilean sauvignon blanc,wine,Beverage-Alcoholic
10271,chili aji,chili,Spice
10272,chili beef bean,beef,Meat
10273,chili beef soup,beef soup,Dish
10274,chili cheese flavor corn chip,corn chip,Maize
10275,chili cheese flavor fritos corn chip,corn chip,Maize
10276,chili depending how,chili,Spice
10277,chili flake adjust,chili,Spice
10278,chili flake black,chili,Spice
10279,chili flake fun,chili,Spice
10280,chili flake hot,chili,Spice
10281,chili flake optional,chili,Spice
10282,chili flake pepper,chili,Spice
10283,chili flake red,chili,Spice
10284,chili flake tsp,chili,Spice
10285,chili flavor ranch black bean,black bean,Legume
10286,chili garlic lime marinade,hot sauce,Condiment
10287,chili garlic sauce better,hot sauce,Condiment
10288,chili garlic sauce brand,hot sauce,Condiment
10289,chili garlic sauce chilies red flake,chili sauce,Condiment
10290,chili garlic sauce eat spicy,hot sauce,Condiment
10291,chili garlic sauce market,hot sauce,Condiment
10292,chili garlic sauce rooster brand,hot sauce,Condiment
10293,chili garlic sauce sambal olek,hot sauce,Condiment
10294,chili garlic sauce soybean paste,hot sauce,Condiment
10295,chili hot pepper oil,chili pepper,Vegetable
10296,chili lime salsa,salsa verde,Condiment
10297,chili mayo,mayonnaise,Condiment
10298,chili meat,meat,Meat
10299,chili meat bean,chili bean,Dish
10300,chili mixture,chili,Spice
10301,chili n't mince,chili,Spice
10302,chili oil cayenne,chili oil,Plant Derivative
10303,chili oil cayenne salad,chili oil,Plant Derivative
10304,chili oil flake,chili oil,Plant Derivative
10305,chili oil layu,chili oil,Plant Derivative
10306,chili oil much heat,chili oil,Plant Derivative
10307,chili oil neutral,chili oil,Plant Derivative
10308,chili oil olive powder,chili oil,Plant Derivative
10309,chili oil peanut,peanut oil,Plant
10310,chili oil rayu,chili oil,Plant Derivative
10311,chili oil sauce,chili paste,Condiment
10312,chili oil variety,chili oil,Plant Derivative
10313,chili paste asian sauce,sauce,Additive
10314,chili paste basil leaf,basil,Herb
10315,chili paste bean,chili bean,Dish
10316,chili paste chilli,chili oil,Plant Derivative
10317,chili paste chilli water,chili oil,Plant Derivative
10318,chili paste flake,chili,Spice
10319,chili paste oil,chili oil,Plant Derivative
10320,chili paste oriental,chili oil,Plant Derivative
10321,chili paste pepper,chili,Spice
10322,chili paste pepper sauce,chili paste,Condiment
10323,chili paste powder,chili powder,Spice
10324,chili paste prik pao,chili oil,Plant Derivative
10325,chili paste prik pao oil,nam phrik,Condiment
10326,chili paste puree,chili oil,Plant Derivative
10327,chili paste red chilies,chili paste,Vegetable
10328,chili paste red pepper,chili paste,Vegetable
10329,chili paste serrano,serrano pepper,Vegetable
10330,chili paste soybean oil,chili oil,Plant Derivative
10331,chili paste water,chili oil,Plant Derivative
10332,chili pepper flake heat,chili,Spice
10333,chili pepper flake jalapeno,chili,Spice
10334,chili pepper jam,chili,Spice
10335,chili pepper pasta,chili,Spice
10336,chili pepper poblano preferably,chili,Spice
10337,chili pepper sauce,chili paste,Condiment
10338,chili pepper sauce thai garlic,sauce,Additive
10339,chili relish,chili,Spice
10340,chili sauce brown sugar,brown sugar,Additive-Sugar
10341,chili sauce chilli do n't like too spicy,chili paste,Condiment
10342,chili sauce duck,chili paste,Condiment
10343,chili sauce mix,chili paste,Condiment
10344,chili sauce per,chili paste,Condiment
10345,chili sauce thai chli,sweet chili sauce,Condiment
10346,chili save remainder,chili,Spice
10347,chili seasoning mix mccormick seasoning,chili powder,Spice
10348,chili seasoning mix pepper,chili powder,Spice
10349,chili spicy,chili beans,Legume
10350,chili tomato,tomato,Vegetable
10351,chili turkey,chili,Spice
10352,chili type bean black,black bean,Legume
10353,chili vinegar,vinegar,Plant Derivative
10354,chilies below,chili,Spice
10355,chilies chili,chili,Spice
10356,chilies chili oil,chili oil,Plant Derivative
10357,chilies chilli powder,chili,Spice
10358,chilies like poblanos jalapeno bell pepper,chili pepper,Vegetable
10359,chilies overnight,chili,Spice
10360,chilies red chili pepper flake,chili,Spice
10361,chilies roughly,chili,Spice
10362,chilies sauce,adobo,Additive
10363,chilies thai red chili pepper,chili,Spice
10364,chilies wish,chili,Spice
10365,chilli chip,chili,Spice
10366,chilli dipping sauce,dipping sauce,Condiment
10367,chilli juice,juice,Beverage
10368,chilly chili pepper flake,chili,Spice
10369,chilpotle chili,chili,Spice
10370,chimichurri master mix rub,spice mix,Spice
10371,chimichurri sauce scallion,sauce,Additive
10372,chimichurri seasoning,spice mix,Spice
10373,china grass,agar,Essential Oil
10374,chinata paprika,paprika,Vegetable
10375,chinese,chinese cabbage,Vegetable
10376,chinese barbeque sauce,chinese barbecue sauce,Condiment
10377,chinese bean garlic sauce,sauce,Additive
10378,chinese bellflower sesame oil,sesame oil,Essential Oil
10379,chinese black mushroom without stem,mushroom,Fungi
10380,chinese brown bean sauce,sauce,Additive
10381,chinese brown bean sauce tenmienjan,sauce,Additive
10382,chinese cabbage choy,cabbage,Vegetable
10383,chinese chili bean sauce,sauce,Additive
10384,chinese chili oil,chili oil,Plant Derivative
10385,chinese chive green,chive,Vegetable
10386,chinese dark sesame oil,sesame oil,Essential Oil
10387,chinese dark soy sauce,sauce,Additive
10388,chinese duck,peking duck,Meat
10389,chinese duck sauce apricot fruit spread,duck,Meat
10390,chinese duck sausage,sausage,Dish
10391,chinese egg noodle ramen,pasta,Cereal
10392,chinese egg wrap,egg,Meat
10393,chinese fish sauce,sauce,Additive
10394,chinese flat rice noodle pho,noodle,Cereal
10395,chinese flower pepper market,pepper,Spice
10396,chinese garlic chive,chive,Vegetable
10397,chinese green,mustard,Spice
10398,chinese gunpowder green tea,green tea,Beverage
10399,chinese hot soup,mustard,Spice
10400,chinese jujube,red dates,Fruit
10401,chinese marinade,marinade,Dish
10402,chinese mein noodle,noodle,Cereal
10403,chinese moo,moo shu,Dish
10404,chinese mushroom thinly,mushroom,Fungi
10405,chinese mustard pickle,mustard,Spice
10406,chinese noodle market,noodle,Cereal
10407,chinese noodle spaghetti,noodle,Cereal
10408,chinese olive,olive,Plant
10409,chinese parsley root,parsley,Spice
10410,chinese pepper sauce,pepper sauce,Condiment
10411,chinese pork sausage,sausage,Dish
10412,chinese red bean curd,red bean,Legume
10413,chinese red chili pepper do n't eat these,chili pepper,Vegetable
10415,chinese red pepper oil,capsicum,Vegetable Fruit
10416,chinese red pepper powder,korean chile pepper,Spice
10417,chinese red rice wine,rice wine,Beverage-Alcoholic
10418,chinese rice cooking wine,rice wine,Beverage-Alcoholic
10419,chinese rice wine mirin,rice wine,Beverage-Alcoholic
10420,chinese rice wine vinegar,rice wine,Beverage-Alcoholic
10421,chinese roast duck meat,peking duck,Meat
10422,chinese sauce,chili sauce,Condiment
10423,chinese sausage diagonally,sausage,Dish
10424,chinese sausage lap cheong,sausage,Dish
10425,chinese sausage thinly,sausage,Dish
10426,chinese soy sauce,sauce,Additive
10427,chinese stew meat,stew meat,Meat
10428,chinese vegetable bamboo shoot,bamboo shoot,Plant
10429,chinese vegetable omit,vegetable,Vegetable
10430,chinese vermicelli,pasta,Cereal
10431,chinese vinegar,vinegar,Plant Derivative
10432,chinese wheat flour noodle,pasta,Cereal
10433,chinese white rice vinegar cider not,rice wine,Beverage-Alcoholic
10434,chinese white rice vinegar wine,rice wine,Beverage-Alcoholic
10435,chinese winter melon,melon,Fruit
10436,chinese yam,yam,Vegetable
10437,chinese yard bean,beans,Legume
10438,chinese yardlong bean,beans,Legume
10439,chip bite,biscuit,Bakery
10440,chip carrot,carrot,Vegetable
10441,chip cookie,biscuit,Bakery
10443,chip pretzel,potato chip,Bakery
10444,chip steak,steak,Fish
10445,chiplote tabasco pepper sauce,tabasco sauce,Condiment
10446,chipolata beef sausage,sausage,Dish
10447,chipotle,chipotle,Spice
10448,chipotle adobo,chipotle chile in adobo,Vegetable
10449,chipotle cheddar cheese pepperjack,cheese,Dairy
10450,chipotle chicken sausage,andouille,Meat
10451,chipotle chile pepper make,chipotle,Spice
10452,chipotle chile sauce,chipotle,Spice
10453,chipotle chili adobo sauce,adobo,Additive
10454,chipotle chili pepper flake,chili,Spice
10455,chipotle chili powder,chipotle,Spice
10456,chipotle chili rub seasoning,chili powder,Spice
10457,chipotle chili sauce jalapeno juice,sauce,Additive
10458,chipotle chili seasoning,chili powder,Spice
10459,chipotle chili seasoning mix,chili powder,Spice
10460,chipotle cream,sauce,Additive
10461,chipotle cream sauce,sauce,Additive
10462,chipotle lime,lime,Fruit
10463,chipotle lime rub seasoning,spice mix,Spice
10464,chipotle pepper sauce,adobo,Additive
10465,chipotle pepper tortilla,chipotle,Spice
10466,chipotle powder adjust,chipotle,Spice
10467,chipotle powder chili,chipotle,Spice
10468,chipotle powder garlic,garlic,Herb
10469,chipotle powder hot,chili powder,Spice
10470,chipotle powder ingredient,chipotle,Spice
10471,chipotle powder paprika,chipotle,Spice
10472,chipotle powder salt,chipotle,Spice
10473,chipotle puree,sauce,Additive
10474,chipotle salad dressing,salad dressing,Dish
10475,chipotle seasoning,spice mix,Spice
10476,chirongi nut,nut,Nuts and Seeds
10477,chitarra pasta,pasta,Cereal
10478,chive cream cheese,sour cream,Dairy
10479,chive green onion,scallion,Herb
10480,chive onion cream cheese spread,sour cream,Dairy
10481,chocalote cookie crumb,amaretti di saronno,Dish
10482,choco bake,cake,Meat
10483,chocolate almond,chocolate,Plant Derivative
10484,chocolate almond bark,chocolate,Plant Derivative
10485,chocolate almond coffee flavor,chocolate covered coffee bean,Plant Derivative
10486,chocolate almond extract,almond,Nuts and Seeds
10487,chocolate bar milk,chocolate bar,Plant
10488,chocolate bread,chocolate,Plant Derivative
10489,chocolate butter cake mix,cake,Dish
10490,chocolate buttercream icing,chocolate cream,Additive
10491,chocolate cake mix batter,cake,Dish
10492,chocolate cake mix without pudding,cake,Dish
10493,chocolate candy melt,chocolate,Plant Derivative
10494,chocolate candy sprinkle,chocolate,Plant Derivative
10495,chocolate chip cookie,chocolate chip,Additive
10496,chocolate chip dark,dark chocolate,Plant
10497,chocolate coarsely,chocolate,Plant Derivative
10498,chocolate cookie crumb vanilla,vanilla wafer,Dish
10499,chocolate cookie pie crust,crust,Bakery
10500,chocolate cool whip,chocolate cream,Dairy
10501,chocolate couverture,chocolate,Plant Derivative
10502,chocolate cream,chocolate ice cream,Dish
10503,chocolate crumb crust,cake,Bakery
10504,chocolate crumb crust below,cake,Bakery
10505,chocolate crust,cake,Bakery
10506,chocolate cupcake,chocolate,Plant Derivative
10507,chocolate custard,chocolate,Plant Derivative
10508,chocolate decorative candy,chocolate,Plant Derivative
10509,chocolate devil cake mix,cake,Dish
10510,chocolate digestive biscuit,biscuit,Bakery
10511,chocolate easter egg,egg,Meat
10512,chocolate english toffee bar,chocolate bar,Plant
10513,chocolate extract,chocolate,Plant Derivative
10514,chocolate extract more vanilla,vanilla extract,Additive
10515,chocolate filling,chocolate,Plant Derivative
10516,chocolate flavor crisp rice cereal,cereal,Cereal
10517,chocolate flavor nesquik powder drink mix,chocolate,Plant Derivative
10518,chocolate flavoring extract,chocolate,Plant Derivative
10519,chocolate frog,chocolate,Plant Derivative
10520,chocolate fudge pudding,chocolate,Plant Derivative
10521,chocolate gingersnap,chocolate,Plant Derivative
10522,chocolate graham pie crust,graham cracker crust,Bakery
10523,chocolate graham wafer pie crust,graham cracker crust,Bakery
10524,chocolate hazelnut cream wafer,chocolate ice cream,Dish
10525,chocolate hazelnut gelato,chocolate,Plant Derivative
10526,chocolate hazelnut neutella,chocolate,Plant Derivative
10527,chocolate hershey syrup,chocolate sauce,Plant Derivative
10528,chocolate leaf,chocolate,Plant Derivative
10529,chocolate liqueur brandy,brandy,Beverage-Alcoholic
10530,chocolate liqueur white,liquor,Beverage-Alcoholic
10531,chocolate magic shell ice cream topping,chocolate ice cream,Dish
10532,chocolate milk powder,chocolate milk,Beverage
10533,chocolate mint,mint,Additive
10534,chocolate mint cooky,biscuit,Additive
10535,chocolate mint extract,mint,Herb
10536,chocolate mint sandwich cookie,biscuit,Additive
10537,chocolate more,chocolate,Plant Derivative
10538,chocolate muffin mix,chocolate pudding,Dish
10539,chocolate nut,chocolate,Plant Derivative
10540,chocolate nutella,chocolate,Plant Derivative
10541,chocolate oetker pudding powder cocoa,cocoa,Seed
10542,chocolate oreo cookie crumb,biscuit,Dish
10543,chocolate pastry cream,chocolate cream,Dairy
10544,chocolate peanut butter,peanut butter,Additive
10545,chocolate potato frosting,chocolate cream,Additive
10546,chocolate protein powder,chocolate,Plant Derivative
10547,chocolate raspberry rasberry syrup,chocolate sauce,Plant Derivative
10548,chocolate ripple ice cream,chocolate ice cream,Dish
10549,chocolate rollettes,chocolate,Plant Derivative
10550,chocolate sandwich,chocolate,Plant Derivative
10551,chocolate sandwich cooky crumb,biscuit,Bakery
10552,chocolate shaving optional,chocolate,Plant Derivative
10553,chocolate sorbet,chocolate,Plant Derivative
10554,chocolate soymilk,chocolate,Plant Derivative
10555,chocolate sprinkle hagelslaag,chocolate,Plant Derivative
10556,chocolate square mexican,chocolate,Plant Derivative
10557,chocolate star,chocolate,Plant Derivative
10558,chocolate syrup caramel sauce,chocolate sauce,Plant Derivative
10559,chocolate syrup cocoa sauce,chocolate sauce,Plant Derivative
10560,chocolate syrup sauce,chocolate sauce,Plant Derivative
10561,chocolate topping,chocolate,Plant Derivative
10562,chocolate wafer crumb syrup,chocolate sauce,Plant Derivative
10563,chocolate wafer pie crust,crust,Bakery
10564,choconostle fruit,pear,Fruit
10565,choice chicken,chicken,Meat
10566,choice chunky pasta sauce,sauce,Additive
10567,choice pizza topping,pizza,Herb
10568,choice taco shell,taco shell,Bakery
10569,choice vegetable,vegetable,Vegetable
10570,chokecherry syrup,syrup,Plant Derivative
10571,cholesterol egg noodle,egg,Meat
10572,cholesterol egg noodle weight,egg,Meat
10573,cholesterol egg product,egg,Meat
10574,cholesterol egg substitute,egg,Meat
10575,cholula brand sauce,sauce,Additive
10576,chop meat,meat,Meat
10577,chop suey,lamb,Meat
10578,chorizo italian sausage,chorizo,Meat
10579,chorizo link,chorizo,Meat
10580,chorizo mexican,chorizo,Meat
10581,chorizo sausage mexican,chorizo,Meat
10582,chorizo will be up,chorizo,Meat
10583,chow fun,pasta,Cereal
10584,chow fun noodle,pasta,Cereal
10585,chow fun rice noodle,pasta,Cereal
10586,chow mein,pasta,Cereal
10587,chow mein noodle breadcrumb,pasta,Cereal
10588,chow mein noodle type,pasta,Cereal
10589,chow mein stir fry noodle,pasta,Cereal
10590,choy chow,bok choy,Vegetable
10591,choy chow mein noodle,pasta,Cereal
10592,choy garlic ginger stir fry sauce,sauce,Additive
10593,choy rice noodle,pasta,Cereal
10594,choy sauce,sauce,Additive
10595,christie toppable cracker,cracker,Bakery
10596,christy greek salad dressing,salad dressing,Dish
10597,chuck blade roast,chuck roast,Dish
10598,chuck extra beef,chuck steak,Meat
10599,chuck meat,meat,Meat
10601,chuck pork beef,chuck steak,Meat
10602,chuck roast beef,chuck steak,Meat
10603,chuck roast vegetable oil,vegetable oil,Plant Derivative
10604,chuck sirloin,sirloin steak,Meat
10605,chuck steak meat,chuck steak,Meat
10606,chuck steak roast,chuck roast,Dish
10607,chuck tender roast,chuck roast,Dish
10608,chump pork steak chop,pork,Meat
10609,chunk celery,celery,Vegetable
10610,chunk chicken breast,chicken,Meat
10611,chunk chicken turkey,chicken,Meat
10612,chunk gingerroot,ginger,Spice
10613,chunk meat,meat,Meat
10614,chunk pineapple juice,pineapple,Beverage
10615,chunk salami,salami,Fish
10616,chunk white chicken,chicken,Meat
10617,chunk white onion,white onion,Vegetable
10618,chunk white tuna,tuna,Fish
10619,chunk winter squash,butternut squash,Fruit
10620,chunky,chocolate,Plant Derivative
10621,chunky bleu cheese salad dressing,salad dressing,Dish
10622,chunky garden combination pasta sauce,sauce,Additive
10623,chunky guacamole,avocado,Dish
10624,chunky marinara sauce,sauce,Additive
10625,chunky marinara sauce home,sauce,Additive
10626,chunky pasta sauce mushroom,sauce,Additive
10627,chunky picante sauce,sauce,Additive
10628,chunky pizza sauce,sauce,Additive
10629,chunky rag pasta sauce,sauce,Additive
10630,chunky salsa taco sauce,sauce,Additive
10631,chunky spaghetti sauce marinara,tomato sauce,Condiment
10632,chunky tomato,tomato,Vegetable
10633,chunky tomato basil pasta sauce,sauce,Additive
10634,chunky tomato garlic onion sauce,tomato sauce,Condiment
10635,chutney sauce,sauce,Additive
10636,ciabatta choice bread,bread,Bakery
10637,ciabatta each,bread,Bakery
10638,ciabatta horizontally,bread,Bakery
10639,ciabatta italian bread,bread,Bakery
10640,ciabatta sandwich bun,bread,Bakery
10641,ciabatta white bread,bread,Bakery
10642,ciclon tequila,tequila,Beverage-Alcoholic
10643,cilantro lime butter,butter,Dairy
10644,cilantro lime vinaigrette,coriander,Herb
10645,cilantro root chinese parsley,coriander,Herb
10646,cilantro root leaf,coriander,Herb
10647,cinnabon cinnamon,cinnamon,Additive
10648,cinnamon almond cookie,cinnamon,Additive
10649,cinnamon apple tea,cinnamon,Additive
10650,cinnamon applesauce,sauce,Additive
10651,cinnamon baking chip chocolate morsel,chocolate chip,Additive
10652,cinnamon cream,cinnamon,Additive
10653,cinnamon dough,cinnamon,Additive
10654,cinnamon extract,cinnamon,Additive
10655,cinnamon liquor,cinnamon,Additive
10656,cinnamon raisin bread ezekial,bread,Bakery
10657,cinnamon raisin bread sunmaid,bread,Bakery
10658,cinnamon sugar vanilla,vanilla sugar,Additive-Sugar
10659,cinnamon tea,cinnamon,Additive
10660,cinnamon toast cereal,cinnamon,Additive
10661,cinnamon toast crunch cereal,cinnamon,Additive
10662,cinnamon toast crunch cereal wheat rice,cereal,Cereal
10663,cinnamon yogurt,cinnamon,Additive
10664,cipollini onion italian pearl,pearl onion,Vegetable
10665,citric acid ph canning,lemon,Spice
10666,citric lemon juice,lemonade,Beverage
10667,citric organic lemon,lemon,Fruit
10668,citric salt,salt,Additive
10669,citric water,water,Additive
10670,citron liqueur,citron,Fruit
10671,citronge orange liqueur,curacao liqueur,Beverage-Alcoholic
10672,citrus fruit,citrus fruit,Fruit
10673,citrus fruit juice,passion fruit,Fruit
10674,citrus fruit oil,oil,Additive
10675,citrus liqueur van der hum,liqueur,Beverage-Alcoholic
10676,citrus peel glace fruit,fruit peel,Fruit
10677,citrus ranch dressing,ranch dressing,Condiment
10678,citrus seafood rub,spice mix,Spice
10679,citrus sorbet choice,lemon,Beverage
10680,citrus vinaigrette below,wine,Beverage-Alcoholic
10681,citrus vinaigrette dressing,wine,Beverage-Alcoholic
10682,citrus zest optional,lemon,Fruit
10683,cj korean bbq bulgogi marinade,beef marinade,Dish
10684,cl tequila,tequila,Beverage-Alcoholic
10685,clam base,clam,Seafood
10686,clam juice chicken broth,chicken,Meat
10687,clam juice chicken stock,chicken,Meat
10688,clam juice per person,clam juice,Beverage-Alcoholic
10689,clam meat,clam,Seafood
10690,clamato juice e tomato combination,tomato juice,Vegetable
10691,clamato juice tomato clam,clam juice,Beverage-Alcoholic
10692,clamshell mushroom,mushroom,Fungi
10693,clara ole classic onion garlic pasta sauce,sauce,Additive
10694,classic beef ravioli,beef,Dish
10695,classic hamburger bun,hamburger,Bakery
10696,classic lime jose cuervo margarita mix,spice mix,Spice
10697,classic marinade,marinade,Dish
10698,classico alfredo sun tomato,tomato,Dish
10699,classico cheese pasta sauce,sauce,Additive
10700,classico di genoa pasta sauce pesto,sauce,Additive
10701,classico four cheese pasta sauce,sauce,Additive
10702,classico pasta sauce olive,sauce,Additive
10703,classico spicy red pepper pasta sauce,sauce,Additive
10704,classico spicy red pepper spaghetti sauce,sauce,Additive
10705,classico sun tomato basil pasta sauce,sauce,Additive
10706,classico tomato spaghetti sauce,tomato sauce,Condiment
10707,clay flower pot,barley,Cereal
10709,clean scallop shell,scallop,Seafood
10710,clear agave nectar,agave nectar,Additive
10711,clear beef stock,beef stock,Meat
10712,clear chinese rice wine,rice wine,Beverage-Alcoholic
10714,clear italian salad dressing,italian dressing,Condiment
10715,clear jel not sure jell,honey,Plant Derivative
10716,clearjel starch,potato starch,Vegetable
10717,clementine orange,orange,Fruit
10718,clingstone peach,peach,Fruit
10719,clix biscuit,biscuit,Bakery
10720,cloud berry syrup,berry,Berry
10721,cloudberry raspberry,raspberry,Fruit
10722,clover leaf crab crabmeat,crab,Seafood
10723,club,carbonated water,Beverage
10724,club greek seasoning,spice mix,Spice
10725,club house,carbonated water,Beverage
10726,club house beef seasoning,spice mix,Spice
10727,club house greek seasoning,spice mix,Spice
10728,club house italiano seasoning,spice mix,Spice
10729,club house seasoning mix,spice mix,Spice
10730,club italian,parsley,Spice
10731,club soda cream,carbonated water,Beverage
10732,club soda sprite,carbonated water,Beverage
10733,clubhouse italiano seasoning,spice mix,Spice
10734,clubhouse spicy pepper medley,red chili pepper,Vegetable
10735,cluster bean,bean,Legume
10736,coarsely ice cube,ice,Additive
10737,coarsely torn bread,bread,Bakery
10738,coarsely torn spinach leaf,spinach,Vegetable
10739,coarsley corn chip,corn chip,Maize
10740,cobb loaf vienna bread,bread,Bakery
10741,cobbler topping,spice mix,Spice
10742,coca cola chicken,chicken,Meat
10743,coca cola classic,soft drink,Beverage
10744,coca cola dr pepper,pepper,Spice
10745,coca cola pepsi,soft drink,Beverage
10746,coca cola water,water,Additive
10747,cocktail frankfurter,sausage,Dish
10748,cocktail fruit green cherry lemon,cherry,Additive
10749,cocktail gherkin,fruit cocktail,Beverage
10750,cocktail like hillshire farm beef lit,beef,Meat
10751,cocktail mix margarita,spice mix,Spice
10752,cocktail pumpernickel bread,bread,Bakery
10753,cocktail sausage,sausage,Dish
10754,cocktail sausage link,sausage,Dish
10755,cocktail shrimp,shrimp,Seafood
10757,cocktail vienna sausage,sausage,Dish
10758,cocktail wiener,sausage,Dish
10759,coco lopez milk,milk,Dairy
10760,coco pop cereal krispies,granola cereal,Cereal
10761,cocoa bean,bean,Legume
10762,cocoa butter,butter,Dairy
10763,cocoa drinking chocolate,chocolate,Plant Derivative
10764,cocoa krispies cereal,cocoa,Seed
10765,cocoa may,cocoa,Seed
10766,cocoa milk mix,cocoa,Seed
10767,cocoa mix serving,cocoa,Seed
10768,cocoa more,cocoa,Seed
10769,cocoa nib,cocoa,Seed
10770,cocoa powder dark,dark chocolate,Plant
10771,cocoa powder dark chocolate,dark chocolate,Plant
10772,cocoa powder not,cocoa,Seed
10773,cocoa powder optional,cocoa,Seed
10774,cocoa powder red,cocoa,Seed
10775,cocoa sugar,sugar,Additive
10776,coconut cake,cake,Bakery
10777,coconut cream powder,coconut milk,Fruit
10778,coconut cupcake,cake,Bakery
10779,coconut extract almond,almond,Nuts and Seeds
10780,coconut extract kick,coconut,Beverage
10781,coconut extract vanilla,vanilla extract,Additive
10782,coconut flavoring vanilla extract,vanilla extract,Additive
10783,coconut frosting,coconut cream,Additive
10784,coconut golden brown,coconut,Additive-Sugar
10785,coconut green,coconut,Beverage
10786,coconut heavy syrup,syrup,Dish
10787,coconut jelly,coconut,Beverage
10788,coconut juice orange,orange juice,Fruit
10789,coconut juice soda,coconut,Beverage
10790,coconut leaf banana,banana,Fruit
10791,coconut mango jasmine rice,jasmine rice,Cereal
10792,coconut milk optional,coconut milk,Fruit
10793,coconut milk stuff,coconut milk,Fruit
10794,coconut milk yogurt,yogurt,Dairy
10795,coconut nut,coconut,Beverage
10796,coconut oil no cooking spray,coconut oil,Fruit
10797,coconut paste milk,coconut milk,Fruit
10798,coconut paste out,coconut,Beverage
10799,coconut rum extract,coconut,Beverage
10800,coconut rum malibu,malibu rum,Beverage-Alcoholic
10801,coconut sorbet,coconut,Beverage
10802,coconut syrup flavoring,syrup,Plant Derivative
10803,coconut syrup torani,syrup,Plant Derivative
10804,coconut water zico,coconut water,Fruit
10805,cod cheek,cod,Fish
10806,codfish steak,steak,Fish
10807,coffee brandy,brandy,Beverage-Alcoholic
10808,coffee cake,coffee,Beverage Caffeinated
10809,coffee creamer blueberry,blueberry,Fruit
10810,coffee espresso,espresso,Beverage
10811,coffee extract black may be here,black coffee,Beverage
10812,coffee extract essence,coffee,Beverage Caffeinated
10813,coffee extract water,water,Additive
10814,coffee flavoring powder,instant coffee,Beverage
10815,coffee infused vodka,coffee vodka,Beverage-Alcoholic
10816,coffee liqueur chocolate,liquor,Beverage-Alcoholic
10817,coffee liqueur water,liquor,Beverage-Alcoholic
10818,coffee mate creme creamer,coffee,Beverage Caffeinated
10819,coffee tequila,coffee,Beverage Caffeinated
10820,coffee yogurt,yogurt,Dairy
10821,cognac brandy,brandy,Beverage-Alcoholic
10822,coix seed,cumin,Spice
10823,cojita mexican cheese,cheese,Dairy
10824,coke diet,soft drink,Beverage-Alcoholic
10825,coke this ha been,avocado,Essential Oil
10826,cola like sweeter,soft drink,Beverage
10827,colaciones candy,chocolate,Plant Derivative
10828,colby jack cheddar cheese,cheese,Dairy
10829,colby jack cheese jalapeno,monterey jack,Dairy
10830,colby pepperjack cheese,cheese,Dairy
10831,cold basmati rice,rice,Cereal
10832,cold cola,soft drink,Beverage
10833,cold cream,cream,Dairy
10834,cold egg white,egg,Meat
10835,cold jasmine rice,jasmine rice,Cereal
10836,cold lard,pork,Meat
10837,cold rice milk,milk,Dairy
10838,cold water ice,water,Additive
10839,coleslaw carrot,carrot,Vegetable
10840,coleslaw green cabbage carrot,cabbage,Vegetable
10841,coleslaw mix green cabbage carrot,cabbage,Vegetable
10842,coleslaw salad dressing,salad dressing,Dish
10843,collard green lengthwise,collard (plant),Vegetable
10844,college inn beef stock,beef stock,Meat
10846,colossal green olive,olive,Plant
10847,colossal shrimp back,shrimp,Seafood
10848,combination fruit,fruit salad,Fruit
10849,combination seasoning,spice mix,Spice
10850,combination veal pork,pork,Meat
10851,complete caesar salad,salad,Dish
10852,complete pancake,pancake,Dish
10853,complete seasoning,spice mix,Spice
10854,comstock brand pie,pie,Dish
10855,con azafran seasoning,spice mix,Spice
10856,concentrate orange juice,orange juice,Fruit
10857,conch clam,clam,Seafood
10858,concha bread,bread,Bakery
10859,conchiglie pasta,pasta,Cereal
10860,consomme stock choice,stock,Dish
10861,cont mushroom,mushroom,Fungi
10862,contadina tomato,tomato,Vegetable
10863,continental 'cream soup,soup,Dish
10864,continental bread,bread,Bakery
10865,continental chicken stock,chicken,Meat
10866,continental hot dog,hot dog,Dish
10867,cook type clear jel,honey,Plant Derivative
10868,cook vanilla pudding,vanilla pudding,Dish
10869,cook vareniky,dumpling,Dish
10871,cookie dough frosting,dough,Cereal
10872,cookie layer,chocolate,Plant Derivative
10873,cookie mix betty crocker,baking mix,Dish
10874,cookie pie crust,crust,Bakery
10875,cooking flour,flour,Cereal
10876,cooking german chocolate,chocolate,Plant Derivative
10877,cooking grain rice,white rice,Cereal
10878,cooking great,cooking apple,Fruit
10879,cooking hominy grit,grit,Cereal
10880,cooking oil amount,cooking oil,Additive
10881,cooking oil canola,canola oil,Plant Derivative
10882,cooking oil chicken,cooking oil,Additive
10883,cooking oil coconut,coconut oil,Fruit
10884,cooking oil coconut olive,cooking spray,Additive
10885,cooking oil crisco,cooking oil,Additive
10886,cooking oil duck,cooking oil,Additive
10887,cooking oil grape seed,cooking oil,Additive
10888,cooking oil not olive,cooking oil,Additive
10889,cooking oil olive,cooking oil,Additive
10890,cooking oil olive because wa handy,cooking oil,Additive
10891,cooking oil peanut,peanut oil,Plant
10892,cooking oil point,cooking oil,Additive
10893,cooking oil reduce half,cooking oil,Additive
10894,cooking oil spray,cooking oil,Additive
10895,cooking oil sunflower,cooking oil,Additive
10896,cooking oil veggie,cooking oil,Additive
10897,cooking olive,olive,Plant
10898,cooking pearl barley,pearl barley,Beverage-Alcoholic
10899,cooking pressure cooker beef stock qt,beef,Meat
10900,cooking rice seasoning,instant rice,Cereal
10902,cooking spoon sofrito sauce,sofrito sauce,Condiment
10903,cooking spray canola oil,canola oil,Plant Derivative
10904,cool,whipped cream,Dairy
10905,cool ranch doritos,whipped cream,Dairy
10906,cool whip topping cream,whipped cream,Dairy
10907,coors beer,beer,Beverage
10908,coppa ham,ham,Meat
10909,copycat lipton onion,onion,Vegetable
10910,corander seed,cumin,Spice
10911,coriander chicken,chicken,Meat
10912,coriander dhaniya powder,coriander,Herb
10913,coriander do not like cilantro,coriander,Herb
10914,coriander keep,coriander,Herb
10915,coriander optional,coriander,Herb
10916,coriander paste,coriander,Herb
10917,coriander root well,coriander,Herb
10918,coriander roughly,coriander,Herb
10919,coriander seed better,coriander,Herb
10920,coriander seed cilantro,coriander,Herb
10921,coriander seed root,coriander,Herb
10922,coriander seed well,coriander,Herb
10923,coriander vietnamese,coriander,Herb
10924,corinader seed,cumin,Spice
10925,corkscrew macaroni salt,cavatappi,Cereal
10926,cormick lime mayonnaise,lime,Condiment
10927,corn beef brisket,beef,Meat
10928,corn bread topping,bread,Dish
10929,corn breadcrumb,corn,Maize
10930,corn broccoli red pepper,capsicum,Vegetable Fruit
10931,corn chip black,corn chip,Maize
10932,corn chip nacho,corn chip,Maize
10933,corn chip salt,corn chip,Maize
10934,corn chip taco shell,taco,Bakery
10935,corn chowder,corn,Maize
10936,corn crosswise,corn,Maize
10937,corn each,corn,Maize
10938,corn ear now,corn on the cob,Maize
10939,corn flake buttery cracker,cracker,Maize
10940,corn flake cereal grain,bread,Maize
10941,corn flake crumb breadcrumb,bread,Maize
10942,corn flake gluten,corn,Maize
10943,corn flake run,corn,Maize
10944,corn flour tortilla,tortilla,Dish
10945,corn grit,corn grits,Maize
10946,corn husk enough steamer basket,corn husk,Maize
10947,corn husk overnight,corn husk,Maize
10948,corn ingredient,corn,Maize
10949,corn instead,corn,Maize
10950,corn juice,corn,Maize
10951,corn lime juice fiesta combo,lime juice,Beverage
10952,corn measurement,corn,Maize
10953,corn mexicorn,corn,Maize
10954,corn moist bread,bread,Dish
10955,corn muffin,corn muffin mix,Maize
10956,corn muffin breadcrumb,corn muffin mix,Maize
10957,corn mushroom,mushroom,Fungi
10958,corn niblets vegetable,corn,Maize
10959,corn oil chow african seasoning paste,corn oil,Maize
10960,corn oil deep,corn oil,Maize
10961,corn oil enough,corn oil,Maize
10962,corn oil lard,corn oil,Maize
10963,corn oil margarine,corn oil,Maize
10964,corn oil meat,corn oil,Maize
10965,corn oil more,corn oil,Maize
10966,corn oil neutral,corn oil,Maize
10967,corn oil sesame,sesame oil,Essential Oil
10968,corn pea,corn,Maize
10969,corn right,corn,Maize
10970,corn salsa,sauce,Additive
10971,corn salt,salt,Additive
10972,corn soup,corn,Maize
10973,corn special k cereal,bread,Maize
10974,corn starch,corn,Maize
10975,corn taco shell,taco,Bakery
10976,corn tomato salsa,salsa,Condiment
10977,corn tortilla chip vegetable,corn tortilla,Bakery
10978,corn truffle,truffle,Dish
10979,cornbread crust,bread,Dish
10980,cornbread milk egg,egg,Meat
10981,cornbread mix batter,bread,Dish
10982,cornbread mix martha white,bread,Dish
10983,cornbread twist dough,dough,Cereal
10984,cornbread vegetable,vegetable,Vegetable
10985,cornhusk,corn,Maize
10986,cornichon gherkin,cucumber,Gourd
10987,cornichons cucumber,cucumber,Gourd
10988,cornichons gherkin,cucumber,Gourd
10989,cornish game hen,chicken,Meat
10990,cornish game hen lengthwise,chicken,Meat
10991,cornmeal fryer mix,cornmeal,Maize
10992,cornmeal kaiser,corn meal,Maize
10993,cornmeal mix,corn meal,Maize
10994,cornmeal thyme dumpling,thyme,Herb
10995,cornstarch dissolved,corn starch,Maize
10996,cost german pork schnitzel,pork,Meat
10997,costeno amarillo chile pepper,chili,Spice
10998,cotechino sausage,sausage,Dish
10999,cotta salami,salami,Fish
11000,cottage,cheese,Dairy
11001,cottage cheese chive,cheese,Dairy
11002,cottage cheese milk,cheese,Dairy
11003,cottage garden rose petal syrup,cheese,Dairy
11004,cotto salami,salami,Fish
11005,cotton string,green bean,Cereal
11006,course breadcrumb,bread crumb,Bakery
11007,cousa squash,yellow zucchini,Fruit
11008,cow meat,meat,Meat
11009,cow milk,milk,Dairy
11010,cow milk cheese,cheese,Dairy
11011,cow sweetbread,sweetbread,Bakery
11012,cow udder,beef,Meat
11013,cox apple,apple,Fruit
11014,crab claw open,crab,Seafood
11015,crab delight,crab,Seafood
11016,crab roe,crab,Seafood
11017,crab salad,salad,Dish
11018,crab shell,soft shell crab,Seafood
11019,crabmeat brown,crab,Seafood
11020,crabmeat cartilage,crab,Seafood
11021,crabmeat chicken,chicken,Meat
11022,crabmeat chunk,crab,Seafood
11023,crabmeat crab may,crab,Seafood
11024,crabmeat paper towel,crab,Seafood
11025,crabmeat surimi,surimi,Seafood
11026,crabmeat white brown,crab,Additive
11027,crabsticks lengthwise,cucumber,Gourd
11028,cracker barrel,crackers,Cereal
11029,cracker barrel sharp cheddar cheese,crackers,Dairy
11030,cracker barrel swiss au gratin cheese,crackers,Dairy
11031,cracker chip,crackers,Bakery
11032,cracker crostini,crackers,Bakery
11033,cracker crumb breadcrumb,crackers,Bakery
11034,cracker crumb panko,bread crumbs,Bakery
11035,cracker crumb saltine,saltine cracker,Bakery
11036,cracker grain nice,crackers,Bakery
11037,cracker italian bread,bread,Bakery
11038,cracker meal corn flake,crackers,Maize
11039,cracker meal fine breadcrumb,crackers,Bakery
11040,cracker ritz,crackers,Bakery
11041,cracker rye bread,bread,Bakery
11042,cracker triscuits are,cracker,Bakery
11043,crackling,chicken,Meat
11044,craisin,cranberry,Fruit
11045,cranberry almond,almond,Nuts and Seeds
11046,cranberry apple chutney,cranberry,Additive
11047,cranberry beer,beer,Beverage
11048,cranberry chutney,cranberry,Additive
11049,cranberry jell o gelatin,lime jello,Additive
11050,cranberry juice diet,cranberry juice,Beverage
11051,cranberry potato bun,bread,Bakery
11052,cranberry trail mix,cranberry,Dish
11053,cranberry walnut bread,walnut,Nuts and Seeds
11054,cream anything soup mix,cream celery soup,Dish
11055,cream buckwheat,cream,Dairy
11056,cream celery soup golden mushroom,cream celery soup,Dish
11057,cream cheese dip,cheese,Dairy
11058,cream cheese filling,cheese,Dairy
11059,cream cheese garlic,cheese,Dairy
11060,cream cheese garlic herb,cheese,Dairy
11061,cream cheese green onion,cheese,Dairy
11062,cream cheese lengthwise,cheese,Dairy
11063,cream cheese non,cheese,Dairy
11064,cream cheese vanilla,cheese,Dairy
11065,cream cheese version,cheese,Dairy
11066,cream chicken broccoli soup,chicken soup,Meat
11067,cream chicken herb soup,chicken soup,Meat
11068,cream chicken soup each cr nacho cheese,chicken soup,Meat
11069,cream chicken soup each mushroom,chicken soup,Meat
11070,cream chicken soup water,chicken soup,Meat
11071,cream chicken stock,chicken,Meat
11072,cream chocolate,chocolate ice cream,Dish
11073,cream chocolate shaving,chocolate ice cream,Dish
11074,cream cilantro,sauce,Additive
11075,cream corn even better,cream style corn,Maize
11076,cream cracker,cream,Dairy
11077,cream decide what percent,cream,Dairy
11078,cream diet yogurt,yogurt,Dairy
11079,cream do n't,cream,Dairy
11080,cream extra creamy,cream,Dairy
11081,cream filling,cheese,Dairy
11082,cream goat cheese,cheese,Dairy
11083,cream golden mushroom soup,cream celery soup,Dish
11084,cream heavy be,cream,Dairy
11085,cream jalapeno pepper,jalapeno,Spice
11086,cream layer,cream,Condiment
11087,cream lighten by milk,whipped cream,Dairy
11088,cream maybe le,cream,Dairy
11089,cream mock,cream,Dairy
11090,cream mushroom soup chicken gravy,chicken soup,Meat
11091,cream mushroom soup great,cream celery soup,Dish
11092,cream mushroom soup mix,cream celery soup,Dish
11093,cream mushroom soup mix cheese leek,cream celery soup,Dish
11094,cream mushroom soup mix chicken,chicken soup,Meat
11095,cream mushroom soup optional,cream celery soup,Dish
11096,cream mushroom soup water,cream celery soup,Dish
11097,cream no sugar,sugar,Additive
11098,cream non dairy topping,whipped cream,Dairy
11099,cream onion dip,onion,Vegetable
11100,cream onion soup mushroom,cream celery soup,Dish
11101,cream parsley,parsley,Spice
11102,cream pie pastry,pie pastry,Bakery
11103,cream powder,cream,Dairy
11104,cream preferably,cream,Dairy
11105,cream qashta,cream,Dairy
11106,cream sauce layer,sauce,Additive
11107,cream shrimp soup mushroom,cream celery soup,Dish
11108,cream something soup,soup,Dish
11109,cream soup mushroom,cream celery soup,Dish
11110,cream soup sauce base,sauce,Additive
11111,cream soup substitute,soup,Condiment
11112,cream soya,cream,Dairy
11113,cream squirty,cream,Dairy
11114,cream sugar ice cone,ice cream,Dish
11115,cream vanilla,vanilla ice cream,Dish
11116,cream vanilla pudding,vanilla pudding,Dish
11117,cream wheat cereal,wheat,Cereal
11118,cream wheat enough,wheat,Cereal
11119,cream wheat farina,wheat,Cereal
11120,cream wheat semolina,semolina,Cereal
11121,cream whiskey liqueur amount,amarula,Beverage-Alcoholic
11122,cream yogurt,yogurt,Dairy
11123,cream youghurt,cream,Dairy
11124,creamy,peanut butter,Additive
11125,creamy bleu cheese salad dressing,cheese,Condiment
11126,creamy chevre cheese,cheese,Dairy
11127,creamy chicken corn soup,chicken soup,Meat
11128,creamy chicken soup powder,bouillon cube,Meat
11129,creamy chicken verde soup,chicken soup,Meat
11130,creamy cucumber salad dressing ranch,salad dressing,Dish
11131,creamy dill dressing,sauce,Additive
11132,creamy dill mustard,mustard,Spice
11133,creamy dill ranch dressing,salad dressing,Dish
11134,creamy garlic dressing,salad dressing,Dish
11135,creamy garlic dressing italian,salad dressing,Dish
11136,creamy garlic dressing italian salad,salad dressing,Dish
11137,creamy garlic salad dressing,salad dressing,Dish
11138,creamy greek salad dressing below,salad dressing,Dish
11139,creamy greek yogurt,greek yogurt,Dairy
11140,creamy honey mustard dressing,honey,Plant Derivative
11141,creamy jalapeno sauce,jalapeno,Spice
11142,creamy parmesan peppercorn salad dressing,cheese,Condiment
11143,creamy pesto sauce mix,pesto,Herb
11144,creamy potato garlic soup,soup,Vegetable
11145,creamy ramen noodle,noodle,Cereal
11146,creamy ranch salad dressing,cheese,Condiment
11147,creamy salad dressing cheese,cheese,Condiment
11148,creamy salsa,salsa,Condiment
11149,creamy tomato basil pasta sauce,sauce,Additive
11150,creamy vanilla frosting,whipped cream,Condiment
11151,creamy vanilla spread frosting,whipped cream,Condiment
11152,creamy verde soup,soup,Vegetable
11153,creamy white frosting,whipped cream,Dish
11154,crema cream ok,whipped cream,Dairy
11155,crema mexicana,whipped cream,Condiment
11156,crema milk,milk,Dairy
11157,creme,whipped cream,Dairy
11158,creme anglaise,whipped cream,Dairy
11159,creme chocolate shaving,chocolate,Plant Derivative
11160,creme de cacao liqueur,chocolate liqueur,Beverage-Alcoholic
11161,creme de coconut,chocolate liqueur,Beverage-Alcoholic
11162,creme de menthe baking chip,creme de menthe,Beverage-Alcoholic
11163,creme de menthe candy,creme de menthe,Beverage-Alcoholic
11164,creme de menthe liqueur,creme de menthe,Beverage-Alcoholic
11165,creme de peach liqueur,chocolate liqueur,Beverage-Alcoholic
11166,creme fraiche liquor,creme fraiche,Dairy
11167,creme menthe liqueur,creme de menthe,Beverage-Alcoholic
11168,creme yvette,liquor,Beverage-Alcoholic
11169,cremini mushroom cap,mushroom,Fungi
11170,crenshaw melon,melon,Fruit
11171,creol seasoning,spice mix,Spice
11172,creole blackening seasoning,creole seasoning,Spice
11173,creole cajun seasoning mix,cajun seasoning,Plant Derivative
11174,creole pepper marinade,pepper,Spice
11175,creole rice mix,rice,Cereal
11176,creole sauce,sauce,Additive
11177,creole seasoning emeril,creole seasoning,Spice
11178,creole vinaigrette,vinegar,Plant Derivative
11179,crescent biscuit,biscuit,Bakery
11180,crescent brown,brown sugar,Additive-Sugar
11181,crescent dinner vegan,croissant,Bakery
11182,crescent dough pastry,croissant,Dish
11183,crescenza stracchino cheese,cheese,Dairy
11184,crimini mushroom baby bella,mushroom,Fungi
11185,crimson yam,yam,Vegetable
11186,crisco olive oil,olive oil,Plant Derivative
11187,crisco reg ; butter,butter,Dairy
11188,crisco reg ; vegetable oil,vegetable oil,Plant Derivative
11189,crisco vegetable lard,lard,Meat
11190,crisp cookie,bacon,Meat
11191,crisp corn,corn,Maize
11192,crisp corn tortilla,tortilla,Dish
11193,crisp rye cracker breadcrumb,bread crumb,Bakery
11194,crisp salad green,green salad,Vegetable
11195,crisp toast,bacon,Meat
11196,crisply bacon,bacon,Meat
11197,croaker fish,atlantic croacker,Fish
11198,crock pot chicken breast freezing oamc,chicken,Meat
11199,crocodile tail steak,beef,Meat
11200,crookneck yellow squash lengthwise,yellow zucchini,Fruit
11201,cross rib roast blade,pork,Meat
11202,crostini cracker,cracker,Bakery
11203,crottin goat cheese,cheese,Dairy
11204,crown royal canadian rye whisky,canadian whiskey,Beverage-Alcoholic
11205,crumb,bread crumb,Bakery
11206,crumb graham cracker may,graham cracker crust,Bakery
11207,crumb pie shell,crust,Bakery
11208,crumble,flour,Dish
11209,crumble topping,flour,Additive
11210,crumbly goat cheese,cheese,Dairy
11211,crushedritz cracker,cracker,Bakery
11212,crust bread,bread,Bakery
11213,crust cheese pizza,pizza,Bakery
11214,crust french bread,baguette,Bakery
11215,crust pizza,pizza,Bakery
11216,crust pizza dough pillsbury,pizza,Bakery
11217,crustless bread,bread,Bakery
11218,crustly italian bread,bread,Bakery
11219,crystal,instant coffee,Beverage
11220,crystal drink mix,pina colada,Dish
11221,crystal farm monterey jack cheese,monterey jack,Dairy
11222,crystal hot sauce,hot sauce,Condiment
11223,crystal lemonade mix,lemonade,Beverage
11224,crystal lite lemonade up,lemonade,Beverage
11225,cuajada jelly,redcurrant sauce,Fruit
11226,cuban,bread,Bakery
11227,cuban bread cube,bread,Bakery
11228,cuban marinade,marinade,Dish
11229,cuban roast pork,pork,Meat
11230,cuban seasoning,spice mix,Spice
11231,cube beef,beef bouillon cube,Meat
11232,cube cold beef tongue,beef,Meat
11233,cube steak each,beef,Meat
11234,cube steak total,beef,Meat
11235,cube veal,veal,Meat
11236,cucumber dill salad dressing,cucumber,Gourd
11237,cucumber raita,cucumber,Gourd
11238,cucumber ranch dressing,ranch dressing,Condiment
11239,cuervo margarita mix,margarita,Dish
11240,culantro by half,coriander,Herb
11241,culinary 'provence lavender bud,lavender,Flower
11242,culinary grade lavender,lavender,Flower
11243,culinary lavender flower,lavender,Flower
11244,culinary lavender oil,oil,Additive
11245,cumin coriander powder,cumin,Spice
11246,cumin seed heat,cumin,Spice
11247,curd cheese cottage,cheese,Dairy
11248,curly edge lasagna noodle,cannelloni,Cereal
11249,curly endive,endive,Vegetable
11250,curly french fry,fried potato,Dish
11251,curly lasagna noodle,cannelloni,Cereal
11252,curly noodle,noodle,Cereal
11253,curly salad green,green salad,Vegetable
11254,curly spinach leaf,spinach,Vegetable
11255,currant jam,redcurrant jelly,Fruit
11256,curry lemon curd,lemon curd,Dairy
11257,curry massalla gravy,curry,Dish
11258,curry roux,spice mix,Spice
11259,curry vinaigrette,vinegar,Plant Derivative
11260,custard mix,custard,Dish
11261,da zero sauce,sauce,Additive
11262,daim candy bar,candy bar,Plant
11263,dairy creamer,whipped cream,Dairy
11264,dairy whipping cream,whipped cream,Dairy
11265,damper breadcrumb,bread crumb,Bakery
11266,dandelion blossom,chive,Vegetable
11267,dandelion flower,dandelion,Fruit
11268,dandelion flower yellow,yellow onion,Vegetable
11269,dandelion leaf,dandelion,Herb
11270,dandelion root,ginger,Spice
11271,dandelion syrup,syrup,Plant Derivative
11272,danish,cheese,Dairy
11273,danish almond filling,almond,Dish
11274,danish pumpernickel bread rye,bread,Bakery
11275,dannon lemon yogurt,yogurt,Dairy
11276,dare breton cracker,cracker,Bakery
11277,darjeeling english breakfast tea leaf,tea,Beverage
11278,darjeeling tea below,tea,Beverage
11279,darjeeling tea leaf,tea,Beverage
11280,dark,dark chocolate,Plant
11281,dark brown lentil,lentils,Legume
11282,dark cane sugar,sugar,Additive
11283,dark caraway rye bread,bread,Bakery
11284,dark cherry preserve,cherry,Additive
11285,dark cherry syrup,corn syrup,Maize
11286,dark chocolate bar s,dark chocolate,Plant
11287,dark chocolate candy bar,dark chocolate,Plant
11288,dark chocolate chip manage,dark chocolate,Plant
11289,dark chocolate chunk,dark chocolate,Plant
11290,dark chocolate chunk cocopolo,dark chocolate,Plant
11291,dark chocolate cocoa,dark chocolate,Plant
11292,dark chocolate dipping,dark chocolate,Plant
11293,dark chocolate morsel,dark chocolate,Plant
11294,dark chocolate powder,dark chocolate,Plant
11295,dark chocolate square coarsely,dark chocolate,Plant
11296,dark cocoa chocolate,dark chocolate,Plant
11297,dark espresso bean,kidney bean,Legume
11298,dark french mustard,mustard,Condiment
11299,dark fudge cake mix,cake,Dish
11300,dark german beer,beer,Beverage
11301,dark grain mustard,mustard,Condiment
11302,dark green savoy cabbage leaf,leaf cabbage,Vegetable
11303,dark karo syrup,corn syrup,Maize
11304,dark loose,dark chocolate,Plant
11305,dark mexican beer negra modelo,beer,Beverage
11306,dark mini chocolate chip,dark chocolate,Plant
11307,dark miso,miso,Spice
11308,dark miso paste,miso,Spice
11309,dark miso water,miso,Spice
11310,dark mushroom soy sauce,dark soy sauce,Condiment
11311,dark mustard,mustard,Condiment
11312,dark oriental sesame oil,sesame oil,Essential Oil
11313,dark red bean,kidney bean,Legume
11314,dark red chili powder,chili pepper,Vegetable
11315,dark roast coffee bean,coffee,Beverage Caffeinated
11316,dark roux,dark chocolate,Plant
11317,dark stock,soup stock,Dish
11318,dasheen leaf spinach,spinach,Vegetable
11319,dasheen leaf taro plant spinach,spinach,Vegetable
11320,dashi basic japanese soup stock mushroom,soup stock,Dish
11321,dashi chicken stock,chicken,Meat
11322,dashi japanese bonito stock,dashi,Dish
11323,dashi konbu,kombu,Seafood
11324,dashi make,dashi,Dish
11325,dashi see chicken broth,chicken,Meat
11326,dashi see my,dashi,Dish
11327,dashi soup stock base,soup stock,Dish
11328,dashi stock check asian market,dashi,Dish
11329,dashi stock make,dashi,Dish
11330,dashida beef,beef,Meat
11331,dashida salt,salt,Additive
11332,dave gourmet insanity sauce,sauce,Additive
11333,davinci gourmet classic almond syrup,syrup,Plant Derivative
11334,davinci sugar caramel topping,caramel,Additive
11335,davinci sugar vanilla syrup,syrup,Plant Derivative
11336,daylily flower,elderberry,Fruit
11337,de arbol chile,chili de arbol pepper,Spice
11338,de arbol chile pepper,chili de arbol pepper,Spice
11339,de gallo seasoning,pico de gallo,Condiment
11340,de kuyper butterscotch caramel liqueur,chocolate liqueur,Beverage-Alcoholic
11341,dean french onion dip,onion,Vegetable
11342,decaffeinated coffee,coffee,Beverage Caffeinated
11343,decent prawn,prawn,Seafood
11344,decorating sugar,sugar,Additive
11345,decorative candy,candy,Additive
11346,decorator sugar crystal,sugar,Additive
11347,deep pie crust,pie,Bakery
11348,deep red rose petal,rose,Flower
11349,deep reindeer meat,meat,Meat
11350,deep tostado shell,tostada,Seafood
11351,deer heart,deer,Meat
11352,deer liver,liver,Meat
11353,dekuyper apple,apple,Fruit
11354,dekuyper apple liqueur,apple,Fruit
11355,dekuyper pineapple,pineapple,Beverage
11357,del monte enchilada sauce,enchilada,Condiment
11358,del monte jalapeno pepper tomato,spread,Vegetable
11359,del monte kabob kit,spread,Vegetable
11360,del monte mexican corn,mexican style corn,Maize
11361,del monte spaghetti sauce,tomato sauce,Condiment
11362,deli buffalo chicken dip,buffalo meat,Meat
11363,deli capicola,lunch meat,Meat
11364,deli chicken breast,chicken,Meat
11365,deli chicken turkey,turkey,Meat
11366,deli coleslaw,coleslaw,Condiment
11367,deli italian vegetable salad,italian dressing,Condiment
11368,deli olive,olive,Plant
11369,deli onion bun,onion,Vegetable
11370,deli rye bread,bread,Bakery
11371,deli turkey chicken,turkey,Meat
11372,deli turkey ham,lunch meat,Meat
11373,deli turkey meat,turkey,Meat
11374,delicata squash butternut,butternut squash,Fruit
11375,delice cheese,cheese,Dairy
11376,delmonte tomato,tomato,Vegetable
11377,deluxe kraft macaroni cheese dinner mix,cheese,Dish
11378,deluxe macaroni cheese mix,cheese,Dish
11379,denjang korean bean,soybean sauce,Legume
11380,dense bread,bread,Bakery
11381,dense brown bread,bread,Bakery
11382,dense grain bread,bread,Bakery
11383,dense rye bread,bread,Bakery
11384,dense white bread,bread,Bakery
11385,dense white bread egg,egg,Meat
11386,depending red potato,potato,Vegetable Tuber
11387,dessert pear,pear,Fruit
11388,devil,devil's food cake,Dish
11389,devil cake mix,devil's food cake,Dish
11390,devil chocolate cake mix,devil's food cake,Dish
11391,devil food cake mix chocolate,devil's food cake,Dish
11392,dhania seed,cumin,Spice
11393,dhaniya powder coriander,coriander,Herb
11394,diabetic sugar dark chocolate,dark chocolate,Plant
11396,diagonally italian bread,bread,Bakery
11397,diakon radish,radish,Vegetable
11398,diameter pepperoni,pepperoni,Meat
11399,diamond walnut,walnut,Nuts and Seeds
11400,dice red pepper,capsicum,Vegetable Fruit
11401,diet butternut cooky,biscuit,Nuts and Seeds
11402,diet cherry,cherry,Additive
11403,diet coke,soft drink,Beverage-Alcoholic
11404,diet ginger ale,nutritional drink,Beverage-Alcoholic
11405,diet grapefruit soda,soda,Beverage
11406,diet soda fresca,soda,Beverage
11408,dietz organic turkey breast,turkey,Meat
11410,dietz watson chipotle mayo,mayo sauce,Additive
11411,dietz watson cranberry honey mustard,mustard,Additive
11412,dietz watson provolone cheese,cheese,Dairy
11413,dietz watson rbst picante provolone,cheese,Additive
11414,dietz watson santa fe turkey breast,turkey,Meat
11416,digestive natural bran,wheat bran,Cereal
11417,dijon lemon vinaigrette,vinegar,Plant Derivative
11418,dijon vinaigrette,vinegar,Plant Derivative
11419,dill leaf seed,dill,Herb
11420,dill pickle brine,dill,Herb
11421,dill pickle chip,dill,Herb
11422,dill pickle cube,dill,Herb
11423,dill pickle relish juice,dill,Herb
11424,dill relish,dill,Herb
11425,dill rye bread,bread,Bakery
11426,dinner bread dough,dough,Dish
11427,dinner crepe,pancake,Dish
11428,dinner hamburger bun,hamburger,Bakery
11429,dinner hawaiian,bread,Bakery
11430,dinner overnight,bread,Bakery
11431,dip mix,baking mix,Dish
11432,dipping bread,bread,Bakery
11433,disaronno liquor,chambord,Beverage-Alcoholic
11434,disco turnover pastry dough,dough,Bakery
11435,dish pastry crust,crust,Bakery
11436,dish pie plate,pot pie,Bakery
11437,ditalini macaroni,macaroni,Plant
11438,ditalini water,water,Additive
11439,divine fairtrade cocoa,cocoa,Seed
11440,dl cream,cream,Dairy
11441,dl vegetable stock,vegetable stock,Vegetable
11442,doenjang,soybean sauce,Dish
11443,dog bun ciabatta lengthwise,bread,Bakery
11444,dog chili,chili,Spice
11445,dole broccoli floret,broccoli,Flower
11446,dole heart,lettuce,Vegetable
11447,dole mango chunk,mango,Fruit
11448,dole orange peach mango juice concentrate,orange juice,Fruit
11449,dole reg,chili powder,Spice
11450,dolly banana liqueur,liquor,Beverage-Alcoholic
11451,dolmio spaghetti sauce,tomato sauce,Condiment
11452,domaine sparkling wine,wine,Beverage-Alcoholic
11453,domestic mushroom,mushroom,Fungi
11454,dominican red bean kidney,kidney bean,Legume
11455,don julio reposada tequila,tequila,Beverage-Alcoholic
11456,doris robert ' meatball,meatball,Meat
11457,dorrigo mountain pepper,pepper,Spice
11458,dory fillet,fish,Fish
11459,double bouillon cube,bouillon,Dish
11460,double cream brie cheese,cheese,Dairy
11461,double cream non dairy creamer,cream,Dairy
11462,double cream single,cream,Dairy
11463,double crust,crust,Bakery
11464,double crust pie see note below,pie crust,Bakery
11465,double crust pie shell,pie crust,Bakery
11466,double dark chocolate chip,dark chocolate,Plant
11467,double devon cream,cream,Dairy
11468,double espresso,espresso,Beverage
11469,double graham wafer,graham cracker,Bakery
11470,double pork chop,pork,Meat
11471,double strength chicken stock,chicken,Meat
11472,double strength vanilla extract,vanilla,Essential Oil
11473,dough bread,dough,Dish
11474,dough breadstick,dough,Cereal
11475,dough enhancer optional,dough,Cereal
11476,doughnut dough,dough,Cereal
11477,dover sole,sole,Fish
11478,dozen almond,almond,Nuts and Seeds
11479,dozen cocktail frank,fruit cocktail,Beverage
11480,dozen corn husk,corn husk,Maize
11482,dozen egg wrap,egg,Meat
11483,dozen lemon,lemon,Fruit
11484,dozen pacific oyster,oyster,Seafood
11485,dozen potsticker gyoza skin,wonton,Herb
11486,dozen prawn,prawn,Seafood
11487,dozen quail egg,egg,Meat
11488,dozen razor clam,clam,Seafood
11489,dozen tamale,beef tamale,Dish
11490,dozen toast point,bread,Dish
11491,dozen white pearl onion,white onion,Vegetable
11492,dr oetker caramel creme dessert mix vegetarian,cream,Dish
11493,dr oetker whip,whipped cream,Dairy
11494,dragee decorative candy,dragee,Dish
11495,dragon fruit,pitanga,Fruit
11496,dram anise oil,oil,Additive
11497,drayman porter,porter beer,Beverage-Alcoholic
11498,dream whip cream,cream,Dairy
11499,dream whip cream topping,cream,Additive
11500,dream whip topping mix powder,whipped cream,Dairy
11501,drink,soft drink,Beverage
11502,dripping cooking oil,cooking oil,Additive
11503,dripping lard,lard,Meat
11504,dripping oil,oil,Additive
11505,dripping roast chicken,lamb,Meat
11506,dripping vegetable oil,vegetable oil,Plant Derivative
11507,drk pumpernickel bread,bread,Bakery
11508,drumstick fruit,drumstick,Fruit
11509,dubonnet red,berry,Berry
11510,duck blood,duck,Meat
11511,duck broth chicken,chicken,Meat
11512,duck carcass,duck,Meat
11513,duck giblet,duck,Meat
11514,duck leg confit,duck,Meat
11515,duck liver sausage,duck,Meat
11516,duck meat,duck,Meat
11517,duck stock chicken,chicken,Meat
11518,duck thigh,duck,Meat
11519,duck vegetable oil,vegetable oil,Plant Derivative
11520,dulce de,dulce de leche,Dish
11521,dulce de caramel sauce,dulce de leche,Dish
11522,dulce de leche nutella,dulce de leche,Dish
11523,dulce de leche sauce,dulce de leche,Dish
11524,dulce de out,dulce de leche,Dish
11525,dulce milk,milk,Dairy
11526,dulcet asian dressing,salad dressing,Dish
11527,dulse flake,parsley,Spice
11528,dulse flake kosher salt,kosher salt,Additive-Salt
11529,dulse leaf,bay leaf,Plant
11531,dumpling egg noodle,egg,Meat
11532,dumpling wrapper look,dumpling,Dish
11533,duncan cream cheese frosting,cheese,Dairy
11534,duncan dark chocolate cake mix,cake,Dish
11535,duncan hines cinnamon swirl muffin mix,corn muffin mix,Maize
11536,duncan hines creamy home,peanut butter,Additive
11537,duncan hines moist butter cake mix,cake,Dish
11538,duncan hines moist cake mix,cake,Dish
11539,duncan hines moist french vanilla cake mix,cake,Dish
11540,duncan hines supreme orange cake mix,cake,Dish
11541,durian banana extract,durian,Essential Oil
11542,durkee sauce,sauce,Additive
11543,durum flour pasta,pasta,Cereal
11544,durum wheat flour,durum wheat,Cereal
11545,dutch beef,beef,Meat
11546,dutch cocoa hershey,chocolate spread,Plant
11547,dutch gin,gin,Beverage-Alcoholic
11548,dynasty chinese stir fry sauce,sauce,Additive
11549,dynasty chow funn noodle,noodle,Cereal
11550,dynasty sesame oil,sesame oil,Essential Oil
11551,dynasty szechwan chili sauce,chili paste,Condiment
11552,e york steak,strip steak,Meat
11553,ea red chili,chili pepper,Vegetable
11554,each coriander,coriander,Herb
11555,each lemon zest juice,lemonade,Beverage
11556,each pea,pea,Legume
11557,each seasoning,spice mix,Spice
11558,each tomatillo,tomatillo,Vegetable
11559,eagle brand,tabasco sauce,Condiment
11560,ear,corn on the cob,Maize
11561,ear corn husk,corn on the cob,Maize
11562,ear mushroom,mushroom,Fungi
11563,earth balance butter substitute,butter,Dairy
11564,earth balance shortening,shortening,Additive
11565,easiest ever pizza dough,pizza,Bakery
11566,east african variety olive,olive,Plant
11567,east kent golding hop,hops,Beverage-Alcoholic
11569,eat ham,ham,Meat
11571,eat salad green,green salad,Vegetable
11573,ebi,shrimp,Seafood
11574,eclair shell pate,pastry,Dish
11575,edamame bean optional,edamame,Legume
11576,edgell super corn,corn,Maize
11577,edible cake glitter,cake,Dish
11578,edible camphor,camphor,Additive
11579,edible flower calendula,saffron,Flower
11580,edible flower geranium,geranium,Flower
11581,edible gold flake,parsley,Spice
11582,edible gold leaf foil,bay leaf,Plant
11583,edible lavender flower,lavender,Flower
11584,edible orchid leave few,leaf,Flower
11585,edible pork blood,pork,Meat
11587,eel steak,steak,Fish
11588,eg shallot,shallot,Seafood
11589,egg at room temperature,egg,Meat
11590,egg beater liquid product,egg,Meat
11591,egg beater southwestern red bell pepper,capsicum,Vegetable Fruit
11592,egg bread french,baguette,Bakery
11593,egg bread pumpernickel,egg,Meat
11594,egg dumpling noodle,egg,Meat
11595,egg fettuccine noodle,egg,Meat
11596,egg mayonnaise,egg,Meat
11597,egg noodle chinese,egg,Meat
11598,egg noodle choice,egg,Meat
11599,egg noodle fettuccine,egg,Meat
11600,egg noodle lo mein,egg,Meat
11601,egg noodle oil,egg,Meat
11602,egg noodle one are,egg,Meat
11603,egg noodle pasta,egg,Meat
11604,egg noodle weight,egg,Meat
11605,egg noodle wheat,egg,Meat
11606,egg pasta,pasta,Cereal
11607,egg pastry dough,egg,Meat
11608,egg plus,egg,Meat
11609,egg plus white,egg,Meat
11610,egg put,egg,Meat
11611,egg rotini pasta,egg,Meat
11612,egg separate,egg,Meat
11613,egg strip,egg,Meat
11614,egg white are ok too,egg,Meat
11615,egg white batter,egg,Meat
11616,egg white bubbly,egg,Meat
11617,egg white eggplant,egg,Meat
11618,egg white essential,egg,Meat
11619,egg white important,egg,Meat
11620,egg white lengthwise,egg,Meat
11621,egg white liquid substitute,egg,Meat
11622,egg white my,egg,Meat
11623,egg white no,egg,Meat
11624,egg white optional,egg,Meat
11625,egg white range,egg,Meat
11626,egg white sauce,egg,Meat
11627,egg white save,egg,Meat
11628,egg white total,egg,Meat
11629,egg white yellow,egg,Meat
11630,egg wrap bow tie,farfalle,Cereal
11631,egg yolk cream optional,egg,Meat
11632,egg yolk half,egg,Meat
11633,egg yolk ice water,egg,Meat
11634,egg yolk lolol,egg,Meat
11635,egg yolk optional,egg,Meat
11636,egg yolk per person,egg,Meat
11637,egg yolk plus water,egg,Meat
11638,egg yolk range,egg,Meat
11639,egg yolk reserve,egg,Meat
11640,egg yolk reserve white,egg,Meat
11641,egg yolk revision below,egg,Meat
11642,egg yolk save white,egg,Meat
11643,egg yolk substitute,egg,Meat
11644,egg yolk vegetable oil,vegetable oil,Plant Derivative
11645,eggland egg,egg,Meat
11646,eggless cookie dough batter,dough,Cereal
11647,eggnog extract,egg,Meat
11648,eggplant caponata,eggplant,Vegetable
11649,eggplant caviar,eggplant,Vegetable
11650,eggplant crosswise,eggplant,Vegetable
11651,egyptian rice,rice,Cereal
11652,eidam cheese,cheese,Dairy
11653,eight bread,bread,Bakery
11654,eight brioche bread,bread,Bakery
11655,el cheese taquitos,cheese,Dairy
11656,el fajita seasoning mix,spice mix,Spice
11657,el jalapeno,jalapeno,Spice
11658,el mexicano carne asada seasoning,spice mix,Spice
11659,el paso bean,bean,Legume
11660,el paso chile garlic cooking sauce,chili sauce,Condiment
11661,el paso taco bake dinner kit,taco,Dish
11662,el paso taco sauce,taco sauce,Condiment
11663,el paso taco seasoning,spice mix,Spice
11664,el paso tostada,tostada,Bakery
11665,el patio jalapeno chili sauce,sauce,Additive
11666,el pato sauce,sauce,Additive
11667,el ranch o dressing,sauce,Additive
11668,el salsa enchilada sauce,enchilada,Condiment
11669,el salt taco seasoning,seasoned salt,Additive-Salt
11670,el seasoning mix,spice mix,Spice
11671,el taco sauce,taco sauce,Condiment
11672,el torito adobo al pastor sauce,sauce,Additive
11673,elbow macaroni ziti,macaroni,Cereal
11674,elderberry juice,elderberry,Fruit
11675,elderberry wine vinegar,elderberry,Fruit
11676,elderflower head,elderberry,Fruit
11677,elderflower liqueur,liqueur,Beverage-Alcoholic
11678,elderflower syrup,syrup,Plant Derivative
11680,elevated challah,bread,Bakery
11681,elk roast meat,elk,Meat
11682,elk rump roast,rump steak,Meat
11683,elk steak,steak,Fish
11684,elmstock peppermint tea,tea,Plant
11685,elpaso enchilada sauce,enchilada,Condiment
11686,emeril essence creole seasoning,spice mix,Spice
11687,emeril essence seasoning,spice mix,Spice
11688,emeril italian spice essence,spice mix,Spice
11689,emeril lagasse essence,spice mix,Spice
11690,emeril red pepper sauce,sauce,Additive
11691,emeril southwest seasoning,spice mix,Spice
11692,emeril spice essence,spice mix,Spice
11693,emmenthaler cheese coarsely,cheese,Dairy
11694,emmenthaler cheese jarlsberg,cheese,Dairy
11695,empanada dough,dough,Bakery
11696,empanada pastry,pastry,Bakery
11698,emu ham,ham,Meat
11699,enchilada,sauce,Additive
11700,enchilada sauce chili,chili paste,Condiment
11701,enchilada sauce choice,enchilada,Condiment
11702,enchilada sauce coriander chili powder,chili powder,Spice
11703,enchilada sauce green chile,enchilada,Condiment
11704,enchilada sauce mexican gravy,enchilada,Condiment
11705,enchilada sauce optional,enchilada,Condiment
11706,enchilada sauce organic,enchilada,Condiment
11707,enchilada sauce paso,enchilada,Condiment
11708,enchilada sauce pasta,enchilada,Condiment
11709,enchilada sauce pick,enchilada,Condiment
11710,enchilada sauce velvet,enchilada,Condiment
11711,end neck welsh lamb,lamb,Meat
11712,end thing vegetable broth,vegetable broth,Dish
11713,english cheese velveeta,cheese,Dairy
11714,english date nut bread,bread product,Bakery
11715,english double devon cream,cream,Dairy
11716,english hothouse cucumber,cucumber,Gourd
11717,english lavender,lavender,Flower
11718,english muffin raisin,english muffin,Bakery
11719,english mustard paste,mustard,Spice
11720,english pudding,english pudding,Dish
11721,english rib,celery,Herb
11722,english roast,cucumber,Gourd
11723,english roast chuck,chuck roast,Dish
11724,english shoulder roast,pork,Meat
11725,english sole,sole,Fish
11726,english spinach leaf,spinach,Vegetable
11727,english stilchester cheese extra sharp bleu,cheese,Dairy
11728,english toffee bit brickle chip,toffee,Bakery
11729,english toffee chip,toffee,Bakery
11730,english toffee syrup torani,syrup,Plant Derivative
11731,enoki mushroom golden,mushroom,Fungi
11732,enoki mustrooms,mushroom,Fungi
11733,enough cooking oil,cooking oil,Additive
11734,enough ice,ice,Additive
11735,enough oil,oil,Additive
11736,enova oil vegetable,vegetable oil,Plant Derivative
11737,enriched rice,rice,Cereal
11738,entrecote steak,steak,Fish
11739,epicure garlic herb dip mix,garlic,Herb
11740,equagold vanilla grapeseed oil,grapeseed oil,Essential Oil
11741,espresso coffee granule,coffee,Beverage Caffeinated
11742,espresso ice cream,ice cream,Dish
11743,espresso icing,icing,Additive
11744,espresso liqueur,espresso,Beverage
11745,espresso sugar amaretto syrup,syrup,Plant Derivative
11746,espresso water,water,Additive
11747,essence,vanilla extract,Additive
11748,essence emeril chicken seasoning,spice mix,Spice
11749,essence ratafia,vanilla extract,Additive
11750,essence rose,rose essence,Essential Oil
11751,essence seasoning,spice mix,Spice
11752,ethiopian berbere seasoning,spice mix,Spice
11753,ethiopian kibbeh butter,butter,Dairy
11754,ethyl alcohol,alcohol,Beverage-Alcoholic
11755,euro bread,bread,Bakery
11756,europe zen garden vegetable,vegetable,Vegetable
11758,european salad green,green salad,Vegetable
11759,euryale ferox nut,nut,Nuts and Seeds
11760,euryale seed,cumin,Spice
11761,evans sausage,sausage,Dish
11762,even field mushroom,mushroom,Fungi
11763,ever white bread,bread,Bakery
11764,everglades seasoning,spice mix,Spice
11765,evo oil,oil,Additive
11766,excellent artisan sourdough bread,bread,Dish
11767,excellent hamburger bun,hamburger,Bakery
11768,excellent pinot noir wine,red fruit wine,Beverage-Alcoholic
11769,exotic orange blossom water rose make own,rose water,Additive
11770,expensive balsamic vinegar,balsamic vinegar,Additive-Vinegar
11771,express reg,chili powder,Spice
11772,extra beef bison,beef,Meat
11773,extra beef brown,beef,Meat
11774,extra beef meat,beef,Meat
11775,extra beef percent,beef,Meat
11776,extra beef pork,beef,Meat
11777,extra beef sirloin,beef,Meat
11778,extra beef tip,beef,Meat
11779,extra chicken,chicken,Meat
11780,extra chicken breast,chicken,Meat
11781,extra chicken stock,chicken,Meat
11782,extra chili sauce,chili paste,Condiment
11783,extra cocoa,cocoa,Seed
11784,extra corn,corn,Maize
11785,extra creamy cream,cream,Dairy
11786,extra creamy topping,cream,Dairy
11787,extra dark chocolate,dark chocolate,Plant
11788,extra dark roast coffee,dark coffee,Legume
11789,extra egg s,egg,Meat
11790,extra egg white,egg,Meat
11791,extra english toffee bar,cucumber,Gourd
11792,extra fine noodle vermicelli,rice vermicelli,Cereal
11793,extra fruit pudding,pudding,Dish
11794,extra green mango,mango,Fruit
11795,extra hot capacollo,pork,Vegetable
11796,extra ice,ice,Additive
11797,extra jalapeno,jalapeno,Spice
11798,extra large baking potato,baked potato,Vegetable
11799,extra large bun,egg,Meat
11800,extra large flour tortilla,tortilla,Dish
11801,extra large snail,egg,Meat
11802,extra mature cheddar cheese,cheese,Dairy
11803,extra meat beef,beef,Meat
11804,extra meat venison,deer meat,Meat
11805,extra milk,milk,Dairy
11806,extra mushroom,mushroom,Fungi
11807,extra olive,olive oil,Plant Derivative
11808,extra orange juice,orange juice,Fruit
11809,extra oyster,oyster,Seafood
11810,extra peanut butter,peanut butter,Nuts and Seeds
11811,extra peanut oil,peanut oil,Plant
11812,extra pork loin,pork,Meat
11813,extra prawn,prawn,Seafood
11814,extra seasoning,spice mix,Spice
11815,extra sharp provolone cheese,cheese,Dairy
11816,extra sparkling wine spumante,wine,Beverage-Alcoholic
11818,extra tequila,tequila,Beverage-Alcoholic
11819,extra toast,shrimp,Seafood
11820,extra toblerone chocolate bar,chocolate bar,Plant
11821,extra turkey bacon,turkey bacon,Meat
11822,extra turkish delight,shrimp,Seafood
11823,extra vegetable oil,vegetable oil,Plant Derivative
11824,extra vermouth,vermouth,Beverage-Alcoholic
11825,extra virgin coconut oil,coconut oil,Essential Oil
11826,extra virgin oliv oil,olive oil,Plant Derivative
11827,extra virgin olive oil canola,olive oil,Plant Derivative
11828,extra virgin olive peanut oil,olive oil,Plant Derivative
11829,extra water total liquid,water,Additive
11830,extra wheat pita bread,bread,Cereal
11831,extra wide egg noodle until tender,egg,Meat
11832,extra wide noodle,rice vermicelli,Cereal
11833,extract vanilla,vanilla extract,Additive
11834,extract vanilla only tsp oil ``,vanilla extract,Additive
11835,extremely tea,tea,Plant
11837,eye beef steak,rib eye steak,Meat
11838,eye chile chili pepper,chili,Spice
11839,eye chili,chili,Spice
11840,eye fillet,beef,Meat
11841,fabada bean,bean,Legume
11842,fage greek yogurt,greek yogurt,Dairy
11843,fage total,yogurt,Dairy
11844,fage total classic,yogurt,Dairy
11845,fage total yogurt,yogurt,Dairy
11846,fairtrade cocoa,cocoa,Seed
11847,fajita bean,bean,Legume
11848,fajita marinade,marinade,Dish
11849,fajita seasoning mix per breast,allspice,Spice
11850,fajita seasoning mix taco seasoning,allspice,Spice
11851,fajita vegetable,vegetable,Vegetable
11852,fakin ' bakin bacon,bacon,Meat
11853,falooda noodle,noodle,Cereal
11854,falooda seed,cumin,Spice
11855,family kit kat chocolate candy bar,chocolate,Plant Derivative
11856,family teabags,tea,Beverage
11857,fancy salad green,green salad,Vegetable
11858,fanta orange soda,orange,Fruit
11859,fantabulously under hour mozzarella,mozzarella,Dairy
11860,farfel matzo,matzo,Bakery
11861,farl wheaten bread,bread,Bakery
11862,farmer john beef frank,beef,Meat
11863,farmer john cheese curd,cheese,Dairy
11864,farmer john natural beef frank,beef,Meat
11865,farmer market arugula,baby rocket,Herb
11866,farmer sausage,sausage,Dish
11867,farmhouse savory chicken rice pilaf mix yellow,yellow rice,Cereal
11869,fast fry steak,beef,Dish
11870,fatter mutton,mutton,Meat
11871,fatty ham scrap,ham scrap,Meat
11872,faux meat,meat,Meat
11873,favourite basic vinaigrette,oil,Additive
11874,favourite liqueur,liquor,Beverage-Alcoholic
11875,favourite nut,nut,Nuts and Seeds
11876,favourite sauce,sauce,Additive
11877,favourite vegetable,vegetable,Vegetable
11878,favourite vinaigrette,oil,Additive
11879,fearn soya granule,soy sauce,Condiment
11880,female blue crab,crab,Seafood
11881,fennal seed,cumin,Spice
11882,fennel frond,fennel,Herb
11883,fennel pollen,fennel,Herb
11884,fennugreek seed,cumin,Spice
11885,fesh breadcrumb,bread crumb,Bakery
11886,feta cheese oil,cheese,Dairy
11887,feta cheese pepper,cheese,Dairy
11888,feta cube,cheese,Dairy
11889,feta mt1 cheese culture,cheese,Dairy
11890,feta salad dressing,salad dressing,Dish
11891,fettuccine brown rice pasta,spaghetti,Cereal
11892,fettuccine without salt pasta,pasta,Cereal
11893,few almond,almond,Nuts and Seeds
11894,few lemon thyme leaf,thyme,Herb
11895,fiber breadcrumb,bread crumb,Bakery
11896,fiber one cereal,granola cereal,Cereal
11897,fiber one cereal bran,cereal,Cereal
11898,fiddlehead bracken,fiddlehead fern,Vegetable
11899,fideo noodle vermicelli,pasta,Cereal
11900,fideo vermicelli,pasta,Cereal
11901,fideos cortes egg noodle,egg,Meat
11902,field roast italian sausage,italian sausage,Meat
11903,fiesta dipping sauce,dipping sauce,Condiment
11904,fiesta dressing mix,ranch dressing,Condiment
11905,fiesta four cheese,cheese,Dairy
11906,fiesta menudo seasoning,spice mix,Spice
11907,fiesta pinto bean seasoning,pinto bean,Legume
11908,fiesta ranch dip mix,ranch dressing,Condiment
11909,fig balsamic vinegar,balsamic vinegar,Additive-Vinegar
11910,fig compote,fig,Fruit
11911,fig jam choice,fig,Fruit
11912,fig jelly,fig,Fruit
11913,filbert almond,almond,Nuts and Seeds
11914,file powder see,file powder,Herb
11915,filet red mullet,mullet,Fish
11916,filet sea bass choice,sea bass,Fish
11917,filet tilapia fillet,tilapia,Fish
11918,fill mix,baking mix,Dish
11919,fillet 5cm strip,mullet,Fish
11920,fillet alaskan king salmon,salmon,Fish
11921,fillet amberjack,amberjack,Fish
11922,fillet butterfish,butterfish,Fish
11923,fillet chilean each,sea brass,Fish
11924,fillet crabmeat,crab,Seafood
11925,fillet hake,fish,Fish
11926,fillet mackerel,pelagic fish,Fish
11927,fillet milkfish,milkfish,Fish
11928,fillet pomfret fish,fish,Fish
11929,fillet pork sirloin,pork,Meat
11930,fillet red drum,red snapper,Fish
11931,fillet swedish anchovy,anchovy,Fish
11932,fillet trout,trout,Fish
11933,fillet venison,venison,Meat
11935,fine,powdered sugar,Additive-Sugar
11936,fine alcohol,powdered sugar,Additive-Sugar
11937,fine apricot jam,jam,Fruit
11938,fine asian rice flour,rice flour,Cereal
11939,fine bean,bean,Legume
11940,fine black,pepper,Spice
11941,fine bread cracker crumb,bread crumbs,Bakery
11942,fine breadcrumb cracker crumb,bread crumbs,Bakery
11943,fine breadcrumb generous,bread crumb,Bakery
11944,fine breadcrumb may,bread crumb,Bakery
11945,fine breadcrumb salt cracker,salt,Additive
11946,fine breadcrumb saltine cracker,saltine cracker,Bakery
11947,fine breadcrumb saltine crumb,bread crumbs,Bakery
11948,fine bulgur wheat,bulgur,Cereal
11949,fine burghul,powdered sugar,Additive-Sugar
11950,fine cake crumb breadcrumb,bread crumbs,Bakery
11951,fine chestnut flour,flour,Nuts and Seeds
11952,fine chia meal,powdered sugar,Additive-Sugar
11953,fine chocolate,chocolate,Plant Derivative
11954,fine chocolate cocoa powder,cocoa,Seed
11955,fine cocoa,cocoa,Seed
11956,fine egg noodle vermicelli,egg,Meat
11957,fine french breadcrumb,bread,Bakery
11958,fine garlic salt,garlic salt,Spice
11959,fine italian bread crumb,bread,Bakery
11960,fine matzo meal,matzo,Bakery
11961,fine milk chocolate,chocolate milk,Beverage
11962,fine noodle capellini,noodle,Cereal
11963,fine oyster,oyster,Seafood
11964,fine polenta,polenta,Dish
11965,fine pumpernickel bread,bread,Bakery
11966,fine rice flour,rice flour,Cereal
11967,fine rice vermicelli,rice vermicelli,Cereal
11968,fine rye breadcrumb,bread crumb,Bakery
11969,fine sangiovasi chianti wine,wine,Beverage-Alcoholic
11970,fine sesame oil,sesame oil,Essential Oil
11971,fine soup noodle,chicken,Meat
11972,fine vermicelli seviyan,pasta,Cereal
11973,finest virgin olive oil,oil,Additive
11974,finger,sponge cake,Bakery
11975,finger biscuit,biscuit,Bakery
11980,fish base,fish,Fish
11981,fish biryani spice mix,spice mix,Spice
11982,fish blue,fish,Fish
11983,fish caviar,fish,Fish
11984,fish chicken stock,chicken,Meat
11985,fish cod,cod,Fish
11986,fish eye pinot grigio wine,wine,Beverage-Alcoholic
11987,fish fillet australian mackeral,mackerel,Fish
11988,fish fillet bass,fish,Fish
11989,fish fillet coarsely,fish,Fish
11990,fish fillet each,fish,Fish
11991,fish fillet each salmon,salmon,Fish
11992,fish fillet flounder,flounder,Fish
11993,fish fillet grouper,grouper,Fish
11994,fish fillet haddock,haddock,Fish
11995,fish fillet hoki,fish,Fish
11996,fish fillet indian mackerel,mackerel,Fish
11997,fish fillet meat,fish,Fish
11998,fish fillet monkfish,fish,Fish
11999,fish fillet optional,fish,Fish
12000,fish fillet panga,fish,Fish
12001,fish fillet pike,fish,Fish
12002,fish fillet pomfret,fish,Fish
12003,fish fillet salmon,salmon,Fish
12004,fish fillet skin,fish,Fish
12005,fish fillet sole,sole,Fish
12006,fish fillet total,fish,Fish
12007,fish fillet trout,trout,Fish
12008,fish fillet turbot,fish,Fish
12009,fish fillet white,fish,Fish
12010,fish flake,fish,Fish
12011,fish flake katsuobushi,fish,Fish
12012,fish fumet,fish,Fish
12013,fish haddock,fish,Fish
12014,fish head,fish,Fish
12015,fish head rohu,fish,Fish
12016,fish mix,fish,Fish
12017,fish out,fish,Fish
12018,fish perch,perch,Fish
12019,fish powder,fish,Fish
12020,fish prawn,prawn,Seafood
12021,fish roe white,fish,Fish
12022,fish rub seasoning,spice mix,Spice
12023,fish salt,salt cod,Fish
12024,fish seasoning,spice mix,Spice
12025,fish sound like job,fish,Fish
12026,fish steak hapuka,steak,Fish
12027,fish steak mahi,steak,Fish
12028,fish stock head,fish bouillon,Fish
12029,fish stock may vegetable,vegetable stock,Vegetable
12030,fish taco marinade below,marinade,Dish
12031,fish tilapia,fish,Fish
12032,fish trimming head,fish,Fish
12033,fish veloute sauce,fish sauce,Condiment
12034,fish water,water,Additive
12035,fish whitefish,whitefish,Fish
12036,fisher chef walnut chip,walnut,Nuts and Seeds
12037,fisher reg ; walnut half,walnut,Nuts and Seeds
12038,five alive drink,juice,Beverage
12039,five cheese italian choice,cheese,Dairy
12040,five garlic onion pasta sauce,sauce,Additive
12041,fizzy lemonade,lemonade,Beverage
12042,fizzy lemonade outside uk,lemonade,Beverage
12043,fl ozs nut oil,cooking oil,Essential Oil
12044,fl vegetable oil,vegetable oil,Plant Derivative
12045,flake crabmeat,crab,Seafood
12046,flaky biscuit,biscuit,Bakery
12047,flaky butter crescent,butter,Dairy
12048,flaky layer biscuit,biscuit,Bakery
12049,flaky pastry crust,crust,Bakery
12050,flaky pie crust,pie crust,Bakery
12051,flaky refrigerator biscuit,biscuit,Bakery
12052,flan case pastry,pastry,Dish
12053,flan pastry dough,pastry,Bakery
12054,flan tin pastry,pastry,Dish
12055,flap meat,meat,Meat
12056,flap steak,steak,Fish
12057,flat bean,bean,Legume
12058,flat bean curd,curd,Legume
12059,flat beef chuck roast,beef,Meat
12060,flat beer,beer,Beverage
12061,flat bread iranian,bread,Bakery
12062,flat bread pita,bread,Bakery
12063,flat bread pizza crust,pizza,Bakery
12064,flat cactus leaf,cactus,Plant
12065,flat fish,fish,Fish
12066,flat korean fish cake,cake,Dish
12067,flat lasagna noodle,cannelloni,Cereal
12068,flat leaf coriander,coriander,Herb
12069,flat loaf ciabatta,sandwich,Dish
12070,flat pita bread,bread,Bakery
12071,flat wheat noodle,pasta,Cereal
12072,flat wide chinese noodle subsitute fettuccine,noodle,Cereal
12073,flatbread pizza,pizza,Dish
12074,flatfish fish fillet,fish,Fish
12075,flatiron steak,steak,Fish
12077,flavor,shortening,Additive
12078,flavor enhancer,shortening,Additive
12079,flavor extract optional,vanilla extract,Additive
12081,flavor fruit preserve,fruit preserve,Fruit
12082,flavor jimmy dean pork sausage,sausage,Dish
12083,flavor syrup,syrup,Condiment
12084,flavor vegetable juice,vegetable juice,Beverage
12085,flavorful marinara sauce,marinara sauce,Condiment
12086,flavorful oil sesame corn,sesame oil,Essential Oil
12087,flavoring brandy,brandy,Beverage-Alcoholic
12088,flavoring chambord,chamburu,Beverage-Alcoholic
12089,flavoring cinnamon,cinnamon,Additive
12090,flavoring juice,juice,Beverage
12091,flavoring lemon,lemon,Fruit
12092,flavoring orange,orange,Fruit
12093,flavoring vanilla,vanilla extract,Additive
12094,flavorless vegetable oil,vegetable oil,Plant Derivative
12095,flavorless vegetable oil peanut,vegetable oil,Plant Derivative
12096,flax,flax,Nuts and Seeds
12097,flax wheat tortilla,wheat tortilla,Bakery
12098,flaxseed meal,flaxseed,Nuts and Seeds
12099,flaxseed oil,cooking oil,Additive
12100,fleischmann margarine,sauce,Additive
12101,fleischmann pizza crust yeast,pizza,Bakery
12103,fleur de sel caramel,fleur de sel,Additive
12104,flounder white fish fillet,whitefish,Fish
12105,flour bun,flour,Bakery
12106,flour cake,wheat flour,Cereal
12107,flour chicken salt pepper,chicken,Spice
12108,flour don pepe,flour,Cereal
12109,flour meat,flour,Cereal
12110,flying fish egg,egg,Meat
12111,foam ball,melon,Fruit
12112,focaccia dough,focaccia,Cereal
12114,foglie d'autumn pasta,pasta,Cereal
12115,foie gras chicken,chicken,Dish
12116,foie gras pate,duck meat,Dish
12118,foil banana leaf,banana,Fruit
12122,folgers cappuccino mix,baking mix,Dish
12123,follain orange whiskey irish,whisky,Beverage-Alcoholic
12124,fontana cheese,cheese,Dairy
12125,food cake,cake,Dish
12126,food cake mix,cake,Dish
12131,food flavoring,vanilla extract,Additive
12132,foot ham hock,ham,Meat
12133,fordhook lima bean,beans,Legume
12134,forequarter mutton chop,mutton,Meat
12135,forest fruit tea,tea,Plant
12136,forest mushroom,mushroom,Fungi
12137,fort guacamole,avocado,Dish
12138,fortune cooky,biscuit,Dish
12139,four cheese alfredo sauce,fettuccine alfredo sauce,Dish
12140,four cheese italian,cheese,Dairy
12141,four cheese mexican monterey jack,cheese,Dairy
12142,four cheese pasta sauce white,sauce,Additive
12143,four grain cereal,granola cereal,Cereal
12144,four italian cheese,cheese,Dairy
12145,fowl turkey may be,turkey,Meat
12146,fragrant red rose,rose,Flower
12147,fragrant thai rice,thai glutinous rice,Cereal
12148,framboise liqueur,alcohol,Beverage-Alcoholic
12149,francesco rinaldi tomato basil pasta sauce,sauce,Additive
12150,franco american beef gravy,gravy,Dish
12151,frangelico hazelnut,hazelnut,Nuts and Seeds
12152,frangelico hazelnut liquer,hazelnut,Nuts and Seeds
12153,frangipane,custard,Dish
12154,frank buffalo sauce,sauce,Additive
12155,frank chicken sauce,chicken,Meat
12156,frank red buffalo sauce,sauce,Additive
12157,frank redhot xtra sauce,sauce,Additive
12158,frank sauce peppery,sauce,Additive
12159,frankfurter diagonally,sausage,Dish
12160,frankie chicken stock,chicken,Meat
12161,freeze blueberry,blueberry,Fruit
12162,french apple pie,apple pie,Fruit
12163,french baguette lengthwise,baguette,Bakery
12164,french bean crosswise,green bean,Cereal
12165,french bean green,green bean,Cereal
12166,french bean lengthwise,green bean,Cereal
12167,french bread baquette italian,bread,Bakery
12168,french bread cinnamon raisin,bread,Bakery
12169,french bread crosswise,baguette,Bakery
12170,french bread crumb,bread crumb,Bakery
12171,french bread cuban,baguette,Bakery
12172,french bread diagonally,baguette,Bakery
12173,french bread grain,baguette,Bakery
12174,french bread hard,baguette,Bakery
12175,french bread italian crust,bread,Bakery
12176,french bread italian lengthwise,bread,Bakery
12177,french bread larger loaf more cheese olive,baguette,Bakery
12178,french bread loaf,baguette,Bakery
12179,french bread out,baguette,Bakery
12180,french bread out overnight,baguette,Bakery
12181,french bread overnight,baguette,Bakery
12182,french bread peasant white,bread,Bakery
12183,french bread red potato,potato,Vegetable Tuber
12184,french bread sourdough,baguette,Bakery
12185,french bread wheat,baguette,Bakery
12186,french bread white,bread,Bakery
12187,french chili o seasoning,chili powder,Spice
12188,french dressing catalina,salad dressing,Dish
12189,french dressing italian,salad dressing,Dish
12190,french garnier orgeat,almond,Beverage-Alcoholic
12191,french goat cheese boucheron,cheese,Dairy
12192,french hamburger bun,hamburger,Bakery
12194,french onion cream,cream,Dish
12195,french onion dip mix,onion,Vegetable
12196,french onion soup doe not,onion,Vegetable
12197,french onion soup may,onion,Vegetable
12198,french onion soup mix chicken noodle,chicken,Meat
12199,french onion soup mix one,onion,Vegetable
12200,french onion soup mix salt,onion,Vegetable
12201,french onion soup water,onion,Vegetable
12203,french salad dressing,salad dressing,Dish
12204,french snail,snail,Meat
12205,french sourdough bread,baguette,Bakery
12206,french toast white bread,bread,Bakery
12207,french vanilla frosting,vanilla,Dish
12208,french vanilla liquid coffee creamer,vanilla,Dish
12209,french vanilla non dairy coffee creamer mix,vanilla,Dish
12210,french vermouth,vermouth,Beverage-Alcoholic
12211,french white cake mix,cake,Dish
12212,freshly popcorn,popcorn,Maize
12213,frisee lettuce,endive,Vegetable
12214,frisee lettuce leaf,endive,Vegetable
12215,frito lay bean dip,bean,Legume
12216,fritos bean dip,bean,Legume
12217,fritter,meat,Meat
12218,from dripping no,bacon,Meat
12219,fromage,fromage blanc,Dairy
12220,frontera red enchilada sauce,mole sauce,Condiment
12223,fruit banana chip lemon cranberry orange,banana,Fruit
12226,fruit blackberry,blackberry,Fruit
12227,fruit blueberry cherry rhubarb peach,blueberry,Fruit
12228,fruit bread raisin,bread,Bakery
12229,fruit bread white,bread,Bakery
12230,fruit bun,bread,Bakery
12232,fruit cake,cake,Dish
12233,fruit candy,candy,Fruit
12234,fruit cocktail cherry,fruit cocktail,Beverage
12235,fruit cocktail maraschino cherry,maraschino cherry,Beverage-Alcoholic
12236,fruit cookie,biscuit,Fruit
12237,fruit cranberry,cranberry,Fruit
12238,fruit currant,currant,Fruit
12239,fruit date,date,Fruit
12241,fruit e apple,apple,Fruit
12243,fruit essence chosen pineapple,pineapple,Beverage
12244,fruit gelatin,gelatin,Additive
12245,fruit grape,grape,Fruit
12246,fruit include banana,banana,Fruit
12247,fruit jam choice,jam,Fruit
12248,fruit jam jelly,jam,Fruit
12249,fruit jell,jam,Fruit
12250,fruit juice berry,passion fruit,Fruit
12251,fruit juice cherry,cherry juice,Beverage
12252,fruit juice cocktail,fruit cocktail,Beverage
12253,fruit juice eg orange,orange juice,Fruit
12254,fruit juice person,passion fruit,Fruit
12255,fruit kabob,meat,Meat
12256,fruit kiwi,kiwifruit,Fruit
12258,fruit licorice,licorice,Fruit
12259,fruit like blueberry,blueberry,Fruit
12260,fruit liqueur,alcohol,Beverage-Alcoholic
12261,fruit loop cereal,cereal,Cereal
12262,fruit mango,mango,Fruit
12264,fruit medley,medlar,Fruit
12266,fruit muffin cake,cake,Dish
12267,fruit n't,nut,Fruit
12268,fruit nut,nut,Nuts and Seeds
12269,fruit only apricot jam,jam,Fruit
12270,fruit orange,orange,Fruit
12271,fruit peach,peach,Fruit
12272,fruit pear lengthwise,pear,Fruit
12273,fruit pepper sauce,pepper sauce,Condiment
12274,fruit pie filling,cherry pie,Dish
12275,fruit pie filling cherry blueberry,cherry pie,Dish
12276,fruit pineapple,pineapple,Beverage
12277,fruit pineapple chunk,pineapple,Beverage
12278,fruit pineapple preserve,pineapple preserve,Fruit
12279,fruit pineapple ring,pineapple,Beverage
12280,fruit plum,plum,Fruit
12281,fruit prune,prune,Fruit
12283,fruit raisin apricot cranberry,apricot,Fruit
12284,fruit raisin cranberry,cranberry,Fruit
12285,fruit red currant black,black currant,Fruit
12286,fruit salad juice,passion fruit,Fruit
12287,fruit salsa,salsa,Condiment
12288,fruit salt,salt,Additive
12289,fruit sauce apricot,apricot,Fruit
12290,fruit sauce berry,berry cranberry sauce,Fruit
12291,fruit strawberry banana,banana,Fruit
12292,fruit strawberry raspberry kiw,jam,Fruit
12293,fruit such strawberry,strawberry,Fruit
12294,fruit sugar berry,sugar,Additive
12295,fruit sugar superfine,powdered sugar,Additive-Sugar
12296,fruit sultana,sultana,Fruit
12297,fruit sultana apricot,sultana,Fruit
12298,fruit sultana peel,sultana,Fruit
12299,fruit try raisin,raisin,Fruit
12300,fruit watermelon,watermelon,Fruit
12301,fruitcake prefer dark fruit cake,cake,Dish
12302,fruity mincemeat,meatball,Meat
12303,fruity red wine,wine,Beverage-Alcoholic
12304,fry oil,oil,Additive
12305,fry pepper,pepper,Spice
12306,fryer rabbit,rabbit,Meat
12307,frying oil olive,olive oil,Plant Derivative
12308,frying oil peanut,peanut oil,Plant
12309,frying oil skillet,oil,Additive
12310,frying oil vegetable,vegetable oil,Plant Derivative
12311,fudge,cake,Additive
12312,fudge cake mix,cake,Dish
12313,fudge marble cake mix,cake,Dish
12314,fudge sauce,sauce,Additive
12315,fudge stripe cooky,cake,Dish
12316,funnel seed,cumin,Spice
12317,furikake rice seasoning,spice mix,Spice
12318,fuyu persimmon,persimmon,Fruit
12319,gaaahlic pasta sauce,sauce,Additive
12320,gai lan 3lbs leafy vegetable,broccoli,Flower
12321,gai lan broccoli,broccoli,Flower
12322,gai lan broccoli leaf,broccoli,Flower
12324,galanga powder,galangal,Spice
12325,galangal grain,galangal,Spice
12326,galangal powder,galangal,Spice
12327,galia melon,melon,Fruit
12328,galletas maria cookie,amaretti di saronno,Dish
12329,gamba prawn,prawn,Seafood
12330,gamba shrimp,shrimp,Seafood
12331,game bird stock chicken,chicken,Meat
12332,game hen,hen,Meat
12333,game roast choice,roast beef,Meat
12334,game stock chicken,chicken,Meat
12335,game venison,venison,Meat
12336,garbanzo bean miso,chickpea,Legume
12337,garbanzo bean overnight,chickpea,Legume
12338,garden baby mustard cress,mustard,Spice
12339,garden chunky pasta sauce,sauce,Additive
12340,garden cress,garden cress,Plant
12341,garden herb tofu,tofu,Plant
12342,garden salad lettuce tomato onion bell pepper olive,salad,Dish
12343,garden spaghetti sauce,tomato sauce,Condiment
12344,garden vegetable cream cheese spread,cheese,Dairy
12345,garden vegetable pasta sauce,sauce,Additive
12346,garden vegetable tortilla,tortilla,Dish
12347,gari cassava flour,flour,Cereal
12348,garli garni seasoning,spice mix,Spice
12349,garlic alfredo pasta roni,pasta,Cereal
12350,garlic almond,garlic,Herb
12351,garlic amp ; pearl onion herb,onion,Vegetable
12352,garlic bologna,garlic,Herb
12353,garlic breadcrumb,garlic,Herb
12354,garlic breadstick,garlic,Herb
12355,garlic butter breadcrumb,bread,Bakery
12356,garlic butter herb,garlic,Dairy
12357,garlic butter rice mix,garlic,Dairy
12358,garlic cheese chunky spaghetti sauce,sauce,Additive
12359,garlic cheese italian sausage,italian sausage,Meat
12360,garlic cheese sauce,cheese,Dairy
12361,garlic cheese spread,cheese,Dairy
12362,garlic chile dip,sauce,Additive
12363,garlic chutney,garlic,Herb
12364,garlic ciabatta,garlic,Herb
12365,garlic cream cheese,cheese,Dairy
12366,garlic feta toast olive spread,olive,Condiment
12367,garlic flavor potato,potato,Vegetable Tuber
12368,garlic gouda cheese,cheese,Dairy
12369,garlic green chive,chive,Herb
12370,garlic herb,garlic,Herb
12371,garlic herb breadcrumb,bread,Bakery
12372,garlic herb cheese spread,cheese,Dairy
12373,garlic herb cream cheese,cheese,Dairy
12374,garlic herb marinade,marinara sauce,Herb
12375,garlic herb marinara sauce,marinara sauce,Condiment
12376,garlic herb pizza crust,pizza,Bakery
12377,garlic herb sauce mix,sauce,Additive
12378,garlic herb spaghetti sauce,tomato sauce,Condiment
12379,garlic kielbasa,garlic,Herb
12380,garlic lemon vinaigrette,vinegar,Plant Derivative
12381,garlic lime marinade,garlic,Herb
12382,garlic lime mayonnaise,mayonnaise,Condiment
12383,garlic mayo,mayonnaise,Condiment
12384,garlic melba toast vegetable,sandwich,Dish
12385,garlic mushroom marinara sauce,marinara sauce,Condiment
12386,garlic no cooking spray,cooking spray,Additive
12387,garlic olive oil pasta roni,garlic,Plant Derivative
12388,garlic onion cube,garlic,Bakery
12389,garlic parmesan cheese sauce,cheese,Dairy
12390,garlic parmesan pretzel crisp,garlic,Herb
12391,garlic pasta sauce,sauce,Additive
12392,garlic pepper seasoning black powder,spice mix,Spice
12393,garlic pickle,garlic pickle,Condiment
12394,garlic powder pepper,garlic,Herb
12395,garlic red chile paste bean,bean,Legume
12396,garlic red chile paste chili sauce,chili sauce,Condiment
12397,garlic red chile paste market,chili,Spice
12398,garlic red pepper spice mix tbsp,capsicum,Vegetable Fruit
12399,garlic salad dressing,salad dressing,Dish
12400,garlic salt brisket,garlic salt,Spice
12401,garlic salt cayenne pepper black,spice mix,Spice
12402,garlic salt onion,garlic salt,Spice
12403,garlic salt powder,garlic,Herb
12404,garlic salt white,garlic salt,Spice
12405,garlic sea salt,sea salt,Additive-Salt
12406,garlic season,garlic,Herb
12407,garlic sourdough bread,bread,Dish
12408,garlic spaghetti sauce,tomato sauce,Condiment
12409,garlic spicy three pepper,garlic,Vegetable
12410,garlic spread,garlic,Dairy
12411,garlic steak chimichurri sauce,sauce,Additive
12412,garlic steak seasoning,spice mix,Spice
12413,garlic teriyaki sauce,teriyaki sauce,Condiment
12414,garlic tomato,tomato,Herb
12415,garlic tomato basil pasta sauce,sauce,Additive
12416,garlic tomato herb hint walnut,garlic,Dish
12417,garlic tomato pasta sauce,sauce,Additive
12418,garlic tomato vinaigrette,vinegar,Plant Derivative
12419,garlic vinaigrette dressing,vinegar,Plant Derivative
12420,garlic vinegar,vinegar,Plant Derivative
12421,garnish almond,almond,Nuts and Seeds
12422,garnish chinese noodle,noodle,Cereal
12423,garnish peanut,peanut,Additive
12424,gaspar linguica sausage,linguica sausage,Meat
12425,gay lea butter,butter,Dairy
12426,gebhard chili without bean,chili bean,Dish
12427,gebhardt reg ; chili powder,chili powder,Spice
12428,gefilte fish,fish,Fish
12430,gelatin mix,gelatin,Additive
12431,general food,cheese,Dairy
12432,generous white onion,white onion,Vegetable
12433,genoa salami hard,salami,Meat
12434,geoduck clam,clam,Seafood
12435,george washington golden broth seasoning,spice mix,Spice
12436,geranium leaf,bay leaf,Plant
12438,german bockwurst,german mustard,Condiment
12440,german bread rye,bread,Bakery
12441,german cambozola cheese,cheese,Dairy
12442,german chamomile,german mustard,Condiment
12443,german chocolate bar,chocolate,Plant Derivative
12444,german chocolate cake mix food,cake,Dish
12445,german chocolate square,chocolate,Plant Derivative
12446,german egg noodle,egg,Meat
12447,german hormel wurst,german mustard,Condiment
12448,german krauterfladenbrot flat bread,bread,Bakery
12449,german pumpernickel bread,bread,Bakery
12450,german rye bread,bread,Bakery
12451,german sparkling wine,wine,Beverage-Alcoholic
12452,german stollen,german mustard,Condiment
12453,gherkin cornichon,cucumber,Gourd
12454,gherkin lengthwise,cucumber,Gourd
12455,ghiradelli chocolate,chocolate,Plant Derivative
12456,ghiradelli milk chocolate chip,milk chocolate,Additive
12457,ghirardelli chocolate cocoa,chocolate,Plant Derivative
12458,ghirardelli cocoa powder,cocoa,Seed
12459,ghirardelli dark chocolate chip,dark chocolate,Plant
12460,ghirardelli milk chocolate chip,milk chocolate,Additive
12461,ghirardelli mint chip,milk chocolate,Additive
12462,ghirardelli semi chocolate chip,chocolate chip,Additive
12463,ghirardelli white baking chocolate,chocolate chip,Plant Derivative
12464,ghost chile pepper,chili,Spice
12465,ghost chili,chili,Spice
12466,ghost salt pepper,pepper,Spice
12467,gianduja chocolate,chocolate,Plant Derivative
12468,giant italian ladyfinger,okra,Vegetable
12469,giant kelp,kelp,Seafood
12470,giardiniera cauliflower,cauliflower,Flower
12471,giardiniera juice,juice,Dish
12472,giardiniera optional,juice,Dish
12473,giardiniera relish,juice,Dish
12474,giblet,chicken,Meat
12475,gilbert beef cheddar sausage,sausage,Dish
12476,gill cream,cream,Dairy
12477,gilroy garlic,garlic,Herb
12478,gimmie soy,soy sauce,Condiment
12479,gingelly oil,oil,Additive
12480,ginger ale concentrate,ginger,Beverage-Alcoholic
12481,ginger ale soda,ginger,Beverage-Alcoholic
12482,ginger chili paste,ginger,Spice
12483,ginger dip,ginger,Condiment
12484,ginger flavoring,ginger,Spice
12485,ginger garlic green chili paste,ginger garlic paste,Spice
12486,ginger garlic paste chop equal q,ginger garlic paste,Spice
12487,ginger garlic paste each,ginger garlic paste,Spice
12488,ginger garlic paste microplane,ginger garlic paste,Spice
12489,ginger garlic paste n't,ginger garlic paste,Spice
12490,ginger lemonade lemon juice,lemonade,Beverage
12491,ginger liqueur,ginger,Spice
12492,ginger nut biscuit,ginger,Spice
12493,ginger oil,ginger,Plant Derivative
12494,ginger orange marmalade,ginger,Condiment
12495,ginger peel,ginger,Spice
12496,ginger sesame paste,ginger,Spice
12497,ginger sesame salad dressing,salad dressing,Dish
12498,ginger shallot sauce,sauce,Additive
12499,ginger simple syrup,simple syrup,Additive
12500,gingerbread cooky,biscuit,Dish
12501,gingerbread mix,baking mix,Dish
12502,gingerbread spice cake mix,spice mix,Spice
12503,gingerroot 45g,ginger,Spice
12504,gingerroot juice,ginger,Spice
12505,gingerroot out,ginger,Spice
12506,gingerroot wo n't do,ginger,Spice
12507,gingersnap cookie crumb,biscuit,Bakery
12508,gingersnap corn starch,corn,Maize
12509,gingersnap juicy,ginger,Bakery
12510,girard champagne dressing,champagne,Condiment
12511,girard champagne vinaigrette,vinegar,Plant Derivative
12512,gizzard,chicken,Meat
12513,glace apple,apple,Fruit
12514,glace green cherry,cherry,Additive
12515,glace kiwi fruit,kiwifruit,Fruit
12516,glace pear,pear,Fruit
12517,glace red cherry,red cherry,Fruit
12518,glass orange juice,orange juice,Fruit
12520,glitter powder,chili powder,Spice
12521,gluten baking flour,gluten flour,Cereal
12522,gluten baking mix,baking mix,Dish
12523,gluten beef stock powder,beef stock,Meat
12524,gluten buttermilk brown rice,brown rice,Cereal
12525,gluten cereal,cereal,Cereal
12526,gluten chicken,chicken,Meat
12527,gluten chili sauce,chili paste,Condiment
12528,gluten cooking oat,oats,Cereal
12529,gluten curry gravy mix,gravy,Dish
12530,gluten flour almond coconut,gluten flour,Cereal
12531,gluten flour bean,gluten flour,Cereal
12532,gluten flour bread mix,flour,Cereal
12533,gluten flour gum,gluten flour,Cereal
12534,gluten flour mix,gluten flour,Cereal
12535,gluten gingersnap cooky,biscuit,Bakery
12536,gluten oat,oat,Cereal
12537,gluten powder,wheat,Cereal
12538,gluten purpose baking flour,flour,Cereal
12539,gluten rice bubble,rice,Cereal
12540,gluten rice flour,rice flour,Cereal
12541,gluten rice flour mix,rice flour,Cereal
12542,gluten soy sauce kikkoman,soy sauce,Condiment
12543,gluten taco seasoning mix,spice mix,Spice
12544,gluten tamari,soy sauce,Condiment
12545,gluten thai rice noodle,pasta,Cereal
12546,gluten tortilla,tortilla,Dish
12547,gluten waffle,waffle,Dish
12548,glutinous black rice,rice,Cereal
12549,glutinous flour,glutinous rice,Cereal
12550,gmstoovar dal,toor dal,Legume
12551,gnocchetti pasta,pasta,Cereal
12552,gnocchi handmade,potato,Vegetable Tuber
12553,gnocchi spelt,potato,Vegetable Tuber
12554,gnocchi storebought,potato,Vegetable Tuber
12555,goat,cheese,Dairy
12556,goat cheese caprino,cheese,Dairy
12557,goat cheese crumbles,cheese,Dairy
12558,goat cheese curd,cheese,Dairy
12559,goat cheese hollandaise sauce,cheese,Dairy
12560,goat cheese log,cheese,Dairy
12561,goat cheese milk,cheese,Dairy
12562,goat cheese neufchatel,cheese,Dairy
12563,goat cheese salad dressing,cheese,Dairy
12564,goat cheese worth,cheese,Dairy
12565,goat cheese young ``,cheese,Dairy
12566,goat curd,cheese,Dairy
12567,goat foot,cheese,Dairy
12568,goat horn pepper,pepper,Spice
12569,goat leg,meat,Meat
12570,goat meat kid,meat,Meat
12571,goat milk el kasih,meat,Meat
12572,goat milk preferably,meat,Meat
12573,goat shoulder,meat,Meat
12574,gochugaru red pepper powder,korean chile pepper,Spice
12575,gochujang korean red chili paste,chili,Spice
12576,godiva dark chocolate heart biscuit,dark chocolate,Plant
12577,godiva milk chocolate,chocolate milk,Beverage
12578,godiva petite mousse biscuit,biscuit,Bakery
12579,godiva praline hazelnut biscuit,hazelnut,Nuts and Seeds
12580,goji berry optional,berry,Berry
12581,gold tequila important,tequila,Beverage-Alcoholic
12582,golden balsamic vinegar,balsamic vinegar,Additive-Vinegar
12583,golden cane sugar,sugar,Additive
12584,golden corn,corn,Maize
12585,golden corn soup,corn,Maize
12586,golden cream mushroom soup,cream celery soup,Dish
12587,golden crisco,raisin,Fruit
12588,golden curry sauce mix,fettuccine alfredo sauce,Dish
12589,golden italian dressing,salad dressing,Dish
12590,golden milk,milk,Dairy
12591,golden mountain seasoning sauce,browning sauce,Condiment
12592,golden pepperoncini pepper,pepperoncini,Vegetable
12593,golden poundcake,raisin,Fruit
12594,golden yellow pepper,pepper,Spice
12595,goldfish cracker,cracker,Bakery
12596,golf ball tomatillo,tomatillo,Vegetable
12597,gomme syrup,syrup,Plant Derivative
12598,gonnella french,bread,Bakery
12599,goose carcass including giblet,goose,Meat
12600,goose stock beef bouillon,beef stock,Meat
12601,gooseberry jam apricot,jam,Fruit
12602,gordon gin,gin,Beverage-Alcoholic
12603,gourd ribbon,gourd,Fruit
12605,gourmet beef sausage,sausage,Dish
12606,gourmet chocolate syrup,chocolate sauce,Plant Derivative
12607,gourmet cookie dough syrup,syrup,Plant Derivative
12608,gourmet garden chili pepper sauce,chili paste,Condiment
12609,gourmet garlic basil seasoning,spice mix,Spice
12610,gourmet grandmother beef roast seasoning,roast beef,Meat
12612,gourmet hamburger bun,hamburger,Bakery
12613,gourmet olive,olive,Plant
12614,gourmet peppermint syrup,syrup,Plant Derivative
12615,gourmet potato chip,potato chip,Dish
12616,gourmet red potato,potato,Vegetable Tuber
12617,gourmet salad green,green salad,Vegetable
12618,gourmet taco soup seasoning,spice mix,Spice
12619,gourmet vegetable,vegetable,Vegetable
12620,gourmet wine vinegar,vinegar,Plant Derivative
12621,goya,sauce,Additive
12622,goya adobo purpose seasoning pepper,pepper,Spice
12623,goya adobo seasoning,adobo,Additive
12624,goya bay leaf,bay leaf,Herb
12625,goya bean,bean,Legume
12626,goya beef bouillon,beef bouillon cube,Meat
12627,goya bitter orange marinade grapefruit juice lime,lime juice,Beverage
12628,goya black bean,bean,Legume
12629,goya con azafran seasoning,spice mix,Spice
12630,goya corn oil,corn,Maize
12631,goya dulce,sauce,Additive
12632,goya fancy pimiento,cherry pepper,Spice
12633,goya golden cooking wine,wine,Beverage-Alcoholic
12634,goya green jalapeno pepper,jalapeno,Spice
12635,goya guajillo chile,chili,Spice
12636,goya hot sauce,sauce,Additive
12637,goya mango nectar,mango,Plant Derivative
12638,goya mojo chipotle,chili,Spice
12639,goya pasilla chile,chili,Spice
12640,goya pea,pea,Legume
12641,goya pineapple chunk,pineapple,Fruit
12642,goya pineapple juice,pineapple,Beverage
12643,goya red bean,red bean,Legume
12644,goya roman bean,bean,Legume
12645,goya salsa,salsa,Condiment
12646,goya sazon azafran seasoning,spice mix,Spice
12647,goya sazon seasoning cilantro,spice mix,Spice
12648,goya seasoning sazon,spice mix,Spice
12650,goya tomato sauce,sauce,Additive
12651,gr brown onion,onion,Vegetable
12652,gr pastry dough,pastry,Bakery
12653,gr thai rice noodle,pasta,Cereal
12654,grace browning sauce,browning sauce,Condiment
12655,grace cock soup mix,onion soup,Dish
12656,grade b maple syrup,syrup,Additive
12657,graham cracker cheesecake crust,graham cracker crust,Bakery
12658,graham cracker tart shell,graham cracker crust,Bakery
12659,graham cracker work,graham cracker,Bakery
12660,graham wafer crumb chocolate cookie,graham cracker,Bakery
12661,graham wafer crust,graham cracker crust,Bakery
12662,grain artisan bread,bread,Bakery
12663,grain bagel,whole grain bagel,Bakery
12664,grain baguette,baguette,Bakery
12665,grain bread baguette,baguette,Bakery
12666,grain bread bet,bread,Bakery
12667,grain bread twelve,bread,Bakery
12668,grain brown rice white okay,white rice,Cereal
12669,grain cinnamon raisin bread,bread,Bakery
12670,grain fettuccine,pasta,Cereal
12671,grain flatbread,white rice,Cereal
12672,grain german bread,bread,Bakery
12673,grain hamburger bun,hamburger,Bakery
12674,grain honey dijon mustard,mustard,Condiment
12675,grain honey mustard,honey mustard,Condiment
12676,grain jasmine rice,jasmine rice,Cereal
12677,grain melba toast,bread,Bakery
12678,grain no boil lasagna noodle,pasta,Cereal
12679,grain noodle macaroni,macaroni,Plant
12680,grain oat,oat,Cereal
12681,grain oat flour,oat,Cereal
12682,grain pastry flour,flour,Cereal
12683,grain pita,bread,Bakery
12684,grain pita bread,bread,Bakery
12685,grain rice c,white rice,Cereal
12686,grain rice jasmine,jasmine rice,Cereal
12687,grain sandwich,sandwich,Dish
12688,grain spaghetti,spaghetti,Cereal
12689,grain version,white rice,Cereal
12690,grain wheat barley cereal bran flake,cereal,Cereal
12691,grain wheat bread,bread,Bakery
12692,grain wild rice chicken flavor,chicken,Cereal
12693,grainy bread,bread,Bakery
12694,grainy brown mustard,mustard,Condiment
12695,grainy dijon mustard,mustard,Condiment
12696,gramma spaghetti sauce,sauce,Additive
12697,gran gala,gala apple,Fruit
12699,grand marnier custard sauce,sauce,Additive
12700,grangala triple orange liqueur,curacao liqueur,Beverage-Alcoholic
12701,granita biscuit,biscuit,Bakery
12702,granny smith apple crosswise,granny smith apple,Fruit
12703,granular no calorie,granola cereal,Cereal
12705,grape jam,grape,Fruit
12706,grape jelly raspberry jam,fruit preserves,Fruit
12707,grape jelly sauce darker pepper flake,pepper sauce,Condiment
12708,grape juice concentrate jelly,grape,Beverage
12709,grape juice concentrate red wine,red grape,Fruit
12710,grape juice fruit,grape,Beverage
12711,grape seed oil,linseed oil,Essential Oil
12712,grape sport drink,grape,Beverage
12713,grapefruit liqueur,grapefruit juice,Beverage
12714,grapefruit without white layer,grapefruit,Beverage
12715,grapeseed oil smoke point,grapeseed oil,Essential Oil
12716,grappa without,chili bean,Dish
12717,grass hearty soup mix,onion soup,Dish
12718,grass milk,milk,Dairy
12719,grasshopper fudge mint,mentha,Herb
12720,grate orange,orange,Fruit
12721,gravenstein apple,apple,Fruit
12722,gravox gravy mix,gravy,Dish
12723,gravox powder,chili powder,Spice
12724,gravy beef stock,beef stock,Meat
12725,gravy chicken,chicken,Meat
12726,gravy flavoring,gravy,Dish
12727,gravy maker mix,gravy,Dish
12728,gravy meat turnip,turnip,Vegetable
12729,gravy spaghetti sauce,tomato sauce,Condiment
12730,gravymaster browning sauce,browning sauce,Condiment
12731,gray sea salt,sea salt,Additive-Salt
12732,great bread,bread,Bakery
12733,great harvest bread,bread,Bakery
12734,great value mexican cheese,cheese,Dairy
12735,great value white bread,bread,Bakery
12737,greek baking powder pie crust,pie crust,Bakery
12738,greek black olive,olive,Plant
12739,greek fassolia butter bean,lima bean,Legume
12740,greek feta cheese dressing,feta,Dairy
12741,greek feta vinaigrette,feta,Dairy
12742,greek goddess salad dressing,salad dressing,Dish
12743,greek kefalotiri cheese,cheese,Dairy
12744,greek kefalotiri parmesan cheese,cheese,Dairy
12746,greek mizithra cheese,cheese,Dairy
12747,greek olive california,olive,Plant
12748,greek olive oil,olive,Plant Derivative
12749,greek peach,peach,Fruit
12750,greek pepper mezzetta garlic peperoncini,spice mix,Spice
12751,greek salad dressing work,salad dressing,Dish
12752,greek salad green,salad,Dish
12753,greek salt seasoning mix,spice mix,Spice
12754,greek seasoning below,spice mix,Spice
12755,greek seasoning mix,spice mix,Spice
12756,greek spice,spice mix,Spice
12757,greek spice seasoning,spice mix,Spice
12758,greek vinaigrette dressing oregano,greek vinaigrette,Condiment
12759,greek vinaigrette italian dressing,greek vinaigrette,Condiment
12760,greek yogurt carry last resort,greek yogurt,Dairy
12761,greek yogurt cheese,greek yogurt,Dairy
12762,greek yogurt chobani non,strained yogurt,Dairy
12763,greek yogurt cream be,greek yogurt,Dairy
12764,greek yogurt fage,greek yogurt,Dairy
12765,greek yogurt fago,greek yogurt,Dairy
12766,greek yogurt labneh,greek yogurt,Dairy
12767,greek yogurt not,greek yogurt,Dairy
12768,greek yogurt reduce honey by half,greek yogurt,Dairy
12769,greek yogurt vanilla,greek yogurt,Dairy
12770,greek yogurt walnut,greek yogurt,Dairy
12771,greek yogurt water,greek yogurt,Dairy
12772,green apple bubble,green apple,Fruit
12773,green apple juice concentrate,apple,Beverage
12774,green baby pea,pea,Legume
12775,green bean carrot,bean,Legume
12776,green bean cooking liquid,green bean,Cereal
12777,green bean jelly,green bean,Cereal
12778,green bell pepper flake,capsicum,Vegetable Fruit
12779,green bell pepper lengthwise,capsicum,Vegetable Fruit
12780,green bell pepper onion,capsicum,Vegetable Fruit
12781,green bird chilies,chili powder,Vegetable
12782,green bird eye chili,chili pepper,Vegetable
12783,green cabbage leaf,cabbage,Vegetable
12784,green candy sprinkle,candy,Additive
12785,green cherry pepper red jalapeno total,cherry pepper,Spice
12786,green cherry red,cherry,Additive
12787,green chile juice,chili,Spice
12788,green chile picante sauce,enchilada,Condiment
12789,green chile ranchero sauce,sauce,Additive
12790,green chile serranos,chili pepper,Vegetable
12791,green chili paste do not eat,chili pepper,Vegetable
12792,green chili pepper flake,chili pepper,Vegetable
12793,green chili pepper pepperoncini,chili pepper,Vegetable
12794,green chili pepperoncini pepper,chili pepper,Vegetable
12795,green chilies juice,chili powder,Vegetable
12796,green chilies lengthwise,chili powder,Vegetable
12797,green coconut juice,coconut,Vegetable
12798,green colossal olive,olive,Plant
12799,green crystal sugar,sugar,Additive
12802,green egg dye,egg,Meat
12803,green enchilada sauce red,mole sauce,Condiment
12805,green finger chili,chili pepper,Vegetable
12809,green garlic chive,chive,Herb
12811,green giant broccoli,broccoli,Flower
12812,green giant cream corn,cream style corn,Maize
12813,green giant garden herb pasta accent,pasta,Cereal
12815,green giant reg corn,corn,Maize
12817,green giant white corn sauce,white sauce,Dish
12818,green gingerroot,ginger,Spice
12819,green goddess sauce,green chili sauce,Condiment
12820,green grape cluster,grape,Fruit
12821,green grape juice,grape,Fruit
12822,green greek olive athos,olive,Plant
12823,green hamburger relish,hamburger,Condiment
12825,green hot chili,green chili pepper,Vegetable
12826,green hot pepper lengthwise,green chili pepper,Vegetable
12827,green ice cream cone,ice cream,Dish
12829,green italian olive,olive,Plant
12830,green jalapeno serrano pepper,serrano pepper,Vegetable
12831,green jell o,lime jello,Additive
12834,green methi leaf,fenugreek,Herb
12837,green moroccan olive,olive,Plant
12839,green nori,nori,Seafood
12840,green nori flake ingredient,capsicum,Vegetable Fruit
12842,green olive juice,olive,Plant
12843,green olive spanish,green olive,Plant
12844,green onion diagonally,onion,Vegetable
12845,green onion miso vinaigrette below,scallion,Herb
12846,green onion part,onion,Vegetable
12847,green onion portion,onion,Vegetable
12848,green onion red,onion,Vegetable
12849,green onion stem,onion,Vegetable
12851,green pea flour,pea,Legume
12852,green pea soup,pea,Legume
12853,green pear,pear,Fruit
12854,green pepper chili,chili pepper,Vegetable
12855,green pepper jalapeno,jalapeno,Spice
12856,green pepper red bell,capsicum,Vegetable Fruit
12857,green peppercorn brine coarsely,pepper,Spice
12858,green pepperoncini pepper,chili pepper,Vegetable
12860,green pineapple,pineapple,Beverage
12861,green red cayenne chile lengthwise,chili,Spice
12863,green salad olive,olive,Plant
12864,green serrano pepper,chili pepper,Vegetable
12866,green shiso leaf,shiso leaf,Herb
12867,green sugar candy,candy,Additive-Sugar
12868,green tamarind,tamarind,Fruit
12869,green tea noodle,green tea,Beverage
12870,green tea powder lemon extract cocoa,matcha,Beverage
12871,green tea powder maccha,matcha,Beverage
12872,green tea powder macha,matcha,Beverage
12873,green tea powder n't recognise,matcha,Beverage
12874,green tomatillo sauce tomato,tomato sauce,Condiment
12875,green tomato relish,tomato,Vegetable
12876,green wasabi mustard,mustard,Vegetable
12877,green wheat grain,whole-wheat flour,Cereal
12879,green yellow bean,green bean,Cereal
12880,green yellow zucchini,zucchini,Vegetable
12881,greenlandic prawn,prawn,Seafood
12882,gren bean,bean,Legume
12883,grenadine juice,juice,Plant Derivative
12884,grey poupon honey mustard,mustard,Condiment
12885,grey sea salt,sea salt,Additive-Salt
12886,grey taro root,taro,Herb
12887,grilling chicken flavor,chicken,Meat
12888,grilling steak,steak,Fish
12889,grilling strip beef,beef,Meat
12890,grillmates marinade,sauce,Additive
12891,grouse breast,chicken,Meat
12892,grown orange leaf,orange,Fruit
12893,guacamole cream,cream,Dairy
12894,guacamole mix,avocado,Spice
12895,guacamole muy facil,avocado,Dish
12896,guacamole pepper,pepper,Spice
12897,guacamole salad,salad,Dish
12898,guacamole salsa,salsa,Condiment
12899,guajillo chili,chili,Spice
12900,guajillo chili mirasol,chili,Spice
12901,guajillo chilies chili pepper,chili,Spice
12902,guajillo chilies mexico pepper,guajillo chile,Vegetable
12903,guajillo chilies new mexico pepper,guajillo chile,Vegetable
12904,guajillo chilies pepper,guajillo chile,Vegetable
12905,guanabana nectar goya,chili,Spice
12906,guanjino chile pepper,guajillo chile,Vegetable
12907,guarana powder,berry,Berry
12908,guava jam,guava,Fruit
12909,guero chile pepper,cherry pepper,Spice
12910,guerrero tostada,tostada,Bakery
12911,guijuillo chilies,chili,Spice
12912,guindilla pepper,pepper,Spice
12913,guindilla pepper red flake,red pepper flake,Vegetable
12914,guinness stout draught,stout beer,Beverage-Alcoholic
12915,guittard mint chocolate chip,chocolate,Plant Derivative
12916,gummy frog,frog,Dish
12918,gunpowder green tea leaf,green tea,Beverage
12919,gusto hot pepper,pepper,Spice
12920,gyoza dumpling,dumpling,Dish
12922,h p brown sauce,sauce,Additive
12923,haas avocado,avocado,Essential Oil
12924,habanaro pepper sauce,pepper sauce,Condiment
12925,habanero chili,habanero,Condiment
12926,habanero infused oil vegetable,vegetable oil,Plant Derivative
12927,habanero pepper cheese,cheese,Dairy
12928,hachiya persimmon,persimmon,Fruit
12929,haddock chunk,haddock,Fish
12930,haddock cod,cod,Fish
12931,haddock etc,haddock,Fish
12932,haddock hake fillet,haddock,Fish
12933,haddock halibut,halibut,Fish
12934,haddock white fish,white fish,Fish
12935,hake,fish,Fish
12936,hake fish fillet,fish,Fish
12937,hakurei turnip,turnip,Vegetable
12938,half greek yogurt,greek yogurt,Dairy
12939,half leg lamb,lamb,Meat
12940,half rotini noodle,noodle,Cereal
12941,half salt pepper,pepper,Spice
12942,halibut bass,halibut,Fish
12943,halloween oreo cooky,biscuit,Dish
12944,halvah candy,candy,Additive
12945,halve peach,peach,Fruit
12946,ham base,ham,Meat
12947,ham bouillon,ham,Meat
12948,ham half,ham,Meat
12949,ham knuckle,ham,Meat
12950,ham meat,ham,Meat
12951,ham meat from,ham,Meat
12952,ham meat spread,ham,Meat
12953,ham pork hock,ham,Meat
12954,ham soup base adjust,ham,Meat
12955,ham stock chicken broth,chicken,Meat
12956,hamachi,ham,Fish
12957,hamburger bun barbecue beef hoagie,hamburger,Bakery
12958,hamburger bun bread,hamburger,Bakery
12959,hamburger bun everywhere,hamburger,Bakery
12960,hamburger bun french bread,baguette,Bakery
12961,hamburger bun garlic butter,hamburger,Bakery
12962,hamburger bun grain are,hamburger,Bakery
12963,hamburger bun italian,hamburger,Bakery
12964,hamburger bun onion,hamburger,Bakery
12965,hamburger bun pav bread,hamburger,Bakery
12966,hamburger bun salad green,hamburger,Bakery
12967,hamburger bun wheat,hamburger,Bakery
12968,hamburger bun wheat bread,hamburger,Bakery
12969,hamburger grilling,hamburger,Bakery
12970,hamburger helper cheeseburger macaroni mix,hamburger,Dish
12971,hamburger helper mix,hamburger,Bakery
12972,hamburger helper mix beef pasta macaroni,pasta,Cereal
12973,hamburger pickle relish,hamburger,Condiment
12974,hamburger sirloin,hamburger,Bakery
12975,hamburger soy crumbles,hamburger,Bakery
12976,hamburger trimming,hamburger,Bakery
12977,handfull snow pea sprout,pea,Legume
12978,hanover green bean,green bean,Cereal
12979,hard breadstick,cheese,Dairy
12980,hard candy,cheese,Dairy
12981,hard candy flavoring extract,vanilla extract,Additive
12982,hard chinese noodle,noodle,Cereal
12983,hard chorizo sausage,chorizo,Meat
12984,hard cider,cider,Beverage-Alcoholic
12985,hard crust,crust,Bakery
12986,hard egg lengthwise,egg,Meat
12987,hard egg white,egg,Meat
12989,hard italian,parsley,Spice
12990,hard italian bread,bread,Bakery
12991,hard italian cheese,cheese,Dairy
12992,hard peppermint candy,candy,Additive
12993,hard salami ham,ham,Meat
12994,hard salami pepperoni,pepperoni,Meat
12995,hard sub,cheese,Dairy
12996,hard vegetable,vegetable,Vegetable
12997,hardy white bread,bread,Bakery
12998,haricot verts green bean,beans,Legume
12999,harissa paste,sauce,Additive
13000,harissa red pepper paste,chili pepper,Vegetable
13002,harvey bristol cream,cream,Dairy
13003,hash brown onion,onion,Vegetable
13004,hash cheddar cheese,cheese,Dairy
13005,hatch brand tomato enchilada sauce,sauce,Additive
13006,hatch chile poblano pepper,poblano,Vegetable
13007,hatch green chile enchilada sauce,sauce,Additive
13008,hatch green chilies,chili powder,Vegetable
13009,hatch red chili sauce,sauce,Additive
13012,havarti cheese 2oz,cheese,Dairy
13013,havarti cheese herb,cheese,Dairy
13014,hawaiian bread egg,egg,Meat
13015,hawaiian bun,bread,Bakery
13016,hawaiian dinner,bread,Bakery
13017,hawaiian luau marinade,sauce,Additive
13018,hawaiian marinade,sauce,Additive
13020,hazelnut liquid coffee creamer,cream,Beverage
13021,hazelnut milk chocolate,chocolate milk,Beverage
13022,hazelnut wafer biscuit,hazelnut,Nuts and Seeds
13023,hazlenut liqueur,liqueur,Beverage-Alcoholic
13024,hccc chili seasoning mix,chili powder,Spice
13025,head belgian endive,endive,Vegetable
13026,head bibb boston lettuce,lettuce,Vegetable
13027,head boston lettuce,lettuce,Vegetable
13028,head broccolini,cauliflower,Flower
13029,head cauliflower floret,cauliflower,Flower
13030,head cheese,cheese,Dairy
13031,head chicory lengthwise,cauliflower,Flower
13032,head endive,endive,Vegetable
13033,head fish,fish,Fish
13034,head garlic crosswise,garlic,Herb
13035,head green,cabbage,Vegetable
13036,head green leaf lettuce,lettuce,Vegetable
13037,head lavender,lavender,Flower
13038,head lavender flower,lavender,Flower
13039,head lettuce leaf,lettuce,Vegetable
13040,head romaine lettuce leaf,romaine lettuce,Vegetable
13041,head romaine lettuce lengthwise,romaine lettuce,Vegetable
13042,head romanesco,cauliflower,Flower
13043,head shrimp,shrimp,Seafood
13044,headless prawn,prawn,Seafood
13045,health bread multi grain,wheat tortilla,Bakery
13046,heap ginger garlic paste,ginger garlic paste,Spice
13047,heart cream chicken soup,chicken,Dish
13048,heart palm brine,heart palm,Vegetable
13049,heart romaine lettuce,romaine lettuce,Vegetable
13050,hearty chicken stock,chicken,Meat
13051,hearty cracker,cracker,Bakery
13052,hearty farmhouse bread,bread,Bakery
13053,hearty multigrain bread,bread,Bakery
13054,hearty red wine,wine,Beverage-Alcoholic
13055,hearty sandwich bread,bread,Bakery
13057,hearty white bread challah,bread,Bakery
13058,heat safe oil,oil,Additive
13059,heat safe oil olive,olive oil,Plant Derivative
13060,heath bar candy,candy,Plant
13061,heath bar toffee bit,bacon,Meat
13062,heath toffee bit,bacon,Meat
13063,heavily bread,bread,Bakery
13065,heavy clay,cream,Dairy
13066,heavy double cream whipping,whipped cream,Dairy
13070,heavy whipping cream milk,whipped cream,Dairy
13071,heeng,asafoetida,Spice
13072,heinz au jus gravy,sauce,Additive
13073,heinz cream tomato soup,tomato,Vegetable
13074,heinz french onion soup beef,beef,Meat
13075,heinz pork sauce,sauce,Additive
13076,heirloom green bean,bean,Legume
13077,heirloom tomato mixing green,tomato,Vegetable
13078,heirloom tomato salsa,tomato,Legume
13079,heirloom tomato try combine different,tomato,Legume
13080,hellman mayonnaise,mayonnaise,Condiment
13081,hellman olive oil mayonnaise,olive oil,Plant Derivative
13082,hemans olive oil mayonnaise,olive oil,Plant Derivative
13083,herb bread,bread,Bakery
13084,herb brown gravy mix,gravy,Dish
13085,herb cheese spread,cheese,Dairy
13086,herb chevre cheese,cheese,Dairy
13087,herb crouton,crouton,Bakery
13088,herb garlic tomato sauce,tomato sauce,Condiment
13090,herb mayonnaise,mayonnaise,Condiment
13091,herb pizza dough,pizza,Dish
13094,herbal liqueur,liqueur,Beverage-Alcoholic
13095,herbal salt substitute,salt,Additive
13096,herbes,herbes de provence,Herb
13097,herbes choice,sausage,Dish
13098,herbes de choice,herbes de provence,Herb
13099,herbes de herb,herbes de provence,Herb
13100,herbes de italian herb,herbes de provence,Herb
13101,herbes de italian seasoning,italian seasoning,Herb
13102,herbes de marjoram,herbes de provence,Herb
13104,herbes de provence combo,herbes de provence,Herb
13106,herbes french herb thyme leaf,thyme,Herb
13107,herdez red salsa,salsa,Condiment
13108,herdez salsa casera,salsa,Condiment
13109,herdez salsa casera mexican sauce,salsa,Condiment
13110,hermsdorf corn,corn,Maize
13111,hero aka hoagie,bread,Bakery
13112,hero dog bun,hotdog,Bakery
13113,herradura tequila,tequila,Beverage-Alcoholic
13114,herring roe,herring,Fish
13115,herring tidbit,herring,Fish
13117,hershey chocolate candy bar,candy,Plant
13118,hershey chocolate crumb crust,dark chocolate,Plant
13119,hershey dark chocolate,dark chocolate,Plant
13120,hershey dark cocoa,dark chocolate,Plant
13121,hershey hug chocolate,chocolate,Plant Derivative
13122,hershey kissables chocolate candy,chocolate,Plant Derivative
13123,hershey milk chocolate kiss,chocolate milk,Beverage
13124,hershey peanut butter,peanut butter,Additive
13125,hershey special dark chocolate chip macadamia nut,dark chocolate,Plant
13126,hershey symphony chocolate,chocolate,Plant Derivative
13127,hershy peanut butter kiss,peanut butter,Additive
13129,hibachi vegetable,vegetable,Vegetable
13130,hibiscus flower red,hibiscus,Flower
13131,hibiscus flower sorrel,sorrel,Herb
13132,hibiscus syrup below,syrup,Plant Derivative
13133,hibiscus tea,tea,Plant
13134,hickory barbeque sauce,barbecue sauce,Condiment
13135,hickory brown sugar barbeque sauce,barbecue sauce,Condiment
13136,hickory nut,nut,Nuts and Seeds
13137,hickory seasoning,spice mix,Spice
13140,high canadian whiskey,whisky,Beverage-Alcoholic
13141,high cat food,cheese,Dairy
13142,high cliff chili seasoning mix,chili powder,Spice
13143,high cocoa,cocoa,Seed
13144,high dairy eggnog,eggnog,Dish
13145,high fiber bread,bread,Bakery
13146,high fiber wheat bread,bread,Bakery
13147,high gluten bread flour,flour,Cereal
13148,high gluten flour,flour,Cereal
13149,high heat oil,oil,Additive
13150,high heat resistant vegetable oil,oil,Additive
13151,high heat vegetable oil,oil,Additive
13152,high italian bread,bread,Bakery
13153,high milk chocolate candy bar,candy,Plant
13154,high mincemeat,meat,Meat
13155,high pasta sauce,sauce,Additive
13156,high protein crisp rice wheat cereal,cereal,Cereal
13157,high spaghetti sauce,tomato sauce,Condiment
13158,hill beef summer sausage,sausage,Dish
13159,hill bros cappucino mocha cappuccino mix,baking mix,Dish
13160,hill farm cream,cream,Dairy
13161,hillshire sausage,sausage,Dish
13162,hilopites noodle egg,egg,Meat
13163,hilsa fish,fish,Fish
13164,himalayan salt pepper,pepper,Spice
13165,himalyan salt pepper,pepper,Spice
13166,hing powder,asafoetida,Spice
13167,hing water,asafoetida,Additive
13168,hiram apple liqueur,apple,Fruit
13169,hiram walker root,ginger,Spice
13170,hire extract,vanilla extract,Additive
13171,hoagie bun,bread,Bakery
13172,hoagie french bread,baguette,Bakery
13173,hoagie hamburger bun,hamburger,Bakery
13174,hoagie italian bread,bread,Bakery
13175,hoagie lengthwise,cucumber,Gourd
13176,hoagie type bread,bread,Bakery
13177,hog casing sausage,sausage,Dish
13178,hoisin barbecue sauce,sauce,Additive
13179,hokan chile sauce garlic,chili sauce,Condiment
13180,hokkaido squash,squash,Fruit
13181,hokkien noodle wheat spaghetti,spaghetti,Cereal
13182,holland house marsala cooking wine,wine,Beverage-Alcoholic
13183,hollandaise,sauce,Additive
13184,hollandaise sauce mix,sauce,Additive
13186,home brown rice milk,brown rice,Cereal
13187,home gnocchi,gnocchi,Cereal
13188,home meatball,meatball,Dish
13189,home narrow noodle,noodle,Cereal
13190,home white bread,bread,Bakery
13191,homeade bread,bread,Bakery
13192,homestyle beef gravy,beef,Meat
13193,homestyle white bread,bread,Bakery
13194,hon dashi powder,dashi,Dish
13195,honey cashew,cashew,Nuts and Seeds
13196,honey cereal,honey,Plant Derivative
13197,honey cinnamon ice cream,icecream,Dish
13198,honey dijon barbecue sauce,barbecue sauce,Condiment
13199,honey french dressing,honey,Plant Derivative
13200,honey ham,honey,Plant Derivative
13201,honey liqueur,honey,Plant Derivative
13202,honey maid graham,honey,Plant Derivative
13203,honey muffin,cake,Bakery
13204,honey mustard salad dressing mix,salad dressing,Dish
13205,honey mustard sauce,honey mustard,Condiment
13206,honey nougat chocolate bar,chocolate bar,Plant
13207,honey nut cheerio,honey,Plant Derivative
13208,honey nut chex,honey,Plant Derivative
13209,honey teriyaki sauce,teriyaki sauce,Condiment
13210,honey teriyaki sauce meat,sauce,Additive
13211,honey vanilla creme flavor coffee creamer,vanilla,Dish
13212,honey vinegar,honey,Plant Derivative
13213,honey vodka,honey,Plant Derivative
13214,honey yoghurt,honey,Plant Derivative
13215,honey yogurt,honey,Plant Derivative
13216,honeycrisp apple,apple,Fruit
13217,honeycup mustard not dijon,dijon mustard,Condiment
13218,honeydew ball,honeydew melon,Fruit
13219,honeysuckle white italian turkey sausage link,italian sausage,Meat
13221,hormel bacon bit,bacon,Meat
13222,hormel beef tamale,beef tamale,Dish
13223,hormel no bean chili heat,chili bean,Dish
13224,hormel pepperoni,pepperoni,Meat
13225,hormel reg,chili powder,Spice
13226,hormel salsbury beef gravy mushroom,gravy,Dish
13227,hormel spicy chili,chili beans,Legume
13228,hormell chili,chili,Spice
13229,horne custard powder,custard,Dish
13230,hornito tequila,tequila,Beverage-Alcoholic
13231,horseradish cheddar cheese,cheese,Dairy
13232,horseradish coleslaw,horseradish,Vegetable
13233,horseradish creamy sauce,sauce,Additive
13234,horseradish juice,horseradish,Vegetable
13235,horseradish mayonnaise,mayonnaise,Condiment
13236,horseradish relish,horseradish,Vegetable
13237,horseradish sauce kraft,sauce,Additive
13238,hot biscuit,biscuit,Bakery
13239,hot black tea,black tea,Beverage
13240,hot breakfast sausage link,breakfast sausage,Meat
13241,hot chicken stock,chicken,Meat
13242,hot chicken stock be,chicken,Meat
13243,hot chile paste,chili,Spice
13244,hot chile powder,chili powder,Spice
13245,hot chili paste oil,chili oil,Plant Derivative
13246,hot chili pepper flake,chili pepper,Vegetable
13247,hot chili pepper red flake,red pepper,Vegetable
13248,hot chocolate powder,chili powder,Spice
13249,hot chocolate syrup,chocolate sauce,Plant Derivative
13250,hot ciabatta,water,Additive
13251,hot cocoa mix,cocoa,Seed
13252,hot dog bun french bread,bread,Bakery
13253,hot dog casing,hot dog,Dish
13254,hot dog chicken,hot dog,Dish
13255,hot dog kosher,hot dog,Dish
13256,hot dog mini,hot dog,Dish
13257,hot dog pork,hot dog,Dish
13258,hot dog vegetarian,hot dog,Dish
13259,hot espresso coffee,espresso,Beverage
13260,hot fudge topping,topping,Additive
13261,hot garlic vinaigrette,garlic,Herb
13262,hot green chile pepper,cherry pepper,Spice
13263,hot green pepper jalapeno,green chili pepper,Vegetable
13264,hot green wasabi pea,pea,Legume
13265,hot horseradish,horseradish,Vegetable
13266,hot italian pepper,chili pepper,Vegetable
13267,hot jalapeno,jalapeno,Spice
13268,hot jasmine rice,jasmine rice,Cereal
13269,hot ketchup,sauce,Additive
13270,hot mexican pepper sauce,hot sauce,Condiment
13271,hot new green chile,chili pepper,Vegetable
13272,hot new mexico chile,new mexico chile,Spice
13273,hot no yolk noodle,pasta,Cereal
13274,hot onion,onion,Vegetable
13275,hot orange juice,orange juice,Fruit
13276,hot pasta sauce,hot sauce,Condiment
13277,hot pepper african peri are,chili pepper,Vegetable
13278,hot pepper bell,capsicum,Vegetable Fruit
13279,hot pepper bonnet,chili pepper,Vegetable
13280,hot pepper chilli,chili pepper,Vegetable
13281,hot pepper each,chili pepper,Vegetable
13282,hot pepper green,green chili pepper,Vegetable
13283,hot pepper jelly,green chili pepper,Vegetable
13284,hot pepper malagueta,green chili pepper,Vegetable
13285,hot pepper oil,pepper,Spice
13286,hot pepper one orange,pepper,Spice
13287,hot pepper pepperoncini,pepperoncini,Vegetable
13288,hot pepper portugal type,red pepper,Vegetable
13289,hot pepper red flake,red pepper,Vegetable
13290,hot pepper red thai,red pepper,Vegetable
13291,hot pepper ring pepperoncini,pepperoncini,Vegetable
13292,hot pepper sauce louisiana,hot sauce,Condiment
13293,hot pepper sauce outerbridge,hot sauce,Condiment
13294,hot pepper thai,pepper,Spice
13295,hot pepper yellow one work,pepper,Spice
13296,hot pepperoncini pepper,pepperoncini,Vegetable
13297,hot pork gravy,pork,Meat
13298,hot red chile cayenne pepper,red chili pepper,Vegetable
13299,hot red chile pepper,red chili pepper,Vegetable
13300,hot red chili pepper choice thai,red chili pepper,Vegetable
13301,hot salami,salami,Fish
13302,hot sauce amos,hot sauce,Condiment
13303,hot sauce avocado,hot sauce,Condiment
13304,hot sauce cucumber noodle,hot sauce,Condiment
13305,hot sauce fire,hot sauce,Condiment
13306,hot sauce optional,hot sauce,Condiment
13307,hot sauce pepper flake,hot sauce,Condiment
13308,hot sauce rooster,hot sauce,Condiment
13309,hot sauce tabasco,tabasco sauce,Condiment
13310,hot sauce taste,hot sauce,Condiment
13311,hot serrano pepper jalapeno,serrano pepper,Vegetable
13312,hot spaghetti,spaghetti,Cereal
13313,hot taco seasoning mix,spice mix,Spice
13314,hot tea,tea,Plant
13315,hot thai red chili pepper,red chili pepper,Vegetable
13316,hot water pastry dough,water,Additive
13317,hot white vinegar,vinegar,Plant Derivative
13318,hot yellow pepper,pepper,Spice
13319,hot yellow wax pepper,pepper,Spice
13320,hotdog relish,hotdog,Condiment
13321,house cucumber,cucumber,Gourd
13322,house italian dressing,salad dressing,Dish
13323,house seasoning salt black pepper garlic powder,spice mix,Spice
13325,huacatay paste,sauce,Additive
13326,huitlacoche portobello mushroom,mushroom,Fungi
13327,human mexican cheese,cheese,Dairy
13328,hummus black bean,black bean,Legume
13329,hummus choice,hummus,Dish
13330,hummus garlic,garlic,Herb
13331,hummus spread,hummus,Dish
13332,hundred year egg,egg,Meat
13333,hungarian egg noodle,egg,Meat
13334,hungarian paprika sausage,paprika,Vegetable
13335,hungarian pepper banana,banana pepper,Vegetable
13336,hungarian sausage,sausage,Dish
13337,hungry jack microwave maple flavor syrup,maple syrup,Additive
13338,hungry jack potato flake,mashed potatoes,Vegetable
13339,hungry potato flake,mashed potatoes,Vegetable
13340,hunt chili starter,chili,Spice
13341,hunt garlic sauce,tomato sauce,Condiment
13342,hunt manwich mix,baking mix,Dish
13343,hunt meatloaf sauce,tomato sauce,Condiment
13344,hunt spaghetti sauce mushroom,tomato sauce,Condiment
13345,hunt tomato sauce garlic,tomato sauce,Condiment
13346,hunter seasoning,spice mix,Spice
13347,huy chili garlic sauce,hot sauce,Condiment
13348,huy fong garlic red chile paste,chili,Spice
13349,hypnotiq liqueur,liqueur,Beverage-Alcoholic
13350,ibarra brand mexican cocoa,cocoa,Seed
13351,ibarra mexican chocolate,chocolate,Plant Derivative
13352,ibc root beer,root beer,Beverage-Alcoholic
13353,ice chip,ice,Additive
13355,ice cream topping peppermint crisp,icecream,Additive
13356,ice cream type,ice cream,Dish
13357,ice cube see,ice,Additive
13358,ice optional,ice,Additive
13359,ice water cold club soda,ice,Additive
13360,ice water juice,ice water,Additive
13361,icebreaker candy,candy,Additive
13362,ichiban noodle soup,chicken,Meat
13363,icing white,icing,Additive
13364,icing white buttercream,icing,Additive
13365,idaho russet potato,potato,Vegetable Tuber
13366,idli batter,semolina,Dish
13367,ime juice,juice,Beverage
13368,imperial cheese,cheese,Dairy
13370,indian black salt,salt,Additive
13371,indian bread,bread,Bakery
13372,indian chapati flour,flour,Cereal
13373,indian coriander,coriander,Herb
13374,indian cranberry orange sauce,cranberry sauce,Fruit
13375,indian curry,sauce,Additive
13376,indian curry powder,sauce,Additive
13377,indian flat bread,bread,Bakery
13378,indian garam massala,garam masala,Spice
13379,indian green chilies,chili,Spice
13380,indian mango,mango,Fruit
13381,indian mango ka masala,mango,Fruit
13382,indian papadum bread,bread,Bakery
13383,indian rice cake,cake,Dish
13384,indian spicy mango pickle,mango,Dish
13385,indian summer apple juice,apple juice,Fruit
13386,indian version,version,Spice
13387,individual beef rib,beef,Meat
13388,individual chipotle pepper adobo sauce,sauce,Additive
13389,individual corn chip,corn chip,Maize
13390,individual crystal lemonade,lemonade,Beverage
13392,individual graham cracker,graham cracker,Bakery
13393,individual hoagie,bread,Bakery
13394,individual ritz cracker,crackers,Bakery
13395,individual vanilla sugar,vanilla sugar,Additive-Sugar
13396,indonesian chili sauce,chili paste,Condiment
13397,indonesian pepper,pepper,Spice
13400,injera,bread,Bakery
13401,inn maid noodle,noodle,Cereal
13402,inner pack saltine cracker,saltine cracker,Bakery
13403,inside roast,roast beef,Meat
13404,international delight cream coffee creamer,ice cream,Dish
13405,international sugar mocha coffee,mocha coffee bean,Beverage
13406,intrigue liqueur,liqueur,Beverage-Alcoholic
13408,invert sugar,sugar,Additive
13409,iranian rice,rice,Cereal
13410,irish beef stew,beef,Meat
13411,irish breakfast loose tea,tea,Plant
13412,irish cheddar cheese,cheese,Dairy
13413,irish creme non dairy coffee creamer,cream,Dairy
13414,irish liqueur,irish mist,Beverage-Alcoholic
13415,irish mist herbal liqueur,irish mist,Beverage-Alcoholic
13416,irish sausage,sausage,Dish
13417,irish stew,stew,Dish
13418,irish whiskey cream,irish cream,Dairy
13419,irish whiskey optional,whisky,Beverage-Alcoholic
13420,irish whiskey rye,rye whiskey,Beverage-Alcoholic
13421,irma red enchilada sauce,sauce,Additive
13422,iron steak,beef,Meat
13423,island dressing version,version,Condiment
13424,isle double cream,cream,Dairy
13425,isopropyl alcohol,alcohol,Beverage-Alcoholic
13426,italian balsamic vinaigrette,balsamic vinaigrette,Additive
13427,italian bean,bean,Legume
13428,italian biscotti cookie,parsley,Spice
13429,italian biscuit,biscuit,Bakery
13430,italian bread basket,bread,Bakery
13431,italian bread black pepper,pepper,Spice
13432,italian bread ciabatta,bread,Bakery
13433,italian bread lengthwise,bread,Bakery
13434,italian bread loaf,bread,Bakery
13435,italian bread out,bread,Bakery
13436,italian bread parsley,parsley,Spice
13437,italian bread pizza crust dough,pizza,Bakery
13438,italian bread semolina,bread,Bakery
13439,italian bread wheat,bread,Bakery
13440,italian breadcrumb goldfish cracker,cracker,Bakery
13441,italian breadcrumb wheat by 4c,bread,Bakery
13442,italian brioche bread sourdough,bread,Bakery
13443,italian bulk sausage,italian sausage,Meat
13444,italian bun,bread,Bakery
13445,italian bun portuguese,bread,Bakery
13446,italian cheese cream,cheese,Dairy
13447,italian cheese mozzarella,mozzarella,Dairy
13448,italian cheese pecorino,cheese,Dairy
13449,italian cheese romano,cheese,Dairy
13450,italian cheese sauce,cheese,Dairy
13451,italian cherry pepper,pimiento,Condiment
13452,italian chicken cutlet,chicken,Meat
13453,italian chicken sausage link,sausage,Dish
13454,italian choice,parsley,Spice
13455,italian ciabatta,parsley,Spice
13456,italian classic capellini,parsley,Spice
13457,italian creamy garlic dressing,cream,Condiment
13458,italian crouton,bread,Bakery
13459,italian dressing ;,salad dressing,Dish
13460,italian dressing below,salad dressing,Dish
13461,italian dressing caesar salad,salad dressing,Dish
13462,italian dressing garlic,salad dressing,Dish
13463,italian dressing great,salad dressing,Dish
13464,italian dressing greek,salad dressing,Dish
13465,italian dressing kraft,salad dressing,Dish
13466,italian dressing oil,salad dressing,Dish
13467,italian dressing red pepper,capsicum,Vegetable Fruit
13468,italian dressing seasoning,italian seasoning,Herb
13469,italian dressing spice mix,italian dressing,Condiment
13470,italian eggplant,eggplant,Vegetable
13471,italian fennel sausage,italian sausage,Meat
13472,italian five cheese,cheese,Dairy
13473,italian flat bean,bean,Legume
13474,italian fontina cheese,cheese,Dairy
13475,italian four cheese,cheese,Dairy
13476,italian fusilli,parsley,Spice
13477,italian garlic sauce,hot sauce,Condiment
13478,italian ham,ham,Meat
13479,italian hard,parsley,Spice
13480,italian hard salami,fish,Fish
13481,italian herb chili flake,chili,Spice
13483,italian herb oregano,oregano,Condiment
13484,italian herb pasta sauce,sauce,Additive
13485,italian herb sage,sage,Condiment
13486,italian herb seasoning oregano basil,oregano,Condiment
13487,italian herb seasoning pasta seasoning,oregano,Condiment
13488,italian herb seasoning rosemary,oregano,Condiment
13489,italian herb seasoning seasoning like marj,oregano,Condiment
13490,italian herb tomato sauce,sauce,Additive
13491,italian leaf parsley,parsley,Spice
13492,italian lettuce,lettuce,Vegetable
13493,italian link sausage,italian sausage,Meat
13494,italian meatball beef,beef,Meat
13495,italian meringue chocolate cream filling,chocolate,Plant Derivative
13497,italian millet,millet,Cereal
13498,italian oil,oil,Additive
13499,italian olive,olive,Plant Derivative
13500,italian panini bun,bread,Bakery
13501,italian parsley leaf,parsley,Spice
13502,italian pastina pasta,pasta,Cereal
13503,italian peasant bread,bread,Bakery
13504,italian pepper ring,jalapeno,Spice
13505,italian pizza dough,pizza,Bakery
13506,italian progresso bread crumb,bread crumbs,Bakery
13507,italian red pepper,capsicum,Vegetable Fruit
13508,italian salad dressing mix season,salad dressing,Dish
13509,italian sandwich bun,bread,Bakery
13510,italian sandwich bun mini sub,bread,Bakery
13511,italian sauce marinara,marinara sauce,Condiment
13512,italian sausage bulk,italian sausage,Meat
13513,italian sausage crosswise,italian sausage,Meat
13514,italian sausage hot,italian sausage,Meat
13515,italian sausage market,italian sausage,Meat
13516,italian sausage pasta sauce,italian sausage,Meat
13517,italian sausage too,italian sausage,Meat
13518,italian sausage total,italian sausage,Meat
13519,italian sausage weight,italian sausage,Meat
13520,italian sausage without fennel,italian sausage,Meat
13521,italian seasoning basil red pepper,capsicum,Vegetable Fruit
13522,italian seasoning basil seperatley together,italian seasoning,Herb
13523,italian seasoning each basil,italian seasoning,Herb
13524,italian seasoning herb,italian seasoning,Condiment
13525,italian seasoning herb garlic,italian seasoning,Condiment
13526,italian seasoning mix oregano,italian seasoning,Herb
13527,italian seasoning monkey organic grinder zest,italian seasoning,Herb
13528,italian seasoning sage,italian seasoning,Herb
13529,italian seasoning seasoning,italian seasoning,Herb
13530,italian seasoning sunset,italian seasoning,Herb
13531,italian seasoning thyme,italian seasoning,Herb
13532,italian semolina bread,bread,Bakery
13533,italian sparkling wine,wine,Beverage-Alcoholic
13534,italian spice basil,basil,Herb
13535,italian spice rub between,spice mix,Spice
13536,italian spumante,parsley,Spice
13537,italian submarine,parsley,Spice
13538,italian submarine sandwich bread,bread,Bakery
13539,italian syrup,syrup,Plant Derivative
13540,italian tomato passata,tomato,Vegetable
13541,italian total,parsley,Spice
13542,italian turkey sausage casing removed,italian sausage,Meat
13543,italian turkey sausage pork,italian sausage,Meat
13544,italian vegetarian sausage,italian sausage,Meat
13545,italian vinaigrette dressing,salad dressing,Dish
13546,italian vinaigrette oil vinegar salad dressing,italian dressing,Condiment
13547,italian vingaigrette salad dressing,italian dressing,Condiment
13548,italian wheat,wheat,Cereal
13549,italian wo n't hurt,parsley,Spice
13550,italiano salami,salami,Fish
13551,italina seasoning,spice mix,Spice
13552,ivanhoe cheddar,cheddar,Dairy
13553,ivy gourd,gourd,Fruit
13554,j salt,salt,Additive
13555,jack cheese,cheese,Dairy
13556,jack daniel honey whiskey,honey,Plant Derivative
13557,jack fish fillet,fish,Fish
13558,jack taco sauce,taco sauce,Condiment
13559,jackfruit brine,jackfruit,Vegetable
13560,jagermeister liqueur,jagermeister,Beverage-Alcoholic
13561,jalapeno adjust,jalapeno,Spice
13562,jalapeno bacon,bacon,Meat
13563,jalapeno bit milder,jalapeno,Spice
13564,jalapeno bonnet pepper,jalapeno,Vegetable
13565,jalapeno brand,jalapeno,Spice
13566,jalapeno cheddar cheese,cheese,Dairy
13567,jalapeno cheddar cheese horseradish,cheese,Dairy
13568,jalapeno cheddar sourdough bread,bread,Dish
13569,jalapeno cheese dip,cheese,Dairy
13570,jalapeno cheese sauce,cheese,Dairy
13571,jalapeno cheese tortilla,tortilla,Dish
13572,jalapeno chile juice,jalapeno,Spice
13573,jalapeno chile pepper okay,jalapeno,Spice
13574,jalapeno chili below,jalapeno,Spice
13575,jalapeno choose,jalapeno,Spice
13576,jalapeno finely,jalapeno,Spice
13578,jalapeno green chile,jalapeno,Spice
13579,jalapeno green chili,jalapeno,Spice
13580,jalapeno habanero pepper,jalapeno,Spice
13581,jalapeno hot pepper,jalapeno,Spice
13582,jalapeno jam,jalapeno,Spice
13583,jalapeno jelly habanero pepper,jalapeno,Spice
13584,jalapeno jelly red,jalapeno,Spice
13585,jalapeno juice pepperocini pepper,jalapeno,Spice
13586,jalapeno juice white vinegar,vinegar,Plant Derivative
13587,jalapeno keep seed caliente,jalapeno,Spice
13588,jalapeno may,jalapeno,Spice
13589,jalapeno membrane,jalapeno,Spice
13590,jalapeno milder,jalapeno,Spice
13591,jalapeno mince,jalapeno,Spice
13592,jalapeno monterey jack cheese,monterey jack,Dairy
13593,jalapeno more remove seed membrane,jalapeno,Spice
13594,jalapeno oil,oil,Additive
13595,jalapeno one,jalapeno,Spice
13596,jalapeno one red,jalapeno,Spice
13597,jalapeno optional,jalapeno,Spice
13598,jalapeno optional even like,jalapeno,Spice
13599,jalapeno pepper below,jalapeno,Vegetable
13600,jalapeno pepper brine,jalapeno,Vegetable
13601,jalapeno pepper cheddar cheese,cheese,Dairy
13602,jalapeno pepper cheese spread,cheese,Vegetable
13603,jalapeno pepper chicken,chicken,Vegetable
13604,jalapeno pepper chili,chili,Spice
13605,jalapeno pepper chili guindilla,chili,Spice
13606,jalapeno pepper chipotle,chili,Spice
13607,jalapeno pepper different,jalapeno,Spice
13608,jalapeno pepper finely,jalapeno,Spice
13609,jalapeno pepper flake,jalapeno,Spice
13610,jalapeno pepper green,jalapeno,Spice
13611,jalapeno pepper green bell,capsicum,Vegetable Fruit
13612,jalapeno pepper green chile,chili pepper,Vegetable
13613,jalapeno pepper green chilies,chili pepper,Vegetable
13614,jalapeno pepper hot flake,chili pepper,Vegetable
13615,jalapeno pepper hotter,chili pepper,Vegetable
13616,jalapeno pepper juice jalapenos,jalapeno,Beverage
13617,jalapeno pepper milder,jalapeno,Vegetable
13618,jalapeno pepper most,jalapeno,Vegetable
13619,jalapeno pepper optional,jalapeno,Vegetable
13620,jalapeno pepper out,jalapeno,Vegetable
13621,jalapeno pepper pick,jalapeno,Vegetable
13622,jalapeno pepper red,jalapeno,Vegetable
13623,jalapeno perfec,jalapeno,Spice
13624,jalapeno powder red pepper,korean chile pepper,Spice
13625,jalapeno red chile pepper,chili pepper,Vegetable
13626,jalapeno red chili,chili pepper,Vegetable
13627,jalapeno red pepper,chili pepper,Vegetable
13628,jalapeno relish,jalapeno,Spice
13629,jalapeno sausage,sausage,Dish
13630,jalapeno seed optional,jalapeno,Spice
13631,jalapeno soup spicy heat,jalapeno,Spice
13632,jalapeno sub,jalapeno,Spice
13633,jalapeno syrup below,syrup,Plant Derivative
13634,jalapeno tbsp,jalapeno,Spice
13635,jalapeno tequila below,tequila,Beverage-Alcoholic
13636,jalapeno thai chile,jalapeno,Spice
13637,jalapeno this will be hot,jalapeno,Spice
13638,jalapeno tsp,jalapeno,Spice
13639,jalapeno vein,jalapeno,Spice
13640,jalapeno without seed,jalapeno,Spice
13641,jalepeno chili,chili,Spice
13642,jalepeno chili variety,chili,Spice
13643,jalepeno juice,jalapeno,Spice
13644,jam apricot,apricot,Fruit
13645,jam black cherry,black currant,Fruit
13646,jam choice,fruit preserve,Fruit
13647,jam jelly choice,fruit preserve,Fruit
13648,jam lemon butter,butter,Dairy
13649,jam strawberry,strawberry jam,Fruit
13650,jam swiss,cheese,Dairy
13651,jamaica mistake salad dressing,salad dressing,Dish
13652,jamaican browning sauce,browning sauce,Condiment
13653,jamaican jerk marinade,marinade,Dish
13654,jamaican pepper sauce tomato mango,sauce,Additive
13655,jamaican pimento,allspice,Spice
13656,jamaican red stripe beer,beer,Beverage
13657,jambalaya rice mix,spanish rice,Cereal
13658,jambalaya spice,spice mix,Spice
13659,jamesons irish whiskey,whisky,Beverage-Alcoholic
13660,japanese,eggplant,Vegetable
13661,japanese beech mushroom,mushroom,Fungi
13662,japanese bread crumb breadcrumb,bread crumbs,Bakery
13663,japanese breadcrumb,bread crumb,Bakery
13664,japanese chile bean sauce,sauce,Additive
13665,japanese cucumber american,cucumber,Gourd
13666,japanese egg noodle,egg,Meat
13667,japanese fish cake,cake,Dish
13669,japanese kabocha squash,squash,Fruit
13670,japanese nori,nori,Seafood
13671,japanese panko breadcrumb,bread crumbs,Bakery
13672,japanese persimmon,persimmon,Fruit
13673,japanese radish,radish,Vegetable
13674,japanese rice wine vinegar,rice vinegar,Additive-Vinegar
13675,japanese sticky rice,japanese rice,Cereal
13676,japanese vegetable,vegetable,Vegetable
13677,japanese white mushroom,mushroom,Fungi
13678,japanese winter squash,kabocha,Fruit
13679,japanese yam,yam,Vegetable
13680,japone chile,chili,Spice
13681,japone chilies,chili,Spice
13682,jardine pomegranate margarita mix,cheese,Dairy
13683,jarlsberg cheese cube,cheese,Dairy
13684,jarlsberg cheese reserve,cheese,Dairy
13685,jasmine flower,jasmine rice,Cereal
13686,jasmine green tea,green tea,Beverage
13687,jasmine tea leaf,black tea,Beverage
13688,jasmine white rice,rice,Cereal
13689,jell o chocolate,lime jello,Additive
13692,jelly buckwheat,buckwheat flour,Cereal
13693,jelly crystal lemon,lemon,Fruit
13694,jelly jam,fruit preserve,Fruit
13695,jelly powder,chili powder,Spice
13696,jelly preserve,redcurrant sauce,Fruit
13697,jennie o italian turkey sausage,italian sausage,Meat
13698,jennie o turkey ham,ham,Meat
13699,jenny o italian turkey sausage link,italian sausage,Meat
13700,jerk chicken,chicken,Meat
13701,jerk rub,spice rub,Herb
13702,jerk sauce marinade,sauce,Additive
13703,jerk seasoning mix,spice mix,Spice
13704,jerk spice,spice mix,Spice
13705,jicamas,jicama,Vegetable
13706,jif peanut butter,peanut butter,Additive
13707,jiffy baking mix,baking mix,Dish
13708,jiffy brand white mix,baking mix,Dish
13709,jiffy cornbread mix egg milk,bread,Dish
13710,jiffy cornmeal mix,cornmeal,Maize
13711,jiffy pizza dough,pizza,Bakery
13712,jiffy raspberry muffin mix,corn muffin mix,Maize
13713,jiffy yellow cake mix,cake,Dish
13714,jiffy yellow cornbread mix,bread,Dish
13715,jigger apple schnapps,apple,Beverage-Alcoholic
13716,jigger apricot brandy,apricot brandy,Beverage-Alcoholic
13717,jigger bourbon,bourbon,Beverage-Alcoholic
13718,jigger brandy,brandy,Beverage-Alcoholic
13719,jigger coconut rum,rum,Beverage-Alcoholic
13720,jigger gin,gin,Beverage-Alcoholic
13721,jigger jagermeister liqueur,alcohol,Beverage-Alcoholic
13722,jigger key lime juice,lime juice,Beverage-Alcoholic
13723,jigger lemon rum,rum,Beverage-Alcoholic
13724,jigger lime juice,lime juice,Beverage
13725,jigger lime vodka,vodka,Beverage-Alcoholic
13726,jigger mango nectar,mango,Plant Derivative
13727,jigger orange juice,orange,Beverage
13728,jigger passion rum,rum,Beverage-Alcoholic
13729,jigger pisco,pisco,Beverage-Alcoholic
13730,jigger raspberry liqueur,raspberry brandy,Beverage-Alcoholic
13731,jigger sherry,sherry,Beverage-Alcoholic
13732,jigger tea,tea,Beverage-Alcoholic
13733,jigger tequila blanco,tequila,Beverage-Alcoholic
13734,jigger tequila plata,tequila,Beverage-Alcoholic
13735,jim beam bourbon whiskey,bourbon whisky,Beverage-Alcoholic
13736,jimmy dean breakfast sausage,breakfast sausage,Meat
13737,jimmy sausage,sausage,Dish
13738,john salley garlic chipotle sauce,salsa,Condiment
13739,johnnie walker black label whiskey,whiskey,Beverage-Alcoholic
13740,johnny au jus sauce,sauce,Additive
13741,johnny walker black scotch,pepper,Spice
13742,johnsonville breakfast sausage link,breakfast sausage,Meat
13743,jojoba oil,oil,Additive
13744,jonagold apple,apple,Fruit
13745,joseph breadcrumb,bread crumb,Bakery
13746,joule gelatin,gelatin,Additive
13747,juce cuervo margarita mix,margarita,Dish
13748,jufran banana ketchup,banana ketchup,Condiment
13749,jug au jus sauce,sauce,Additive
13750,jugo seasoning,spice mix,Spice
13751,juice cucumber,cucumber juice,Beverage
13752,juice from kimchi,kimchi,Dish
13753,juice from pepperoncini,pepperoncini,Dish
13754,juice fruit,passion fruit,Fruit
13755,juice jalapeno pepper,jalapeno,Spice
13756,juice mango optimal,mango juice,Fruit
13757,juice meat,meat,Meat
13758,juice orange,orange juice,Fruit
13759,juicy red pepper,capsicum,Vegetable Fruit
13760,jujube,jujube,Fruit
13761,julienne green bean,green bean,Cereal
13762,julienne vegetable celery,celery,Vegetable
13763,julienne yellow squash,crookneck squash,Fruit
13764,julio seasoning seasoning,spice mix,Spice
13765,julios brand seasoning,spice mix,Spice
13766,jumbo,shrimp,Seafood
13767,jumbo biscuit,biscuit,Bakery
13768,jumbo buttermilk biscuit,biscuit,Bakery
13769,jumbo cheese ravioli,ravioli,Dairy
13770,jumbo crescent,shrimp,Seafood
13771,jumbo egg white salt,egg,Meat
13772,jumbo english muffin,cake,Bakery
13773,jumbo frankfurter,frankfurter,Meat
13774,jumbo hamburger bun,hamburger,Bakery
13775,jumbo olive,olive,Plant
13776,jumbo prawn,prawn,Seafood
13777,jumex banana nectar,banana,Fruit
13778,junior mint garnish,mentha,Herb
13779,juniper berry gin caraway seed,caraway,Spice
13780,juniper berry optional,berry,Berry
13781,junket dessert mix,baking mix,Dish
13782,jus sauce,sauce,Additive
13783,jus sauce juice,sauce,Additive
13784,jyo black mushroom,shiitake,Fungi
13785,kabanossi sausage,sausage,Dish
13786,kabocha,winter squash,Fruit
13787,kabocha squash butternut,butternut squash,Fruit
13788,kabsa spice mix,spice mix,Spice
13789,kabsa spice mix cardamom seed black pepper cumin,black cardamom,Legume
13790,kabuli channa chickpea,chickpea,Legume
13791,kabuli channa night,chickpea,Legume
13793,kadaifi pastry,pastry,Dish
13794,kadaifi wheat pastry,pastry,Cereal
13795,kaffir lime,lime,Fruit
13796,kahlua hazelnut,hazelnut,Beverage-Alcoholic
13797,kaiser italian,parsley,Spice
13798,kaiser onion,onion,Vegetable
13799,kala jeera,cumin,Spice
13800,kala jeera black cumin seed,cumin,Spice
13801,kala namak,black salt,Additive
13802,kala namak black salt,black salt,Additive-Salt
13803,kalamansi,lemon,Beverage
13804,kalamansi filipino lemon juice,lemon,Beverage
13805,kalamansi juice,lemon,Beverage
13806,kalamansi juice lemon,lemon,Beverage
13807,kalamata black olive,olive,Fruit
13808,kalamata brine,salt,Additive
13809,kalamata olive brine,kalamata olive,Plant
13810,kalamata olive oil,olive oil,Plant Derivative
13811,kalamata olive tapenade,olive oil,Condiment
13812,kalamata olive tomato garlic,kalamata olive,Plant
13813,kalametas olive,olive,Plant
13814,kalbi marinade,beef,Meat
13815,kalbi steak marinade,beef,Meat
13816,kalmata olive,olive,Plant
13817,kalounji seed,cumin,Spice
13819,kamaboko fish cake,cake,Dish
13820,kammerjunker biscuit,biscuit,Bakery
13821,kamut oat flour,oat,Cereal
13822,kangaroo fillet beef,beef,Meat
13823,kanimiso,crab,Seafood
13824,karo corn syrup,corn,Maize
13825,kasha buckwheat groat,buckwheat,Cereal
13826,kashmiri chile,chili,Spice
13827,kashmiri chilies red,chili pepper,Vegetable
13828,kashmiri chilies red chili,chili powder,Spice
13829,kashmiri chilies red chilli,chili pepper,Vegetable
13831,kashmiri green tea,green tea,Beverage
13832,kashmiri masala paste,spice mix,Spice
13833,kashmiri red chili,chili powder,Spice
13834,kasturi lime,lime,Fruit
13835,kataifi pastry may not,pastry,Dish
13837,kecap manis indonesian soy sauce,soy sauce,Condiment
13838,keebler chocolate cookie pie crust cracker,graham cracker crust,Bakery
13839,keebler town house cheddar cracker,cracker,Dairy
13840,kefalograviera cheese parmesan,cheese,Dairy
13841,kefalograviera cheese regato,cheese,Dairy
13842,kefalotiri cheese,cheese,Dairy
13843,kefalotiri mizithra cheese,cheese,Dairy
13844,kefalotyri gruyere reggiano,gruyere,Dairy
13845,kefir,cheese,Dairy
13846,kefir cheese,cheese,Dairy
13847,kellogg corn flake,corn,Maize
13848,kellogg corn flake crumb,corn,Maize
13849,kellogg rice krispies,rice,Cereal
13850,kellogg rice krispies cereal,cereal,Cereal
13851,kellogs rice krispies,rice,Cereal
13852,kelp fish stock,fish bouillon,Fish
13853,kelp noodle,kelp,Seafood
13854,ken caesar salad dressing,salad dressing,Dish
13855,ken greek salad dressing,salad dressing,Dish
13856,ken northern italian dressing,salad dressing,Dish
13858,kentucky whiskey,whisky,Beverage-Alcoholic
13859,kern coconut pineapple juice,pineapple,Beverage
13860,kernel corn green pepper,corn kernel,Maize
13861,kernel corn niblets,corn kernel,Maize
13862,kernel corn pepper,corn kernel,Maize
13863,kernel golden corn,corn kernel,Maize
13864,kernel mexican corn red pepper,corn,Maize
13865,keta salmon caviar,salmon,Fish
13866,kettle potato chip,potato chip,Dish
13867,kewda essence,vanilla extract,Additive
13868,kewpie japanese mayonnaise,mayonnaise,Condiment
13869,key lime mustard sauce,sauce,Additive
13870,key west pink shrimp,shrimp,Seafood
13871,key west shrimp boil,shrimp,Seafood
13873,khandi spaghetti sauce,tomato sauce,Condiment
13874,khoya milk powder,milk,Dairy
13875,khus paste,sauce,Additive
13876,khus poppy seed,poppy seed,Spice
13877,kidney bean black,black bean,Legume
13878,kikkoman baste teriyaki sauce,teriyaki sauce,Condiment
13879,kikkoman black bean sauce,black bean sauce,Condiment
13880,kikkoman ponzu lime,lime,Fruit
13881,kikkoman sauce,soy sauce,Condiment
13882,kikkoman soy glaze,soy sauce,Condiment
13883,kikkoman stir fry sauce,sauce,Additive
13884,kikoman teriyaki sauce,teriyaki sauce,Condiment
13886,kimchi juice,kimchi,Dish
13887,kimion cumin,cumin,Spice
13888,kind cooky,biscuit,Dish
13889,kind oil,oil,Additive
13890,kinder spicy marinade,marinade,Dish
13891,king crab,crab,Seafood
13892,king crab meat,crab,Seafood
13893,king crab snow leg,red king crab,Seafood
13895,king mackerel fillet,mackerel,Fish
13896,king mushroom,mushroom,Fungi
13897,king prawn intact,prawn,Seafood
13898,king salmon fillet,salmon,Fish
13899,king syrup,syrup,Plant Derivative
13900,king trumpet mushroom,mushroom,Fungi
13902,kinky liqueur,liqueur,Beverage-Alcoholic
13903,kirschwasser cherry brandy,cherry brandy,Beverage-Alcoholic
13904,kiss jalapeno jelly,jalapeno,Spice
13907,kitchen basic beef stock,beef stock,Meat
13908,kitchen bouquet beef flavor,beef stock,Additive
13909,kitchen cocoa,cocoa,Seed
13912,kittencal creamy italian salad dressing,salad dressing,Dish
13913,kittencal creamy ranch dressing dip,cream,Condiment
13914,kittencal italian breadcrumb,bread,Bakery
13915,kittencal italian melt mouth meatball,meatball,Dish
13916,kittencal marinara pasta sauce,sauce,Additive
13917,kittencal parmesan garlic bread toast,sandwich,Dish
13918,kittencal pizza sauce,sauce,Additive
13919,kittencal red enchilada taco sauce,sauce,Additive
13920,kiwi pulp,kiwifruit,Fruit
13921,kiwi syrup,kiwifruit,Fruit
13922,kiwifruit,kiwifruit,Fruit
13923,kiwifruit lengthwise,kiwifruit,Fruit
13924,klamata olive,olive,Plant
13925,klusky noodle,noodle,Cereal
13926,knackwurst frankfurter pork sausage,pork sausage,Meat
13927,knob vegetable,vegetable,Vegetable
13928,knockwurst bratwurst,sausage,Dish
13929,knockwurst frankfurter,sausage,Dish
13930,knockwurst hebrew national kosher,kosher salt,Additive-Salt
13931,knorr beef bouillon,beef bouillon cube,Meat
13932,knorr brown gravy mix,gravy,Dish
13933,knorr classic cream soup mix,chicken soup,Meat
13934,knorr cream vegetable soup mix,chicken soup,Meat
13935,knorr demi glace gravy mix,demi-glace,Condiment
13936,knorr homestyle beef stock,beef stock,Meat
13937,knorr lamb cube,lamb,Meat
13938,knorr leek soup mix,onion soup,Dish
13940,knorr minestrone soup mix,soup,Dish
13941,knorr onion soup mix,onion soup,Dish
13942,knorr oxtail soup mix,soup,Dish
13943,knorr shepherd,bouillon cube,Meat
13944,knorr shepherd pie mealmaker mix,bouillon cube,Dish
13945,knorr stock,stock,Dish
13946,knorr teriyaki marinade,teriyaki sauce,Condiment
13947,knorr tomato basil soup mix,tomato soup,Dish
13948,knorr tomato beef soup mix,beef,Meat
13949,knorr tomato bouillon chicken flavor,bouillon cube,Meat
13950,knorr tomato bouillon chicken flavor cube,bouillon cube,Meat
13951,knorrox oxtail soup mix,soup,Dish
13952,knudsen lemon lime spritzer,lemon,Fruit
13953,kochujang pepper paste,pepper,Spice
13954,kodiak cake,cake,Dish
13955,koftas,kofta,Dish
13956,kokum fruit,kokum,Fruit
13957,kokum water,water,Additive
13958,kokumaro stew cream roux mix,stew,Meat
13959,kolops noodle,noodle,Cereal
13961,kombu dashi,kombu,Condiment
13962,kombu kelp,kelp,Seafood
13963,kombu vegetable,vegetable,Vegetable
13964,konafa pastry dough,pastry,Bakery
13966,kool aid drink mix,soft drink,Dish
13967,kool aid lemon lime flavor,lemon-lime drink,Beverage
13968,korean barbeque sauce,sauce,Additive
13969,korean bbq bulgogi marinade,marinade,Dish
13970,korean beef chuck flanken,beef,Meat
13971,korean bulgogi marinade,marinade,Dish
13972,korean chile bean paste,bean,Legume
13973,korean chili paste garlic red chile,chili,Spice
13974,korean chili pepper flake,cherry pepper,Spice
13975,korean cooking wine,wine,Beverage-Alcoholic
13976,korean dang myun noodle,pasta,Cereal
13977,korean dumpling,dumpling,Dish
13978,korean glass noodle,pasta,Cereal
13980,korean kim chee,kimchi,Dish
13981,korean marinade,marinade,Dish
13982,korean napa cabbage,napa cabbage,Vegetable
13983,korean noodle,pasta,Cereal
13984,korean pepper powder,chili,Spice
13985,korean potato noodle,chili,Spice
13986,korean red chile flake,chili,Spice
13987,korean red chile pepper,chili,Spice
13988,korean red chili paste,chili,Spice
13989,korean red chili pepper paste,chili,Spice
13990,korean red pepper paste gochujan,chili,Spice
13991,korean red pepper powder chili paste,chili,Spice
13992,korean red pepper thread,chili,Spice
13993,korean rib beef chuck,beef,Meat
13994,korean sauce,sauce,Additive
13995,korean soon tofu,tofu,Plant Derivative
13996,korean spicy chili paste,chili oil,Plant Derivative
13997,korean spicy red chili paste,chili,Spice
13998,korean starch noodle,pasta,Cereal
13999,korean stir fry teriyaki sauce,sauce,Additive
14000,korean teriyaki stir fry sauce,sauce,Additive
14001,korma,meat,Meat
14002,korma sauce,sauce,Additive
14003,kosher,kosher salt,Additive-Salt
14004,kosher beef frankfurter,beef,Meat
14005,kosher beef hot dog,hot dog,Dish
14006,kosher beef soup mix,beef,Meat
14007,kosher chocolate wafer,chocolate,Plant Derivative
14008,kosher gelatin,gelatin,Additive
14009,kosher hot dog,hot dog,Dish
14010,kosher margarine,margarine,Additive
14014,kosher red wine,wine,Beverage-Alcoholic
14015,kosher vanilla flavoring,vanilla extract,Additive
14016,koshi red bean paste,red bean,Condiment
14017,kraft american cheese single,cheese,Dairy
14018,kraft calorie wise italian dressing,salad dressing,Dish
14019,kraft caramel topping,caramel,Additive
14020,kraft cheddar,cheese,Dairy
14021,kraft cheddar cheese,cheese,Dairy
14022,kraft cheddar monterey jack cheese,cheese,Dairy
14023,kraft classic caesar salad dressing,salad dressing,Dish
14025,kraft coleslaw dressing,coleslaw,Condiment
14026,kraft cream cheese onion,cheese,Dairy
14027,kraft creamy horseradish sauce,sauce,Additive
14028,kraft creamy italian dressing,salad dressing,Dish
14029,kraft deluxe macaroni cheese mix,cheese,Dish
14030,kraft extra virgin,olive oil,Plant Derivative
14031,kraft extra virgin olive oil balsamic vinaigrette dressing,olive oil,Plant Derivative
14032,kraft four cheese,cheese,Dairy
14033,kraft four cheese homestyle mac n,cheese,Dairy
14034,kraft four cheese mexican,cheese,Dairy
14035,kraft hickory barbecue sauce,barbecue sauce,Condiment
14036,kraft hickory swiss cheddar cheese,cheese,Dairy
14037,kraft horseradish sauce,sauce,Additive
14038,kraft jalapeno cheez whiz,jalapeno,Spice
14039,kraft lite italian dressing,salad dressing,Dish
14040,kraft macaroni cheese dinner mix,cheese,Dish
14041,kraft mexican milk four cheese,cheese,Dairy
14042,kraft mozzarella cheese,mozzarella,Dairy
14043,kraft onion vinaigrette,onion,Vegetable
14044,kraft parmesan romano,cheese,Dairy
14045,kraft parmesan romano asiago cheese,cheese,Dairy
14046,kraft pizza cheese,cheese,Dairy
14047,kraft ranch dressing,ranch dressing,Condiment
14048,kraft red pepper italian,capsicum,Vegetable Fruit
14049,kraft red pepper italian parmesan dressing,salad dressing,Dish
14050,kraft reg mozzarella cheese,mozzarella,Dairy
14051,kraft reg parmesan cheese,cheese,Dairy
14052,kraft russian salad dressing,salad dressing,Dish
14053,kraft special collection greek salad dressing,salad dressing,Dish
14054,kraft special tomato,tomato,Vegetable
14055,kraft vanilla caramel,vanilla,Legume
14056,kraft yellow cheese,cheese,Dairy
14057,kraut juice,juice,Beverage
14058,kremelta,coconut,Dish
14059,krispie rice cereal,cereal,Cereal
14060,kucai,allium,Vegetable
14061,kudzu,kudzo,Legume
14063,kung pao sauce,sauce,Additive
14064,kurosatou corn sugar,corn,Maize
14065,labneh cheese,cheese,Dairy
14066,labneh yogurt cheese,cheese,Dairy
14067,lactose milk,milk,Dairy
14069,lady finger,lady finger,Bakery
14070,lady finger banana,lady finger,Bakery
14071,lady finger cookie,lady finger,Bakery
14072,lady savoiardi,lady finger,Bakery
14073,lage egg yolk,egg,Meat
14074,lake perch fillet,perch,Fish
14075,lal mirchi indian red chile pepper,cherry pepper,Spice
14076,lamb backstrap,lamb,Meat
14077,lamb beef olive oil,olive oil,Plant Derivative
14078,lamb breast chop,lamb,Meat
14079,lamb broth chicken,chicken,Meat
14080,lamb head,lamb,Meat
14081,lamb knuckle,lamb,Meat
14082,lamb leg,lamb,Meat
14083,lamb loin,loin lamb,Meat
14084,lamb loin fillet,lamb,Meat
14085,lamb medallion chop,lamb,Meat
14086,lamb neck chop,lamb,Meat
14087,lamb neck fillet,lamb,Meat
14088,lamb pluck,lamb,Meat
14089,lamb roast,lamb,Meat
14090,lamb skewer,lamb,Meat
14091,lamb sparerib,lamb,Meat
14092,lamb stewing meat,stew lamb,Meat
14093,lamb sweetbread,lamb,Meat
14094,lamb tongue,lamb,Meat
14095,larch wild mushroom,mushroom,Fungi
14096,lard better,lard,Meat
14097,lard margarine,margarine,Additive
14098,lard may be,lard,Meat
14099,lard may chicken stock,chicken,Meat
14100,lard meat dripping,lard,Meat
14101,lard no,lard,Meat
14102,lard pork,pork,Meat
14103,lard pork knuckle,pork,Meat
14104,lard room,lard,Meat
14105,lard shortening,shortening,Additive
14106,lard substitute oil,lard,Meat
14107,large caper salt,salt,Additive
14108,large egg noodle,egg,Meat
14109,large flour tortilla,tortilla,Dish
14110,large onion,onion,Vegetable
14111,large scallop,scallop,Seafood
14112,largelemon zest,lemon,Fruit
14113,largeorange orange peel,orange peel,Fruit
14114,larger white onion,white onion,Vegetable
14115,lasagna layer,lasagna,Cereal
14116,lasagna noodle baking pan,pasta,Cereal
14117,lasagna noodle barilla no boil,pasta,Cereal
14118,lasagna noodle carb pasta,pasta,Cereal
14119,lasagna noodle chicken sauce,cannelloni,Cereal
14120,lasagna noodle curly,cannelloni,Cereal
14121,lasagna noodle egg,egg,Meat
14122,lasagna noodle italian,cannelloni,Cereal
14123,lasagna noodle no boil,pasta,Cereal
14124,lasagna noodle not work,cannelloni,Cereal
14125,lasagna noodle one,cannelloni,Cereal
14126,lasagna noodle oven type,cannelloni,Cereal
14127,lasagna noodle wheat,cannelloni,Cereal
14128,lasagna noodle wide,cannelloni,Cereal
14129,lasagna noodle x5,cannelloni,Cereal
14130,lasagna requirement,cannelloni,Cereal
14131,lasagne hamburger helper mix beef pasta,pasta,Cereal
14132,lasanga noodle,noodle,Cereal
14134,lattice biscuit,biscuit,Bakery
14135,laughing cow garlic herb cheese,cheese,Dairy
14136,laura chenel goat cheese,cheese,Dairy
14137,lavender blossom flower,lavender,Flower
14138,lavender blossom syrup,lavender,Flower
14139,lavender culinary flower,lavender,Flower
14140,lavender flower be,lavender,Flower
14141,lavender flower may lemon zest,lemon,Fruit
14142,lavender leaf,lavender,Flower
14143,lavender lemon zest,lemon,Fruit
14144,lavender simple syrup,simple syrup,Additive
14145,lavender sugar vanilla,vanilla,Additive-Sugar
14146,lavender vanilla sugar,vanilla,Additive-Sugar
14147,lavosh cracker,cracker,Bakery
14148,lawrys seasoning,spice mix,Spice
14149,layer cheese cloth,cheese,Dairy
14150,le seuer pea,pea,Legume
14151,lea chili garlic sauce,hot sauce,Condiment
14152,lea helper chilli garlic sauce,hot sauce,Condiment
14153,leaf bay,bay leaf,Plant
14154,leaf boston lettuce,lettuce,Vegetable
14156,leaf coriander,coriander,Herb
14157,leaf escarole,endive,Vegetable
14159,leaf green lettuce,lettuce,Vegetable
14160,leaf kale,kale,Vegetable
14161,leaf lard,lard,Meat
14162,leaf mache,bay leaf,Plant
14163,leaf marjoram,marjoram,Spice
14164,leaf romaine lettuce,romaine lettuce,Vegetable
14165,leaf sesame,bay leaf,Plant
14166,leaf spinach baby,spinach,Vegetable
14167,leaf thai basil,thai basil,Herb
14168,leaf vanilla bean,vanilla,Legume
14169,leafy green spinach,spinach,Vegetable
14170,lebanese bread flat,bread,Bakery
14171,lebanese flat bread,bread,Bakery
14172,lebanese laban mutboukh,sausage,Dish
14173,lebanon bologna sausage,sausage,Dish
14174,lebkuchen spice,spice mix,Spice
14175,lechera milk,milk,Dairy
14177,lee black bean paste,black bean,Legume
14178,lee kum black bean garlic sauce,sauce,Additive
14179,lee kum black bean paste,black bean,Legume
14180,lee kum kee black bean garlic sauce,sauce,Additive
14181,leek green lengthwise,leek,Vegetable
14182,leek lengthwise crosswise,leek,Vegetable
14183,leek white,leek,Vegetable
14184,leerdammer cheese,cheese,Dairy
14185,leg duck,duck,Meat
14186,leg improve flavour,chicken,Meat
14187,leg veal rump roast,rump steak,Meat
14188,leicestershire pale ale,malt,Beverage-Alcoholic
14189,lemon artichoke,lemon,Fruit
14190,lemon balsamic vinaigrette,balsamic vinaigrette,Additive
14191,lemon butter,butter,Dairy
14192,lemon butter sauce,sauce,Additive
14193,lemon cordial,lemon,Fruit
14194,lemon dill seasoning,lemon pepper,Spice
14195,lemon dill seasoning plus zest,lemon,Fruit
14196,lemon essential oil,lemon,Fruit
14197,lemon extract bitter almond,almond,Nuts and Seeds
14198,lemon extract not oil,lemon,Fruit
14199,lemon extract orange,lemon,Fruit
14200,lemon flavor yogurt,yogurt,Dairy
14201,lemon flavoring extract,lemon,Fruit
14202,lemon frosting,lemon,Fruit
14203,lemon fruit,lemon,Fruit
14204,lemon geranium leaf,lemon,Fruit
14205,lemon grass bulb,lemon,Plant
14206,lemon grass powder,lemon,Essential Oil
14207,lemon grass stock chicken see,chicken,Meat
14208,lemon green,lemon,Fruit
14209,lemon hard meat mallet,lemon,Fruit
14210,lemon herb marinade,lemon,Meat
14211,lemon icing,lemon,Fruit
14212,lemon jam,lemon,Fruit
14213,lemon jell o gelatin not pudding mix,lemon,Dish
14214,lemon lime,lemon,Beverage
14215,lemon lime beverage spite zero,lemon,Beverage
14216,lemon lime beverage sprite,lemon,Beverage
14217,lemon lime drink mix,lemon,Dish
14218,lemon lime juice,lemon,Beverage
14219,lemon lime liqueur,lemon,Beverage
14220,lemon lime margarita mix,lemon,Dish
14221,lemon lime soda per serving,lemon,Beverage
14222,lemon lime sorbet,lemon-lime drink,Beverage
14223,lemon liqueur,lemon,Fruit
14224,lemon liqueur caravella limoncello,lemon,Beverage-Alcoholic
14225,lemon make certain,lemon,Fruit
14226,lemon more,lemon,Fruit
14227,lemon myrtle macadamia nut oil,macadamia nut,Essential Oil
14228,lemon oil,lemon,Fruit
14229,lemon orange curd,lemon curd,Dairy
14230,lemon orange grapefruit peel,candied citron peel,Fruit
14231,lemon orange juice,lemonade,Beverage
14232,lemon ouzo,lemon,Fruit
14233,lemon parmesan vinaigrette,vinegar,Plant Derivative
14234,lemon peel curl,lemon,Fruit
14235,lemon pepper marinade,lemon pepper,Spice
14236,lemon pie,lemon,Fruit
14237,lemon pie filling,lemon,Dish
14238,lemon pulp,lemon,Fruit
14239,lemon puree,lemon,Fruit
14240,lemon rum,rum,Beverage-Alcoholic
14241,lemon salt,salt,Additive
14242,lemon schnapps,lemon,Fruit
14243,lemon sole,lemon,Fruit
14244,lemon spread,lemon,Fruit
14245,lemon squash drink,lemon,Fruit
14246,lemon stir fry sauce,sauce,Additive
14247,lemon tang orange,lemon,Fruit
14248,lemon tb,lemon,Fruit
14249,lemon tbsp,lemon,Fruit
14250,lemon tea,lemon,Fruit
14251,lemon thyme ca n't,lemon,Herb
14252,lemon thyme juice,lemonade,Beverage
14253,lemon verbena herbal simple syrup lemonade etc,lemonade,Plant Derivative
14254,lemon vodka,vodka,Beverage-Alcoholic
14255,lemon water,water,Additive
14256,lemon wedge hot sauce,lemon,Fruit
14257,lemon zest juice,lemonade,Beverage
14258,lemonade american,lemonade,Beverage
14259,lemonade sugar,sugar,Additive
14260,lemoncello liqueur,liqueur,Beverage-Alcoholic
14261,lemongrass chili spice mix,spice mix,Spice
14262,lemongrass chili spice mix hot,spice mix,Spice
14263,lemongrass juice,lemongrass,Herb
14264,lemongrass paste below,lemongrass,Herb
14265,lemongrass puree,lemongrass,Herb
14267,length french bread equivalent chunk rustic,baguette,Bakery
14269,length string,green bean,Cereal
14270,lentil chili,lentil,Legume
14271,lentil pea,pea,Legume
14272,lentil soup,lentil,Legume
14274,lge poblano pepper pasilla chile,poblano,Vegetable
14276,licor vanilla liqueur,vanilla,Legume
14277,liddells lactose cream,cream,Dairy
14278,liempo pork belly,pork,Meat
14279,life cereal,granola cereal,Cereal
14280,lightlife gim me beef,beef,Meat
14281,lightlife gim me sausage,sausage,Dish
14282,ligonberry jam,fruit preserve,Fruit
14283,ligurian olive taggiasca,olive,Plant
14284,lily,lily,Flower
14285,lily bud golden,lily,Flower
14286,lime chipotle marinade,lime,Fruit
14287,lime cumin vinaigrette,cumin,Spice
14288,lime curd,lime,Fruit
14289,lime dressing,lime,Fruit
14290,lime garlic salsa,garlic,Herb
14291,lime jelly crystal,lime,Fruit
14292,lime jelly powder,lime,Spice
14293,lime juice concentrate,lime juice,Beverage
14294,lime kool aid,lime,Fruit
14295,lime liqueur,lime,Fruit
14296,lime mahi,lime,Fish
14297,lime margarita mix,lime,Dish
14298,lime mayonnaise,lime,Condiment
14299,lime oil juice,lime juice,Beverage
14300,lime pepper,pepper,Spice
14301,lime pickle,lime,Fruit
14302,lime sherbet sorbet,lime,Fruit
14303,lime sorbet yogurt,lime,Fruit
14304,lime syrup,lime,Plant Derivative
14305,lime wedge hot sauce,lime,Fruit
14306,lime wedge olive,lime,Fruit
14307,lime wheel,lime,Fruit
14308,lime yogurt,lime,Fruit
14309,lime zest juice,lime juice,Beverage
14310,limeade juice concentrate,lime juice,Beverage
14311,limon cello liqueur lemon syrup,lemon,Fruit
14312,limoncello buttercream,cream,Additive
14313,limoncello italian lemon liqueur extract,lemon,Fruit
14314,limoncello lemon juice simple syrup,lemonade,Beverage
14315,lincolnshire poacher cheese,cheese,Dairy
14316,lindsay sicilian olive,olive,Plant
14317,lindt chocolate ball,chocolate,Plant Derivative
14318,lingcod,lingcod,Fish
14319,lingon jam,fruit preserve,Fruit
14320,lingonberry butter,butter,Dairy
14321,lingonberry jam optional,lingonberry,Fruit
14322,lingonberry jelly,lingonberry,Fruit
14323,lingonberry preserve jam,lingonberry,Fruit
14324,lingonberry preserve raspberry,lingonberry,Fruit
14325,linguica sausage chorizo,chorizo,Meat
14326,linguine fettuccine,pasta,Cereal
14327,link boudin sausage,sausage,Dish
14328,link chinese sausage,sausage,Dish
14329,link chorizo sausage,sausage,Dish
14330,link kielbasa sausage,sausage,Dish
14331,link linguica sausage,linguica sausage,Meat
14332,link pork sausage,pork sausage,Meat
14333,link pork sausage jalapeno pepper,pork sausage,Meat
14334,link spanish chorizo sausage,spanish chorizo,Meat
14335,linseed seed,cumin,Spice
14336,lipton beef flavor noodle sauce,noodle,Cereal
14337,lipton beefy mushroom soup mix,cream celery soup,Dish
14338,lipton black tea,black tea,Beverage
14339,lipton chicken noodle soup mix,chicken,Meat
14340,lipton chicken soup mix per,chicken,Dish
14341,lipton herb garlic soup mix,soup,Dish
14342,lipton onion soup,soup,Dish
14343,lipton onion soup mix better spicy,soup,Dish
14344,lipton ranch fiesta dip mix,ranch dressing,Condiment
14345,lipton secret garlic herb soup mix,soup,Dish
14346,lipton soup,soup,Dish
14347,lipton soup cream chicken mix,chicken soup,Meat
14348,lipton soup secret noodle mix,chicken,Meat
14349,liptons chicken noodle soup,chicken,Meat
14350,liptons herb garlic soup mix,garlic soup,Dish
14351,liptons onion mushroom soup mix,onion soup,Dish
14352,liqueur brandy,brandy,Beverage-Alcoholic
14353,liqueur flavoring,liqueur,Beverage-Alcoholic
14354,liqueur orange,curacao liqueur,Beverage-Alcoholic
14355,liqueur rum,rum cream liqueur,Beverage-Alcoholic
14358,liquid bacon dripping,bacon,Meat
14359,liquid beef bouillon,beef bouillon cube,Meat
14360,liquid calorie sweetener,sugar,Additive
14361,liquid calorie sweetener natreen,sugar,Additive
14362,liquid caramel,chocolate,Plant Derivative
14363,liquid crab boil,crab boil,Seafood
14364,liquid cream coffee creamer,ice cream,Dish
14368,liquid fruit pectin,liquid pectin,Additive
14369,liquid garlic,garlic,Herb
14370,liquid glucose barley,barley,Cereal
14371,liquid gravy browner kitchen bouquet,seasoning sauce,Additive
14372,liquid hazelnut coffee creamer,hazelnut,Beverage
14373,liquid irish cream coffee creamer,irish cream,Dairy
14375,liquid malt extract,malt,Beverage
14377,liquid nigari,gourd,Plant Derivative
14378,liquid non dairy creamer,cream,Dairy
14379,liquid pectin one,liquid pectin,Additive
14380,liquid seasoning sauce,browning sauce,Condiment
14381,liquid shellfish boil,shellfish,Seafood
14382,liquid shortening,shortening,Additive
14383,liquid sugar cane,sugar,Additive
14384,liquid sugar syrup,syrup,Plant Derivative
14385,liquid vegetable,vegetable,Vegetable
14386,liquid vegetable stock,vegetable stock,Vegetable
14387,liquor cana manabita,chambord,Beverage-Alcoholic
14388,liquorice allsorts candy,candy,Additive
14389,litchi,litchi,Fruit
14390,lite cream,cream,Dairy
14391,lite soy sauce,sauce,Additive
14392,lite tofu,tofu,Plant Derivative
14393,litehouse hot peanut sauce,hot sauce,Condiment
14395,live blue crab kilo,crab,Seafood
14396,live organic natural yoghurt,yogurt,Dairy
14397,live razor clam,clam,Seafood
14398,liver ham,ham,Meat
14399,liver pate green peppercorn,pepper,Spice
14400,liver pork,pork,Meat
14401,liver spread,meat,Meat
14402,liverwurst braunsweiger,meat,Meat
14403,liverwurst sausage,sausage,Dish
14404,liverwurst spread,spread,Additive
14405,lizano sauce,sauce,Additive
14407,lo mein noodle chinese,noodle,Cereal
14408,loaf banana bread,banana bread,Bakery
14409,loaf bread dough,bread,Bakery
14410,loaf bread toast,bread,Bakery
14411,loaf brioche bread egg,egg,Meat
14412,loaf brown bread,bread,Bakery
14413,loaf ciabatta lengthwise,cucumber,Gourd
14414,loaf cinnamon bread,bread,Bakery
14415,loaf cinnamon raisin bread,bread,Bakery
14416,loaf cocktail bread,bread,Bakery
14417,loaf crostini grain bread,bread,Bakery
14418,loaf cuban bread,bread,Bakery
14419,loaf dense bread,bread,Bakery
14420,loaf french bread cube,baguette,Bakery
14421,loaf french bread half,baguette,Bakery
14422,loaf french bread lengthwise,baguette,Bakery
14423,loaf grain bread,bread,Bakery
14424,loaf hearty bread,bread,Bakery
14425,loaf italian bread french,baguette,Bakery
14426,loaf marble rye meal bread,bread,Bakery
14427,loaf multi grain bread,bread,Bakery
14428,loaf peasant bread,bread,Bakery
14429,loaf pita bread,bread,Bakery
14430,loaf pizza crust,pizza,Bakery
14431,loaf poundcake,baguette,Bakery
14432,loaf rustic italian bread,bread,Bakery
14433,loaf rye bread,bread,Bakery
14434,loaf sandwich bread,bread,Bakery
14435,loaf sourdough french bread,bread,Bakery
14436,loaf texas toast,bread,Bakery
14437,loaf vienna bread,bread,Bakery
14438,loaf white italian bread,bread,Bakery
14439,lobster bisque,lobster,Meat
14440,lobster claw,lobster,Seafood
14441,lobster meat crabmeat,lobster,Seafood
14442,lobster stock shrimp,shrimp stock,Seafood
14443,locker wafer biscuit,biscuit,Bakery
14444,loin beef,beef,Meat
14445,loin pork roast,pork,Meat
14446,lomi noodle,noodle,Cereal
14447,longhorn cheddar cheese,cheese,Dairy
14448,longhorn colby cheese,cheese,Dairy
14449,loose chinese black tea leaf,black tea,Beverage
14450,loose chinese green,mustard,Spice
14451,loose earl grey tea,tea,Plant
14453,loose green tea,green tea,Beverage
14454,loose hibiscus flower,elderberry,Fruit
14455,loose jasmine tea,tea,Plant
14456,loose leaf jasmine green,lettuce,Vegetable
14457,loose pack,pumpkin,Fruit
14458,loose pack pea,pea,Legume
14459,loose pack pea pearl onion,pearl onion,Vegetable
14460,loose pack stir,bread,Dish
14461,loose pack vegetable,vegetable,Vegetable
14462,loose rooibos black tea leaf,black tea,Beverage
14463,loosedly spinach leaf,spinach,Vegetable
14464,looseleaf green tea,green tea,Beverage
14465,loosely basil leaf,basil,Herb
14466,loosely gourmet salad green,green salad,Vegetable
14467,loosely spinach leaf,spinach,Vegetable
14468,loosely torn spinach,spinach,Vegetable
14469,loosley spinach leaf,spinach,Vegetable
14470,lop chong chinese sausage,sausage,Dish
14471,lorann gourmet flavoring,vanilla extract,Additive
14472,lot ice,ice,Additive
14473,lot oil,oil,Additive
14474,louis italian chicken breast,chicken,Meat
14475,louis kemp crabmeat lobster meat,lobster,Seafood
14476,louis pork rib,pork,Meat
14477,louis pork sparerib,spare ribs,Meat
14478,louisiana pepper sauce,pepper sauce,Condiment
14479,louisiana roast beef,beef,Meat
14480,louisianna pepper sauce,pepper sauce,Condiment
14481,lousiana sauce,sauce,Additive
14482,lovely marinara sauce,marinara sauce,Condiment
14483,lovera spaghetti sauce,tomato sauce,Condiment
14484,lower chicken stock,chicken,Meat
14485,lower salt taco seasoning mix,spice mix,Spice
14486,lower taco seasoning,spice mix,Spice
14487,lowrey taco seasoning,spice mix,Spice
14488,lowry fajita seasoning mix,fajita,Spice
14489,lox salmon,salmon,Fish
14490,lucie up pie crust,pie crust,Bakery
14491,lucky charm cereal,granola cereal,Cereal
14492,lucky leaf apple pie filling,apple pie,Fruit
14493,lucky leaf lemon,lemon,Fruit
14494,lulo fruit rhubarb,rhubarb,Vegetable
14495,lump crabmeat cartilage,crab meat,Seafood
14496,lump lobster meat,lobster,Seafood
14497,lumpia wrapper egg,egg,Meat
14498,luncheon meat,meat,Meat
14499,lup chinese sausage,sausage,Dish
14500,luxardo maraschino liqueur,liqueur,Beverage-Alcoholic
14501,lychee fruit,lychee,Fruit
14502,ma chole ki dal,dal,Legume
14503,macadamia nut choc chip,macadamia,Nuts and Seeds
14504,macadamia nut coarsely,macadamia,Nuts and Seeds
14505,macadamia nut oil substitute olive,olive,Essential Oil
14506,macadamia syrup,syrup,Plant Derivative
14507,macallan whiskey,whiskey,Beverage-Alcoholic
14508,macarona almond,almond,Nuts and Seeds
14509,macaroni cheese dinner mix kraft,cheese,Dish
14510,macaroni cheese dinner mix milk fo,cheese,Dish
14511,macaroni layer,macaroni,Dish
14512,macarons,biscuit,Dish
14513,macaroon cooky,biscuit,Dish
14514,macarroni noodle,noodle,Cereal
14515,mache salad green,green salad,Vegetable
14516,mackerel fillet oil,pelagic fish,Fish
14517,macque chou,pelagic fish,Dish
14518,madcity dale cajun seasoning,cajun seasoning,Plant Derivative
14519,madcity dale seasoning,spice mix,Spice
14520,madrilene beef broth,beef broth,Meat
14521,mafalda noodle,noodle,Cereal
14522,mafalda noodle lasagna,cannelloni,Cereal
14523,mafalda pasta mini,pasta,Cereal
14524,maghera soup,soup,Dish
14525,maguro,bluefin tuna,Fish
14526,mahatma chicken rice pilaf mix,pilaf,Dish
14527,mahatma jasmine rice,jasmine rice,Cereal
14528,mahi fish,mahi mahi,Fish
14529,mahi steak,steak,Fish
14531,mai fun noodle,noodle,Cereal
14532,maid lemonade,lemonade,Beverage
14533,maid orange juice,orange juice,Fruit
14534,maida,wheat flour,Cereal
14535,maida flour pastry,pastry,Cereal
14536,maifun noodle,noodle,Cereal
14537,maifun rice,rice,Cereal
14538,maifun rice noodle,noodle,Cereal
14539,maille dijonnaise mustard,mustard,Spice
14540,maine crabmeat,crab,Seafood
14541,maine lobster,lobster,Seafood
14542,maine lobster meat,lobster,Seafood
14543,maize flour,corn flour,Maize
14546,make ravioli,ravioli,Dairy
14547,make sauce ingredient candy,candy,Condiment
14548,maki sushi rice,japanese rice,Cereal
14549,malagkit rice,rice,Cereal
14550,malanga root,ginger,Spice
14551,malt,malt,Additive-Vinegar
14552,malt drink powder syrup,malt,Cereal
14553,malt milk biscuit,milk,Dairy
14554,malt o meal cereal brown sugar flavor,brown sugar,Additive-Sugar
14555,maltesers malt ball,vinegar,Plant Derivative
14556,manchego goat cheese,cheese,Dairy
14557,mandarin ginger vinaigrette,ginger,Spice
14558,mandarin orange essence,mandarin orange,Plant Derivative
14559,mandarin orange wedge juice,orange juice,Fruit
14560,mandarin vodka,vodka,Beverage-Alcoholic
14561,mange tout,pea,Legume
14562,mango coulis,mango coulis,Fruit
14563,mango cube,mango,Fruit
14564,mango garlic seasoning,mango,Condiment
14565,mango gelatin,mango,Fruit
14566,mango jam,mango,Fruit
14567,mango juice may,mango juice,Fruit
14568,mango nectar juice,mango juice,Beverage
14569,mango nectar orange juice,mango juice,Beverage
14570,mango peach tea,mango,Condiment
14571,mango pickle,mango,Dish
14572,mango pineapple,mango,Fruit
14573,mango pulp juice,mango juice,Fruit
14574,mango sauce,mango sauce,Condiment
14575,mango schnapps,mango,Fruit
14576,mango sorbet,mango,Fruit
14577,mangosteen,mangosteen,Fruit
14578,manhattan clam chowder,clam chowder,Seafood
14580,manicotti salt,salt,Additive
14581,manishevitz wine,wine,Beverage-Alcoholic
14582,manouri cheese mizithra,mizithra,Dairy
14583,manoushi bread dough,bread,Dish
14585,many grain bread,bread,Bakery
14586,maple breakfast sausage,sausage,Dish
14587,maple flavor syrup,maple syrup,Additive
14588,maple liqueur extract,maple syrup,Additive
14589,maple sausage,sausage,Dish
14590,maple vinaigrette,vinegar,Plant Derivative
14593,marco polo noodle,noodle,Cereal
14594,margarine by spraying,margarine,Additive
14595,margarine sauce,margarine,Additive
14596,margarine vegetable oil,vegetable oil,Plant Derivative
14597,margarita jell o gelatin,gelatin,Additive
14598,margarita mix concentrate,margarita,Dish
14599,margarita mix sauza,margarita,Dish
14600,margherite cooky,biscuit,Dish
14601,maria,biscuit,Bakery
14602,maria vanilla wafer,vanilla wafer,Dish
14603,marie calender cornbread mix,bread,Dish
14604,marie callender cornbread mix,bread,Dish
14605,marie cookie,amaretti di saronno,Dish
14606,marinade badia,marinade,Dish
14607,marinade oil,oil,Additive
14608,marinade tequilla lime,lime,Fruit
14609,marinade yoshida,marinade,Dish
14610,marinara sauce barilla,marinara sauce,Condiment
14611,marinara sauce garlic basil,marinara sauce,Condiment
14612,marinara sauce garlic let,marinara sauce,Condiment
14613,marinara sauce honey mustard,marinara sauce,Condiment
14614,marinara sauce one,marinara sauce,Condiment
14615,marinara sauce prego olive oil garlic,garlic flavored olive oil,Plant Derivative
14616,marinara sauce red wine,wine,Beverage-Alcoholic
14617,marinara sauce see below,marinara sauce,Condiment
14618,marinara sauce spaghetti via bari italy,pasta,Cereal
14619,marinara spaghetti sauce,tomato sauce,Condiment
14621,market pantry reg ; chipotle mayonnaise,mayonnaise,Condiment
14622,market pantry reg french bread,baguette,Bakery
14623,marmalade jam,marmalade,Additive
14624,marnier,grand marnier,Beverage-Alcoholic
14625,marrons,chestnut,Fruit
14626,marrons chestnut,chestnut,Fruit
14627,marrow beef,beef,Meat
14628,marrow gut,marrow,Vegetable
14629,marrowfat pea,pea,Legume
14630,marshmallow biscuit,marshmallow,Bakery
14631,marshmallow cream pumpkin decorative candy,marshmallow creme,Bakery
14632,marshmallow frosting,marshmallow,Bakery
14633,marshmallow peep,marshmallow,Bakery
14634,marthat white cotton coutry cornbread mix,bread,Dish
14635,maruchan ramen noodle,noodle,Cereal
14636,maryland lump crab,crab,Seafood
14637,marzano tomato,tomato,Vegetable
14638,masa corn flour meal,cornmeal,Maize
14639,masa harina corn mix,masa,Maize
14640,masa harina flour corn mix,masa,Maize
14641,masala curry sauce,sauce,Additive
14642,masala paste green chilli onion,scallion,Herb
14643,masoor dhal,dal,Legume
14645,masterfoods chicken seasoning,spice mix,Spice
14646,masterfoods italian herb basil,basil,Condiment
14647,masterfoods thai seasoning,spice mix,Spice
14648,masterpiece barbecue sauce,sauce,Additive
14649,matcha green tea,green tea,Beverage
14650,matchstick granny smith apple,apple,Fruit
14651,matchstick jicama,jicama,Vegetable
14652,matchstick vegetable,vegetable,Vegetable
14653,matouk green seasoning,spice mix,Spice
14654,matouk west indian sauce,sauce,Additive
14655,mature cheese,cheese,Dairy
14656,mature coconut,coconut,Fruit
14657,mature sourdough,sourdough baguette,Bakery
14658,matzo ball,matzo,Bakery
14659,matzo ball mix,baking mix,Dish
14660,matzo board,matzo,Bakery
14661,matzo cake flour,wheat flour,Cereal
14662,matzo cracker farfel,cracker,Bakery
14663,maui maid teriyaki marinade,teriyaki sauce,Condiment
14664,mayonnaise salad dressing,salad dressing,Dish
14665,mayonnaise sandwich pickle,mayonnaise,Condiment
14666,maytag blue cheese,cheese,Dairy
14667,mazola cooking spray,cooking spray,Additive
14668,mazola corn oil,corn oil,Maize
14669,mazola oil,oil,Additive
14670,mc cormick italian seasoning,italian seasoning,Herb
14671,mccormack taco seasoning beef mccormick grill mate southwest seasoning,spice mix,Spice
14672,mccormick ' n roast seasoning,sugar substitute,Vegetable
14673,mccormick albondigas al chipotle,chipotle,Spice
14674,mccormick au jus sauce,sauce,Additive
14675,mccormick baja citrus marinade,marinade,Dish
14676,mccormick bayou cajun seasoning,cajun seasoning,Plant Derivative
14677,mccormick bon appetit seasoning mix,spice mix,Spice
14678,mccormick burrito seasoning mix,spice mix,Spice
14679,mccormick chicken,chicken,Meat
14680,mccormick chicken stir fry seasoning,bread,Dish
14681,mccormick chicken white bean chili seasoning,white bean,Legume
14682,mccormick choice,sausage,Dish
14683,mccormick cocoa,cocoa,Seed
14684,mccormick enchilada mix,enchilada,Condiment
14685,mccormick enchilada seasoning,enchilada,Spice
14686,mccormick flavor garlic herb seasoning,spice mix,Spice
14687,mccormick garlic powder,garlic,Herb
14688,mccormick garlic salt,garlic salt,Spice
14689,mccormick gourmet collection greek seasoning,spice mix,Spice
14690,mccormick gourmet collection lavender,lavender,Flower
14691,mccormick greek seasoning,spice mix,Spice
14692,mccormick grill,seasoning,Spice
14693,mccormick herb marinade,sauce,Additive
14694,mccormick hot mexican chili powder,chili powder,Spice
14695,mccormick jamaican jerk spice,jerk (cooking),Spice
14696,mccormick meat loaf seasoning,meat,Meat
14697,mccormick mesquite powder,spice mix,Spice
14698,mccormick mushroom gravy mix,mushroom,Fungi
14699,mccormick pizza seasoning,spice mix,Spice
14700,mccormick salsa seasoning,spice mix,Spice
14701,mccormick slow cooker roast seasoning,spice mix,Spice
14702,mccormick spaghetti sauce seasoning,tomato sauce,Condiment
14703,mccormick spice monterey,spice mix,Spice
14705,mccormick steak seasoning,spice mix,Spice
14706,mccormick taco al pastor,taco,Dish
14707,mccormick taco seasoning mix hot,spice mix,Spice
14708,mccormick tex mex seasoning,spice mix,Spice
14709,mccormick tinga de pollo,spice mix,Spice
14710,mccormick white chicken chili seasoning mix,chili powder,Spice
14711,mckay chicken seasoning seasoning seasoning,spice mix,Spice
14712,mckormick fajita seasoning mix gravy,fajita,Spice
14713,mcvites digestive biscuit,biscuit,Bakery
14714,meakong whiskey,whiskey,Beverage-Alcoholic
14715,meal breadcrumb,bread crumb,Bakery
14716,meal flour wheat,wheat flour,Cereal
14717,meal replacement vanilla powder,vanilla,Legume
14718,meal spelt flour,cornmeal,Maize
14719,mean chef tart dough,tart,Bakery
14720,measure irish whiskey,whisky,Beverage-Alcoholic
14721,measure quinoa pasta,pasta,Cereal
14722,meat beef bacon,beef,Meat
14723,meat beef chicken,chicken,Meat
14724,meat beef chuck,chuck steak,Meat
14725,meat beef great,beef,Meat
14726,meat beef lamb mix,lamb,Meat
14727,meat beef pork,beef,Meat
14728,meat broth beef water,beef broth,Meat
14729,meat chicken beef,chicken,Meat
14730,meat chicken roast beef,chuck steak,Meat
14731,meat choice ; poultry,meat,Meat
14732,meat chorizo,meat,Meat
14733,meat combine beef,beef,Meat
14734,meat creation rag pasta sauce,sauce,Additive
14735,meat dripping vegetable oil,vegetable oil,Plant Derivative
14736,meat egg tortellini,egg,Meat
14737,meat extract,meat,Meat
14738,meat fish,meat,Meat
14739,meat hamburger,hamburger,Bakery
14740,meat italian meatball,meatball,Dish
14741,meat juice optional,meat,Meat
14742,meat lamb,lamb,Meat
14743,meat lemon,lemon,Fruit
14744,meat loaf mix beef,beef,Meat
14745,meat marinade,marinade,Dish
14746,meat masala spice,spice mix,Spice
14747,meat parma ham,prosciutto di parma,Meat
14748,meat pork beef pepper,pepper,Spice
14749,meat poultry,meat,Meat
14750,meat ravioli,meat,Meat
14751,meat ravioli cheese,ravioli,Dairy
14752,meat sauce crowd,meat sauce,Meat
14753,meat seasoning,meat,Meat
14754,meat spaghetti sauce,tomato sauce,Condiment
14755,meat stock beef water,beef,Meat
14756,meat stock chicken,chicken,Meat
14757,meat stock water,meat stock,Meat
14758,meat substitute,meat,Meat
14759,meat veal,meat,Meat
14760,meat venison,meat,Meat
14761,meat without casing,meat,Meat
14762,meat work,meat,Meat
14763,meatball beef,beef,Meat
14764,meatball beef turkey,turkey,Meat
14765,meatball one,meatball,Dish
14766,meatball swedish,meatball,Dish
14768,meatloaf mix,meatloaf,Spice
14769,meatloaf mix beef pork,beef,Meat
14770,meatloaf mix pork,pork,Spice
14771,meatloaf mixture,meatloaf,Dish
14772,meatloaf mixture beef pork,meatloaf,Meat
14773,meatloaf mixture beef veal pork,meatloaf,Meat
14774,meaux mustard,mustard,Spice
14775,mediteranean seasoning,spice mix,Spice
14776,mediterranean black olive,black olive,Fruit
14777,mediterranean flat bread,bread,Bakery
14778,mediterranean pita bread,bread,Bakery
14779,mediterranean sea salt,salt,Additive
14780,mediterranean seasoning,spice mix,Spice
14781,mediterranean tomato oil,tomato oil,Vegetable
14782,meditteranean olive,olive,Plant
14783,meet mersang,chili,Spice
14784,mei fun rice noodle,noodle,Cereal
14785,melange pepper,pepper,Spice
14786,melba cracker,cracker,Bakery
14787,melt white cheese,cheese,Dairy
14788,menlo egg wrap,egg wrap,Dish
14789,mennonite salami,salami,Fish
14790,menudo spice mix onion,spice mix,Spice
14791,merguez lamb sausage,sausage,Dish
14792,meringue one,biscuit,Bakery
14793,merlot cabernet sauvignon wine,wine,Beverage-Alcoholic
14794,mescal liquor,chambord,Beverage-Alcoholic
14796,mesquite fajita seasoning mix,fajita,Spice
14797,mesquite powder,chili powder,Spice
14800,methi dana,methi seed,Spice
14801,mexi corn,corn,Maize
14802,mexican bolillo bread,bread,Bakery
14803,mexican bolillos oval,bread,Bakery
14804,mexican cajeta caramel,chocolate,Plant Derivative
14805,mexican cane sugar,sugar,Additive
14806,mexican cheese asadero,cheese,Dairy
14807,mexican cheese choice,cheese,Dairy
14808,mexican cheese cilantro,cheese,Dairy
14809,mexican cheese cotija,cheese,Dairy
14810,mexican cheese jack,cheese,Dairy
14811,mexican cheese milk,cheese,Dairy
14812,mexican cheese monterey jack,monterey jack,Dairy
14813,mexican cheese own judgment,cheese,Dairy
14814,mexican cheese panela,cheese,Dairy
14815,mexican cheese queso seco,cheese,Dairy
14816,mexican cheese sargento,cheese,Dairy
14817,mexican cheese soy,cheese,Dairy
14818,mexican cheese tomato cream black bean,cheese,Dairy
14819,mexican chile powder,chile powder,Spice
14820,mexican chili flake,chili,Spice
14821,mexican chocolate beverage mix,chocolate,Plant Derivative
14822,mexican chocolate drink mix,chocolate,Plant Derivative
14823,mexican chocolate ibarra,chocolate,Plant Derivative
14824,mexican cinnamon,cinnamon,Spice
14825,mexican corn chip,corn chip,Maize
14826,mexican cream,cream,Dairy
14827,mexican dark chocolate,dark chocolate,Additive
14828,mexican fajita seasoning mix,fajita,Spice
14829,mexican four cheese mozzarella,cheese,Dairy
14830,mexican green sauce,green chili sauce,Condiment
14831,mexican green taco sauce,taco sauce,Condiment
14833,mexican hard french bread,baguette,Bakery
14834,mexican italian dressing,salad dressing,Dish
14835,mexican jalapeno,jalapeno,Spice
14836,mexican manchego cheese,cheese,Dairy
14837,mexican paprika,paprika,Vegetable
14838,mexican pilsner beer,mexican beer,Beverage-Alcoholic
14839,mexican pinto bean,bean,Legume
14840,mexican rice mix cheesy,rice,Cereal
14841,mexican rice mix vermicelli,rice,Cereal
14842,mexican rice roni,mexican rice,Dish
14843,mexican sandwich,sandwich,Dish
14844,mexican seasoning bassett,spice mix,Spice
14845,mexican seasoning chicken,chicken,Spice
14846,mexican spice seasoning mix,spice mix,Spice
14847,mexican taco seasoning,spice mix,Spice
14848,mexican white cheese,cheese,Dairy
14849,mexicorn corn green red pepper,pepper,Spice
14850,mexicorn green pepper,chili pepper,Vegetable
14851,meyer lemon crosswise,lemon,Fruit
14852,meyer lemon juice mandarin orange,orange juice,Fruit
14853,meyer lemon well,lemon,Fruit
14854,meyer lemon zest,lemon,Fruit
14855,mezcal tequila,tequila,Beverage-Alcoholic
14856,mezze penne pasta,pasta,Cereal
14857,mezzetta italian mix giardiniera,juice,Condiment
14858,miami sazon seasoning,sofrito,Vegetable
14859,michigan maple syrup,maple syrup,Additive
14860,microwavable dipping chocolate,chocolate,Plant Derivative
14861,microwaveable broccoli cheese sauce,sauce,Additive
14862,microwaveable grain brown rice,rice,Cereal
14863,middle cream,cream,Dairy
14864,middle eastern flat bread,bread,Bakery
14865,middle eastern seasoning,spice mix,Spice
14866,mike sauce,sauce,Additive
14867,milagro silver tequila,tequila,Beverage-Alcoholic
14868,mildly chilies guajillo,guajillo chile,Vegetable
14869,mildly oil,oil,Additive
14870,milk arrowroot biscuit cookie,milk,Dairy
14871,milk biscuit,milk,Dairy
14872,milk boil,milk,Dairy
14873,milk bowl,milk,Dairy
14874,milk buttermilk,milk,Dairy
14875,milk cheddar cheese,cheese,Dairy
14876,milk cheese,cheese,Dairy
14877,milk chocolate cake mix,cake,Dish
14878,milk chocolate candy bar chip,milk chocolate,Additive
14879,milk chocolate candy kiss,chocolate milk,Beverage
14880,milk chocolate caramel nougat bar,milk chocolate,Additive
14881,milk chocolate chip cinnamon baking,milk chocolate,Additive
14882,milk chocolate chip ok,milk chocolate,Additive
14883,milk chocolate chip total,milk chocolate,Additive
14884,milk chocolate coarsely,chocolate milk,Beverage
14885,milk chocolate dark,dark chocolate,Plant
14886,milk chocolate frosting,chocolate milk,Beverage
14887,milk chocolate hershey,chocolate milk,Beverage
14888,milk chocolate star,chocolate milk,Beverage
14889,milk choice,milk,Dairy
14890,milk cracker crumb,cracker,Bakery
14891,milk dairy,milk,Dairy
14892,milk do n't,milk,Dairy
14893,milk do not,milk,Dairy
14894,milk ex,milk,Dairy
14895,milk fish mullet,milk,Dairy
14896,milk gravy,milk,Dairy
14897,milk green tea,green tea,Beverage
14898,milk half,milk,Dairy
14899,milk juice lemon,lemonade,Beverage
14900,milk lemon juice,lemonade,Beverage
14901,milk loaf cake,milk,Dairy
14902,milk mate chocolate syrup,chocolate milk,Beverage
14903,milk more,milk,Dairy
14904,milk mozzarella cheese,mozzarella,Dairy
14905,milk mozzarella italian market,mozzarella,Dairy
14906,milk net,milk,Dairy
14907,milk optional soup,milk,Dairy
14908,milk rice,rice milk,Beverage
14909,milk ricotta,milk,Dairy
14910,milk that ha,milk,Dairy
14911,milk vinegar,milk,Dairy
14912,milk water,water,Additive
14913,milkless tea,tea,Plant
14914,milky way bar,chocolate bar,Plant
14915,milky way candy bar,candy,Plant
14916,millet quinoa,quinoa,Cereal
14917,milliliter cream,cream,Dairy
14918,milliliter double cream pt,cream,Dairy
14919,mimolette cheese,mimolette,Dairy
14920,mince meatball,meatball,Dish
14921,mincemeat filling,micemeat,Dish
14922,mincemeat lamb,lamb,Meat
14923,mincemeat lamb beef,beef,Meat
14924,mini baby carrot,baby carrot,Vegetable
14925,mini bell pepper,capsicum,Vegetable Fruit
14926,mini brie,marshmallow,Bakery
14927,mini brioche bun,bun,Bakery
14928,mini chicken frankfurter,chicken,Meat
14929,mini chocolate chip cake,chocolate chip,Additive
14930,mini chocolate chip milk,milk chocolate,Additive
14931,mini chocolate egg,egg,Meat
14932,mini corn tortilla chip,tortilla chip,Bakery
14933,mini dinner,marshmallow,Bakery
14934,mini dogbone treat,dog biscuit,Dish
14935,mini graham cracker crust,graham cracker,Bakery
14936,mini graham cracker tart crust,graham cracker,Bakery
14937,mini italian meatball,meatball,Dish
14938,mini lasagna noodle,cannelloni,Cereal
14939,mini milk chocolate kiss,chocolate milk,Beverage
14940,mini phyllo tart shell,phyllo,Bakery
14941,mini pierogis,marshmallow,Bakery
14942,mini pita pocket wide,pita,Bakery
14943,mini potato gnocchi,potato,Vegetable Tuber
14944,mini pretzel twist,pretzel,Bakery
14945,mini pumpernickel bread,bread,Bakery
14946,mini red pepper,capsicum,Vegetable Fruit
14947,mini shortcake,marshmallow,Bakery
14948,mini sourdough pretzel,pretzel,Bakery
14949,mini tater tot,marshmallow,Bakery
14950,mini wheat cereal biscuit,biscuit,Cereal
14951,mini wheat penne,pasta,Cereal
14952,minneola tangelo juice orange,orange juice,Fruit
14953,minor beef base,beef,Meat
14954,minor chicken base,chicken,Meat
14955,mint chocolate square,chocolate,Plant Derivative
14956,mint cilantro chutney,coriander,Herb
14957,mint herbal tea,mentha,Herb
14958,mint liqueur,mentha,Herb
14959,mint paste,mentha,Herb
14960,mint tea leaf,mentha,Herb
14961,miracle whip calorie wise,chocolate,Plant Derivative
14962,mirasol chile,chili,Spice
14963,mirin japanese wine,mirin,Beverage-Alcoholic
14964,mirin seasoning,mirin,Beverage-Alcoholic
14965,mirinda orange soda,orange,Fruit
14966,mirj challah,bread,Bakery
14967,mirlitons,chayote,Vegetable
14968,miss tink house seasoning,spice mix,Spice
14969,mission super fajita grande tortilla,fajita,Spice
14970,misto red pepper,capsicum,Vegetable Fruit
14971,mitchell black forest ham,ham,Meat
14972,mitmita seasoning,spice mix,Spice
14973,mitsukan sushi seasoning,spice mix,Spice
14974,mitzukan sushi rice seasoning,japanese rice,Cereal
14975,mix better,baking mix,Dish
14976,mix green salad,green salad,Vegetable
14977,mix green salad leaf,green salad,Vegetable
14978,mix margarita,margarita,Dish
14979,mix pork stuffing,bread,Dish
14980,mix rise pizza dough,pizza,Bakery
14981,mix that includes salt,salt,Additive
14982,mix vegetable,vegetable,Vegetable
14983,mix yellow lemonade concentrate,lemonade,Beverage
14984,mixto tequila,tequila,Beverage-Alcoholic
14985,mizithra cheese cretan,mizithra,Dairy
14986,mizithra cheese may,mizithra,Dairy
14987,mizithra cheese ricotta,cheese,Dairy
14988,mizithra cheese soy,mizithra,Dairy
14989,mizu shingen mochi,raindrop cake,Dish
14990,mizuna,mizuna,Vegetable
14991,mizuna green,mizuna,Vegetable
14992,mocca milk chocolate cocoa chip ca n't bar,milk chocolate,Additive
14993,mochi flour,flour,Cereal
14994,mock beef seasoning,beef,Meat
14995,moderately fine bread crumb,bread crumbs,Bakery
14996,moist coconut,coconut,Beverage
14997,moist salt pepper,pepper,Spice
14998,moist yellow cake mix,cake,Dish
14999,moisture milk mozzarella,mozzarella,Dairy
15000,moisture mozzarella cheese,mozzarella,Dairy
15001,mojito marinade,baking mix,Additive
15002,mojito mix,baking mix,Dish
15004,mojo criollo marinade,marinade,Condiment
15005,mojo marinade,marinade,Dish
15006,mojo spice,spice mix,Spice
15007,molasses sugar,sugar,Additive
15008,mole dona maria,cherry pepper,Spice
15009,mole gluten,wheat,Cereal
15010,molinari milano salami,salami,Fish
15011,molohia leaf,bay leaf,Plant
15012,momokawa diamond sake,sake,Beverage-Alcoholic
15013,momokawa silver sake,sake,Beverage-Alcoholic
15014,monde spice,spice mix,Spice
15015,mongolian fire oil,oil,Additive
15016,monk fish,fish,Fish
15018,montegrappa cheese,cheese,Dairy
15019,montenegro amaro liqueur,amaro liqueur,Beverage-Alcoholic
15020,monterey jack cheese cube,monterey jack,Dairy
15021,monterey jack cheese lettuce tomato,cheese,Dairy
15022,monterey jack cheese sauce,monterey jack,Dairy
15023,monterey jack colby cheese,cheese,Dairy
15024,monterey jack jalapeno pepper cheese,monterey jack,Dairy
15025,monterey jack queso dip,monterey jack,Dairy
15026,montezuma gold tequila,tequila,Beverage-Alcoholic
15027,montrachet garlic herb goat cheese,cheese,Dairy
15028,montreal grill seasoning,seasoning,Spice
15029,montreal seasoning,seasoning,Spice
15030,montreal seasoning salt pepper,seasoning,Spice
15031,montreal steak rub marinade,seasoning,Spice
15032,montreal steak spice,seasoning,Spice
15034,moo shu pancake,pancake,Dish
15035,moong dahl be pea,pea,Legume
15036,moong sprout,bean sprout,Legume
15037,moose heart,elk,Meat
15038,moose marinade,marinade,Dish
15039,moose meat,moose,Meat
15040,moose meat oil,moose,Meat
15041,moose nose upper jawbone,moose,Meat
15042,mop sauce,sauce,Additive
15043,morbier cheese,cheese,Dairy
15044,morcilla sausage,sausage,Dish
15045,more oil,oil,Additive
15046,more salt black pepper,black pepper,Spice
15047,more salt pepper,pepper,Spice
15049,morel mushroom lengthwise,morchella,Fungi
15050,morello cherry jam,cherry,Additive
15051,mori nu silken tofu,soft tofu,Plant
15052,morita chili,chili,Spice
15053,mornay sauce,sauce,Additive
15056,moroccan seasoning greek seasoning,spice mix,Spice
15057,moroccan spice mix,spice mix,Spice
15058,moroccan spice seasoning,five spice powder,Spice
15059,morroccan bread,bread,Bakery
15060,mortadella sausage,sausage,Dish
15061,morton bay bug,lobster,Plant
15062,morton lawrys seasoning,spice mix,Spice
15063,morton nature salt,salt,Additive
15064,morton sausage seasoning,sausage,Dish
15065,moselle wine rhine,wine,Beverage-Alcoholic
15066,mostaccioli,pasta,Cereal
15067,mott cinnamon applesauce,apple sauce,Fruit
15068,mott clamato juice,tomato,Beverage
15069,mott natural applesauce,apple sauce,Fruit
15070,mountain burdock root,ginger,Spice
15071,mountain pepper,pepper,Spice
15072,mousse pate market,mousse,Dish
15073,mozzarella ball oil,mozzarella,Dairy
15074,mozzarella balls,mozzarella,Dairy
15075,mozzarella cheese ball,mozzarella,Dairy
15076,mozzarella cheese balls,mozzarella,Dairy
15077,mozzarella cheese olive oil,olive oil,Plant Derivative
15078,mozzarella fresca soda,mozzarella,Dairy
15079,mozzarella monterey jack cheese texas toast,monterey jack,Dairy
15080,mozzarella parmesan cheese,mozzarella,Dairy
15081,mozzarella provolone cheese,mozzarella,Dairy
15082,mtr vermicelli,pasta,Cereal
15083,mu shu pancake,pancake,Dish
15084,mucho gusto taco seasoning mix,spice mix,Spice
15085,mudslide liquor,chambord,Beverage-Alcoholic
15086,mueller lasagna noodle,cannelloni,Cereal
15087,muesli yogurt,yogurt,Dairy
15088,muir glen vegetable pasta sauce,sauce,Additive
15089,mulato chile poblano,poblano,Vegetable
15090,mulberry cranberry,cranberry,Fruit
15091,mullet,mullet,Fish
15092,multi candy,candy,Additive
15093,multi color pepper,pepper,Spice
15094,multi grain baguette,wheat tortilla,Bakery
15095,multi grain bread ciabatta,bread,Bakery
15096,multi grain bread french,baguette,Bakery
15097,multi grain bread rye,bread,Bakery
15098,multi grain bread sourdough,bread,Dish
15099,multi grain bread wheat,bread,Bakery
15100,multi grain bun,wheat tortilla,Bakery
15101,multi grain cracker,wheat tortilla,Bakery
15102,multi grain flake cereal almond,cereal,Cereal
15103,multi grain penne,wheat tortilla,Bakery
15104,multi grain penne pasta,pasta,Cereal
15105,multi grain saltine cracker,saltine cracker,Bakery
15106,multi grain spaghetti,wheat tortilla,Bakery
15107,multi grain tortilla,wheat tortilla,Bakery
15108,multicolored corkscrew pasta,pasta,Cereal
15109,multicolored sugar nonpareil,sugar,Additive
15110,multigrain baguette,baguette,Bakery
15111,multigrain cereal,granola cereal,Cereal
15112,multigrain saltine cracker,saltine cracker,Bakery
15113,multigrain tortilla chip,wheat tortilla,Bakery
15114,mung bean green,mung bean,Legume
15115,mung bean noodle green,noodle,Cereal
15116,mung bean noodle rice vermicelli,rice vermicelli,Cereal
15117,mung bean nooodle vermicelli,mung bean,Legume
15118,mung bean water,mung bean,Legume
15119,mung bean yellow,mung bean,Legume
15120,mung dal green,mung bean,Legume
15121,mung dal red lentil,red lentil,Legume
15122,mung dal yellow,lentil,Legume
15123,murmure rice,rice,Cereal
15124,muscat liqueur,liqueur,Beverage-Alcoholic
15125,muscat wine sparkling,wine,Beverage-Alcoholic
15126,muscat wine white,wine,Beverage-Alcoholic
15127,muscatel wine,muscatel,Beverage-Alcoholic
15128,mushroom chanterelle,mushroom,Fungi
15129,mushroom cheese grater,mushroom,Fungi
15130,mushroom chinese,mushroom,Fungi
15131,mushroom crimini oyster,mushroom,Fungi
15132,mushroom garlic pasta sauce,sauce,Additive
15133,mushroom go,mushroom,Fungi
15134,mushroom gravy mix beef,mushroom,Fungi
15135,mushroom green pepper flavor spaghetti sauce,sauce,Additive
15136,mushroom marinara sauce,marinara sauce,Condiment
15137,mushroom ok,mushroom,Fungi
15138,mushroom olive,mushroom,Fungi
15139,mushroom portabello,mushroom,Fungi
15140,mushroom portobello enoki,mushroom,Fungi
15141,mushroom puree,mushroom,Fungi
15142,mushroom soup golden,mushroom,Dish
15143,mushroom soy sauce brown,soy sauce,Condiment
15144,mushroom spaghetti sauce,tomato sauce,Condiment
15145,mushroom stock cube,lamb,Meat
15146,mushroom stock see,mushroom,Fungi
15147,mushroom stock vegetable,vegetable stock,Vegetable
15148,mushroom that been,mushroom,Fungi
15149,mushroom white,mushroom,Fungi
15150,mushroom white button,mushroom,Fungi
15151,musk lifesaver five flavor candy,candy,Additive
15153,mussel juice,mussel,Seafood
15154,mustard cabbage,cabbage,Vegetable
15155,mustard dill sauce ii,mustard,Spice
15156,mustard girl honey,honey mustard,Condiment
15157,mustard glaze,mustard,Spice
15158,mustard green ka saag,mustard,Vegetable
15159,mustard green length,mustard,Vegetable
15160,mustard oil indian grocery vegetable,vegetable oil,Plant Derivative
15161,mustard oil peanut,peanut oil,Plant
15162,mustard relish,mustard,Spice
15163,mustard sauce,sauce,Additive
15164,mutton chop lamb,lamb,Meat
15165,mutton leg,chicken,Meat
15166,mutton marrow,marrow,Vegetable
15167,mutton rib,celery,Herb
15168,mutton shank,lamb,Meat
15169,mutton shoulder,mutton,Meat
15170,mutton shoulder may,mutton,Meat
15171,mutton stock cube,lamb,Meat
15172,myoga japanese ginger,myoga,Spice
15173,n fill caramel,chocolate,Plant Derivative
15174,n spicy,spicy mustard,Condiment
15175,n y c irish soda bread,bread,Bakery
15176,n'orleans creole seasoning,creole seasoning,Spice
15177,na'an bread,bread,Bakery
15178,naan bread crust,naan,Bakery
15179,naan bread garlic coriander,naan,Bakery
15180,naan flat bread garlic,naan,Bakery
15182,nabisco milk cracker,milk,Dairy
15183,nabisco raspberry cooky,raspberry,Fruit
15184,nacho cheese doritos,chile con queso,Dairy
15185,nacho cheese flavor,chile con queso,Dairy
15186,nacho cheese plain doritos,chile con queso,Dairy
15187,nacho cheese sauce,cheese,Dairy
15188,nacho cheese sauce choice,cheese,Dairy
15189,nacho cheese soup mix,cheese,Dish
15190,nacho chip choice,tortilla,Dish
15191,nacho chip crumb,tortilla,Dish
15192,nacho corn chip,corn chip,Maize
15193,nacho jalapeno,jalapeno,Spice
15194,nacho jalapeno pepper,jalapeno,Vegetable
15195,nacho tortilla chip,tortilla,Dish
15196,nam prik pao chile paste,nam phrik,Condiment
15197,nama shoyu,soy sauce,Condiment
15198,nanaimo oyster,oyster,Seafood
15199,nanka saimen noodle,noodle,Cereal
15200,nann bread,bread,Bakery
15201,napa cabbage kimchi,napa cabbage,Vegetable
15203,napolitana spaghetti sauce,tomato sauce,Condiment
15204,naranja agria juice lime,lime juice,Beverage
15205,narrow egg noodle,egg,Meat
15206,narrow loaf french bread,baguette,Bakery
15207,naruto,naruto,Fish
15210,nat teriyaki sauce,teriyaki,Condiment
15211,native pepper berry,pepper,Spice
15212,natural almond coarsely,almond,Nuts and Seeds
15213,natural cream,cream,Dairy
15214,natural cream mushroom soup,mushroom,Dish
15215,natural glace cherry,cherry,Additive
15216,natural goat milk yogurt,milk,Dairy
15217,natural grapeseed oil,grapeseed oil,Essential Oil
15218,natural macadamia nut oil,macadamia nut,Essential Oil
15219,natural maple extract,syrup,Additive
15220,natural maui maid teriyaki marinade,teriyaki sauce,Condiment
15221,natural nitrate deli ham,lunch meat,Meat
15222,natural oat bran,oat,Cereal
15224,natural sausage casing,sausage,Dish
15225,naturally soy sauce,soy sauce,Condiment
15226,nature cereal,granola cereal,Cereal
15227,nature season,seasoned salt,Additive-Salt
15228,navan vanilla liqueur,vanilla,Legume
15229,navel orange section,orange,Fruit
15230,navel orange wedge,orange,Fruit
15231,navel orange zest,orange,Fruit
15232,neapolitan pizza sauce,sauce,Additive
15233,near east tabouli mix,baking mix,Dish
15234,near east wheat salad,salad,Dish
15235,neck,lamb,Meat
15236,nectar may,guava nectar,Fruit
15237,nectarine juice,peach,Fruit
15238,needle noodle,noodle,Cereal
15239,neely bbq rub seasoning,spice  mix,Spice
15240,negilla seed,cumin,Spice
15241,negro chile,cherry pepper,Spice
15242,nescafe ice java coffee syrup,ice cream,Dish
15243,nesco jerky spice work salt,salt,Additive
15244,nesquik chocolate syrup,chocolate sauce,Plant Derivative
15245,nest rice noodle,noodle,Cereal
15246,netural vanilla powder,vanilla,Legume
15247,neutral cooking oil,cooking oil,Additive
15248,neutral oil like corn,corn oil,Maize
15249,neutral vegetable oil water,vegetable oil,Plant Derivative
15250,new argentinian white wine,wine,Beverage-Alcoholic
15251,new chile powder,new mexico chile,Spice
15252,new mexican green chile salsa,new mexico chile,Spice
15253,new mexico chile chili,new mexico chile,Spice
15254,new mexico chile guajillo chilies,new mexico chile,Spice
15255,new mexico chile pasilla pepper,new mexico chile,Spice
15256,new mexico chile powder chipotle,new mexico chile,Spice
15257,new mexico chile red chilies,new mexico chile,Spice
15258,new mexico chili pod,new mexico chile,Spice
15259,new mexico chili powder,new mexico chile,Spice
15260,new mexico green chilies,chili powder,Vegetable
15261,new potato red,potato,Vegetable Tuber
15262,new wine,wine,Beverage-Alcoholic
15263,new york filet mignon,fish,Fish
15264,new york pizza sauce,pizza,Bakery
15265,new york strip steak each,strip steak,Meat
15266,newcastle brown,brown sugar,Additive-Sugar
15267,newman italian dressing,italian dressing,Condiment
15268,newman italian salad dressing,italian dressing,Condiment
15269,newman mushroom marinara sauce,marinara sauce,Condiment
15270,newman own bombolina pasta sauce,sauce,Additive
15271,newman own chocolate wafer,chocolate,Plant Derivative
15272,newman own marinara sauce,marinara sauce,Condiment
15273,newman own olive oil vinaigrette dressing,olive oil,Plant Derivative
15274,newman own salad dressing,salad dressing,Dish
15275,newman own sockarooni pasta sauce bombolina,sauce,Additive
15276,newman own tomato basil pasta sauce,sauce,Additive
15277,ngo om,rice,Cereal
15278,nice bread,bread,Bakery
15279,nice multi grain bread,wheat tortilla,Bakery
15280,nice portion fish,fish,Fish
15281,nido cream milk powder,milk powder,Dairy
15282,nigela seed pepper,jalapeno,Spice
15283,nine pie dough,dough,Cereal
15284,nishiki rice wine vinegar,rice vinegar,Additive-Vinegar
15285,niter kibbeh butter,butter,Dairy
15286,nixtamal hominy may,hominy,Maize
15287,nixtamal hominy may be,hominy,Maize
15288,no apricot,apricot,Fruit
15289,no berry strawberry rhubarb cake,rhubard pie,Dish
15290,no boil egg lasagna,pasta,Cereal
15291,no boil lasagna noodle there will be extra,pasta,Cereal
15292,no guilt hot fudge sauce,sauce,Additive
15293,no head,cauliflower,Flower
15294,no knead flatbread master,bread,Bakery
15295,no name onion soup mix,onion soup,Dish
15296,no oil balsamic vinegar,balsamic vinegar,Additive-Vinegar
15297,no oil french dressing,salad dressing,Dish
15298,no onion,onion,Vegetable
15299,no peach,peach,Fruit
15300,no salt,tomato,Vegetable
15301,no salt becel margarine,tomato,Vegetable
15302,no salt black bean,bean,Legume
15303,no soak apricot,apricot,Fruit
15304,no spaghetti sauce,tomato sauce,Condiment
15305,no sugar,sugar,Additive
15306,no sugar chocolate syrup cocoa powder,cocoa,Seed
15307,no sugar needed fruit,sugar,Additive
15308,no sugar needed pectin,sugar,Additive
15309,no tomato italian herb,tomato,Herb
15310,no vegetable oil cooking spray,cooking spray,Additive
15311,no yolk egg noodle,egg,Meat
15312,noh chicken seasoning,spice mix,Spice
15313,noilly prat,vermouth,Beverage-Alcoholic
15314,non,iodized salt,Additive-Salt
15315,non alcoholic beer,beer,Beverage
15316,non alcoholic grenadine,beer,Beverage
15319,non dairy coffee creamer vegan,whipped cream,Dairy
15320,non dairy whipping cream,whipped cream,Dairy
15321,non lemon yogurt,lemon yogurt,Dairy
15322,non milk powder,milk powder,Dairy
15323,non pulp orange juice concentrate,orange juice,Fruit
15324,non strawberry yogurt,strawberry yogurt,Dairy
15325,non vanilla pudding mix,vanilla pudding,Dish
15326,noncreamy caesar salad dressing,salad dressing,Dish
15327,nondairy creamer non dairy,whipped cream,Dairy
15328,nonfat bean,bean,Legume
15329,nonfat cooking spray,cooking spray,Additive
15330,nonfat milk powder water,milk powder,Dairy
15331,nonfat mozzarella cheese,cheese,Dairy
15332,nonfat vanilla soymilk,soy milk,Plant Derivative
15333,nonpareil candy sprinkle,candy,Additive
15336,nonstick cooking spray olive oil,cooking spray,Additive
15337,nonstick spray coating,cooking spray,Additive
15338,noodle brown rice udon,brown rice,Cereal
15339,noodle buckwheat,noodle,Cereal
15340,noodle chicken stock,chicken,Meat
15341,noodle grain egg,egg,Meat
15342,noodle nest,noodle,Cereal
15343,noodle parsley,parsley,Spice
15344,noodle pastina,noodle,Cereal
15345,noodle rice,noodle,Cereal
15346,noodle rigatoni,noodle,Cereal
15347,noodle soup base,chicken,Meat
15348,noodle thai,pad thai,Cereal
15349,nopal leaf,nopal leaf,Plant
15350,nori fumi,nori,Seafood
15351,nori goma furikake,nori,Seafood
15352,nori goma sushi,nori,Seafood
15353,normaway porridge bread bakery,bread,Bakery
15354,northern pacific octopus,octopus,Seafood
15355,northern red chili,chili pepper,Vegetable
15356,norwegian fish stock,fish,Fish
15357,norwegian goat cheese,cheese,Dairy
15358,not chunky peanut butter,peanut butter,Additive
15359,not milk,milk,Dairy
15361,nouc mam cham,nuoc mam cham,Fish
15362,nu salt,salt,Additive
15363,nuoc cham,nuoc cham,Condiment
15364,nuoc cham sauce chili garlic,hot sauce,Condiment
15365,nuoc cham sauce dipping fish,nuoc cham,Condiment
15366,nut badam,nut,Nuts and Seeds
15367,nut brazil,brazil nut,Nuts and Seeds
15368,nut butter,butter,Dairy
15369,nut choice,nut,Nuts and Seeds
15370,nut coarsely,nut,Nuts and Seeds
15371,nut corn flake,corn,Maize
15372,nut eg pecan,pecan,Nuts and Seeds
15373,nut finely,nut,Nuts and Seeds
15374,nut haselnuts,nut,Nuts and Seeds
15375,nut not,nut,Nuts and Seeds
15376,nut oil seed,linseed oil,Essential Oil
15377,nut olive,olive,Plant
15378,nut pick like pecan,pecan,Nuts and Seeds
15379,nut sago,sago,Cereal
15380,nut seed,nut,Nuts and Seeds
15381,nut tree,nut,Nuts and Seeds
15382,nutella chocolate hazelnut,hazelnut,Additive
15383,nutella hazelnut chocolate spread,hazelnut,Additive
15384,nutella similar chocolate hazelnut spread,hazelnut,Additive
15385,nutmeg open,nutmeg,Spice
15386,nutmeg syrup,nutmeg,Spice
15387,nutri topping,topping,Additive
15390,ny chunk,pineapple,Beverage
15391,oak chip,oat,Bakery
15392,oat biscuit,oat,Cereal
15393,oat bran may,oat,Cereal
15394,oat bran pita,oat,Cereal
15395,oat cracker,oat,Cereal
15396,oat flour soy,soy flour,Plant Derivative
15397,oat groat,oat,Cereal
15398,oat milk,milk,Dairy
15399,oatmeal bread,oatmeal,Cereal
15400,oatmeal raisin crisp cereal,cereal,Cereal
15401,oatnut bread,bread,Bakery
15402,oatnut wheat bread grain,bread,Bakery
15404,ocean perch fillet,perch,Fish
15405,ocean spray cranberry juice,cranberry juice,Beverage
15406,ocean trout fillet,trout,Fish
15407,octopus meat,meat,Meat
15408,odouls dark beer non alcoholic,beer,Beverage
15409,oetker pudding powder,pudding,Dish
15410,oetker pudding powder vanilla,vanilla,Legume
15411,oil balsamic vinegar dressing,balsamic vinegar,Additive-Vinegar
15412,oil boswellia sacrum,oil,Additive
15413,oil bread,oil,Additive
15414,oil ca n't,oil,Additive
15415,oil call,oil,Additive
15416,oil call chicken,chicken,Meat
15417,oil choice,oil,Additive
15418,oil coconut biscotti,coconut oil,Fruit
15419,oil coconut olive,olive oil,Plant Derivative
15420,oil crepe,oil,Additive
15421,oil either rice bran,rice,Cereal
15422,oil extra virgin olive,olive oil,Plant Derivative
15423,oil flavourless,oil,Additive
15424,oil french dressing,oil,Additive
15425,oil garlic flavor,garlic oil,Essential Oil
15426,oil ghee,ghee,Dairy
15427,oil groundnut,oil,Additive
15428,oil ie coconut,coconut oil,Fruit
15429,oil macadamia nut,macadamia nut,Essential Oil
15430,oil may,oil,Additive
15431,oil much more heart,oil,Additive
15432,oil mustard,mustard oil,Plant
15433,oil olive corn,olive oil,Plant Derivative
15434,oil olive vegetable,olive oil,Plant Derivative
15435,oil onion,onion,Vegetable
15436,oil palm vegetable,vegetable oil,Plant Derivative
15437,oil pepper,pepper,Spice
15438,oil pork,pork,Meat
15439,oil pumpkin,pumpkin,Fruit
15440,oil rack,oil,Additive
15441,oil rice bran,rice,Cereal
15442,oil salad dressing,salad dressing,Dish
15443,oil sauce,oil,Additive
15444,oil sesame,sesame oil,Essential Oil
15445,oil sesame be,sesame oil,Essential Oil
15446,oil soybean,oil,Additive
15447,oil spray,oil,Additive
15448,oil sufficient,oil,Additive
15449,oil taco,oil,Additive
15450,oil that,oil,Additive
15451,oil this amount,oil,Additive
15452,oil tomato extra virgin olive,olive oil,Plant Derivative
15453,oil twice,oil,Additive
15454,oil veggie,oil,Additive
15455,oil vinegar dressing mayonnaise,mayonnaise,Condiment
15456,oka cheese gouda,cheese,Dairy
15457,oka cheese salut,cheese,Dairy
15458,okinawa egg noodle,egg,Meat
15459,okinawa wheat noodle,pasta,Cereal
15460,okonomiyaki flour,flour,Cereal
15461,okra freezer gumbo starter,okra,Vegetable
15462,okra pod diagonally,okra,Vegetable
15463,okra pod lengthwise,okra,Vegetable
15464,olive calamata,olive,Plant
15465,olive chilli marinade,olive,Dish
15466,olive corn oil,olive oil,Plant Derivative
15467,olive extra virgin,olive oil,Plant Derivative
15468,olive gaeta,olive,Plant
15469,olive greek juice,olive,Plant
15470,olive green pimento black,olive,Dish
15471,olive kalamata green,kalamata olive,Plant
15472,olive lengthwise,olive,Plant
15473,olive oil brushing,olive oil,Plant Derivative
15474,olive oil butter,olive oil,Plant Derivative
15475,olive oil canola,olive oil,Plant Derivative
15476,olive oil chicken,olive oil,Plant Derivative
15477,olive oil extra virgin,olive oil,Plant Derivative
15478,olive oil mayonnaise,olive oil,Plant Derivative
15479,olive oil mayonnaise greek yogurt,yogurt,Dairy
15480,olive oil pam,cooking oil,Additive
15481,olive oil pam cooking spray,cooking spray,Additive
15482,olive oil plus matzo,olive oil,Plant Derivative
15483,olive oil spray,cooking spray,Additive
15484,olive oil tuna,tuna,Fish
15485,olive oil vegetable,olive oil,Plant Derivative
15486,olive oil vegetable cooking spray,cooking spray,Additive
15487,olive oil vinegar dressing,olive oil,Plant Derivative
15488,olive pepperoncini pepper,pepperoncini,Vegetable
15489,olive salad oil,olive oil,Plant Derivative
15490,olive spanish salad,olive,Plant
15491,olive spread,olive,Plant
15492,olive spread green olivada,olive,Plant
15493,olive sunflower oil,cooking oil,Additive
15494,olive tapenade kalamata,olive,Condiment
15495,olve oil,oil,Additive
15496,omega egg,egg,Meat
15497,omega fish oil,oil,Additive
15498,omelet,omelet,Meat
15499,ondine lasagna,cannelloni,Cereal
15501,one cream cheese,cheese,Dairy
15502,one hamburger bun,hamburger,Bakery
15503,one jalapeno pepper,jalapeno,Spice
15504,one pancake mix,pancake,Dish
15505,one pastry shell,puff pastry,Bakery
15506,one picante sauce,sauce,Additive
15507,one red pepper hummus,hummus,Dish
15508,one rice roni beef flavor,beef,Meat
15509,one white onion,white onion,Vegetable
15510,onion almond paste,almond,Nuts and Seeds
15511,onion bell pepper,capsicum,Vegetable Fruit
15512,onion bread,onion,Vegetable
15513,onion brown,onion,Vegetable
15514,onion cheddar,onion,Vegetable
15515,onion chilli one,onion,Vegetable
15516,onion chip,onion,Vegetable
15517,onion cilantro salad,onion,Vegetable
15518,onion dip,onion,Vegetable
15519,onion flake meat,onion powder,Spice
15520,onion garlic powder,garlic,Herb
15521,onion garlic soup mix,onion soup,Dish
15522,onion gravy,onion,Vegetable
15523,onion herb seasoning,onion,Vegetable
15524,onion hot water,water,Additive
15525,onion jam,onion,Vegetable
15526,onion may be,onion,Vegetable
15527,onion melba toast,onion,Vegetable
15528,onion mushroom dressing,onion,Vegetable
15529,onion pepper,onion,Vegetable
15530,onion pepper red,red onion,Vegetable
15531,onion pepper relish,red onion,Spice
15532,onion red pepper,red onion,Vegetable
15533,onion red pepper olive oil,olive oil,Plant Derivative
15534,onion rye bread,bread,Bakery
15535,onion salt brisket,onion powder,Spice
15536,onion salt powder garlic,garlic,Herb
15537,onion shallot,onion,Vegetable
15538,onion soup base,onion,Vegetable
15539,onion soup mix dip,onion soup,Dish
15540,onion soup mix lipton beefy,onion soup,Dish
15541,onion soup mix me,onion soup,Dish
15542,onion soup mix mushroom,onion soup,Dish
15543,onion tomato basil pasta sauce,sauce,Additive
15544,onion vinaigrette,onion,Vegetable
15545,only cake,cake,Dish
15546,oo sardine fish,fish,Fish
15547,oolong tea leaf,black tea,Beverage
15548,oops pizza crust,pizza,Bakery
15549,open pit barbecue sauce,sauce,Additive
15550,opo squash,squash,Fruit
15551,optional cream,cream,Dairy
15552,optional custard,custard,Dish
15553,optional spice,spice mix,Spice
15554,orage juice,orange,Beverage
15555,orange beverage,orange,Fruit
15556,orange black candy sprinkle,candy,Additive
15557,orange blossom,orange blossom,Plant Derivative
15558,orange blossom edible flower,orange blossom,Flower
15559,orange blossom water extract,orange blossom,Essential Oil
15560,orange blossom water grocery,orange blossom,Essential Oil
15561,orange blossom water liqueur,orange blossom,Essential Oil
15562,orange blossom water peel,orange blossom,Essential Oil
15563,orange brandy,orange blossom,Beverage-Alcoholic
15564,orange citron peel instead,orange peel,Fruit
15565,orange citrus peel,orange peel,Fruit
15566,orange concentrate,orange juice,Fruit
15567,orange cooky marshmallow,orange,Fruit
15568,orange craisins,orange,Fruit
15569,orange cream soda,orange,Fruit
15570,orange decorator sugar,orange,Additive-Sugar
15571,orange duck pate,orange,Fruit
15572,orange extra,orange,Fruit
15573,orange extract liqueur,curacao liqueur,Beverage-Alcoholic
15574,orange flavoring,orange,Fruit
15575,orange flavoring blueberry,orange,Fruit
15576,orange food color powder,orange,Additive
15577,orange habanero chili pepper,chili,Spice
15578,orange jelly crystal,orange,Fruit
15579,orange jelly powder,orange,Fruit
15580,orange juice adjust,orange juice,Fruit
15581,orange juice be sufficient,orange juice,Fruit
15582,orange juice concentrate cream,orange juice,Fruit
15583,orange juice concentrate great,orange juice,Fruit
15584,orange juice concentrate liqueur,orange juice,Fruit
15585,orange juice grape,orange juice,Fruit
15586,orange juice lime vinegar,lime juice,Beverage
15587,orange juice mango,juice,Beverage
15588,orange juice next time,orange juice,Fruit
15589,orange juice not concentrate,orange juice,Fruit
15590,orange juice not neccessary,orange juice,Fruit
15591,orange juice red wine,wine,Beverage-Alcoholic
15592,orange juice without pulp,orange juice,Fruit
15593,orange kool aid,orange,Fruit
15594,orange lemon cake,cake,Dish
15595,orange lemon candy,lemon,Fruit
15596,orange liqueur brandy,curacao liqueur,Beverage-Alcoholic
15597,orange liqueur excellent,curacao liqueur,Beverage-Alcoholic
15598,orange liqueur marnier,curacao liqueur,Beverage-Alcoholic
15599,orange liqueur more,curacao liqueur,Beverage-Alcoholic
15600,orange mandarin,mandarin orange,Plant Derivative
15601,orange mango juice,juice,Beverage
15602,orange mini bell pepper,capsicum,Vegetable Fruit
15603,orange muscat white wine,wine,Beverage-Alcoholic
15604,orange opt,orange,Fruit
15606,orange peel each,orange peel,Fruit
15607,orange peel many,orange peel,Fruit
15608,orange pekoe tea black choice,black tea,Beverage
15609,orange pineapple gelatin,gelatin,Additive
15610,orange pineapple juice,juice,Beverage
15611,orange puree,orange,Fruit
15613,orange rum,orange,Fruit
15614,orange section coarsely,mandarin orange,Plant Derivative
15615,orange segment,orange,Fruit
15616,orange soda fanta,orange,Fruit
15617,orange sugar kool aid mix,orange,Dish
15618,orange syrup liqueur,curacao liqueur,Beverage-Alcoholic
15619,orange tang crystal,orange,Fruit
15620,orange water,orange flower water,Essential Oil
15621,orange wide strip juice,orange juice,Fruit
15622,orange yellow bell pepper,capsicum,Vegetable Fruit
15623,orange zest juice,orange,Fruit
15624,orangecello liqueur,liqueur,Beverage-Alcoholic
15625,orchid grenadine,liqueur,Plant Derivative
15626,ordinary white bread,bread,Bakery
15627,ore ida onion tater tot,onion,Vegetable
15628,orecchiette wheat,wheat,Cereal
15629,oregano tomato dressing,tomato,Condiment
15630,oreo chocolate cookie pie crust,crust,Bakery
15631,oreo double delight chocolate,chocolate,Plant Derivative
15632,organic apple juice,apple juice,Fruit
15634,organic beef broth,beef,Meat
15635,organic beef chuck roast,chuck steak,Meat
15636,organic better bouillon chicken base,bouillon cube,Meat
15637,organic black bean juice,black bean,Legume
15638,organic brown egg yolk,egg,Meat
15639,organic butternut squash,butternut squash,Fruit
15640,organic celery,celery,Herb
15641,organic chicken broth,chicken,Meat
15642,organic coconut flour,flour,Cereal
15643,organic coconut sugar,sugar,Additive
15644,organic double cream,cream,Dairy
15645,organic egg,egg,Meat
15646,organic egg white,egg,Meat
15648,organic guacamole,guacamole,Dish
15649,organic kidney bean,kidney bean,Legume
15650,organic mexican cheese,cheese,Dairy
15651,organic pork,pork,Meat
15652,organic potato,potato,Vegetable Tuber
15653,organic purpose flour,flour,Cereal
15654,organic range chicken broth,chicken,Meat
15655,organic range egg,egg,Meat
15656,organic rice milk,rice milk,Beverage
15657,organic spaghetti sauce choice,tomato sauce,Condiment
15658,organic spinach cheese ravioli,ravioli,Dairy
15659,organic sucanat,sugar,Additive
15660,organic tomato marinara sauce,sauce,Additive
15661,organic tomato sauce,sauce,Additive
15662,organic tomato soup red pepper,tomato,Vegetable
15664,organic vegetable broth,vegetable broth,Dish
15665,organic virgin coconut oil vegetable,oil,Additive
15666,organic white bread,bread,Bakery
15667,organic white flour,white flour,Cereal
15668,orgran multi gluten flour,gluten flour,Cereal
15670,oriental beef spice,beef,Meat
15671,oriental chili paste,chili oil,Plant Derivative
15672,oriental flavor,noodle,Cereal
15673,oriental flavor ramen noodle soup,noodle,Cereal
15674,oriental mein noodle,noodle,Cereal
15675,oriental salad dressing,salad dressing,Dish
15676,oriental sauce,sauce,Additive
15677,oriental sauce gourmet,sauce,Additive
15678,oriental tofu,tofu,Plant Derivative
15679,oriental yam,yam,Vegetable
15680,ortega cheese sauce,cheese,Dairy
15681,ortega green chili salsa,sauce,Additive
15682,ortega green chilie,sauce,Additive
15683,ortega green taco sauce,sauce,Additive
15684,ortega hot taco sauce,taco sauce,Condiment
15685,ortega hot taco seasoning,spice mix,Spice
15686,ortega taco shell,taco shell,Bakery
15687,ortega yellow taco shell,taco shell,Bakery
15688,orzo pasta fideo,orzo,Cereal
15689,orzo rotini,orzo,Cereal
15690,oscar mayer carving board pork,pork,Meat
15691,ostia wafer enough,vanilla wafer,Dish
15692,ostrich fillet,roast beef,Fish
15693,ostrich roast,roast beef,Meat
15694,outback steakhouse steak,roast beef,Meat
15695,outer potato crust,potato,Vegetable Tuber
15696,outside roast,roast beef,Meat
15697,ouzo anise liqueur,liqueur,Beverage-Alcoholic
15698,ouzo optional liqueur,liqueur,Beverage-Alcoholic
15699,oval dill,dill,Herb
15700,oval korean,korean radish,Vegetable
15701,oval loaf artisan bread,bread,Bakery
15702,oval pita pocket bread,bread,Bakery
15704,ovaltine milk powder,milk,Dairy
15705,oven almond,almond,Nuts and Seeds
15706,oven buttermilk biscuit,biscuit,Bakery
15707,oven cannelloni tube,pasta,Cereal
15708,oven potato chip,potato chip,Dish
15710,oven tomato oil,tomato oil,Vegetable
15711,overripe banana,banana,Fruit
15712,ovolini,cheese,Dairy
15713,own bean,bean,Legume
15714,ox tongue,beef,Meat
15715,oxo cube beef stock,beef stock,Meat
15716,oxtail beef back rib,short ribs,Meat
15717,oxtail flour,flour,Cereal
15718,oxtail soup,soup,Dish
15719,oyster blade meat,meat,Meat
15720,oyster mushroom button,mushroom,Fungi
15721,oyster sea,oyster,Seafood
15722,oyster shrimp,shrimp,Seafood
15723,oyster well,oyster,Seafood
15724,ozark seasoning,spice mix,Spice
15725,paad thai sauce below,fish sauce,Condiment
15726,pace enchilada sauce,enchilada,Condiment
15727,pace picante sauce chunky,salsa,Condiment
15728,pace sauce,sauce,Additive
15730,pacific nonfat milk powder,milk powder,Dairy
15731,pacific oyster,oyster,Seafood
15733,pack bean curd,curd,Legume
15734,pack pumpkin puree,pumpkin,Fruit
15735,pak chi,pak choy,Herb
15736,palak leaf,bay leaf,Plant
15737,pale liquid malt extract,malt,Beverage
15738,palm seed,palm,Nuts and Seeds
15739,pam cooking,cooking apple,Fruit
15740,pam olive oil nonstick cooking spray,cooking spray,Additive
15741,pama pomegranate liqueur,pomegranate,Fruit
15742,pamela baking mix,baking mix,Dish
15743,pan dripping lamb,lamb,Meat
15744,pan dripping roast olive oil,olive oil,Plant Derivative
15745,pan juice meat,meat,Meat
15746,pancake mix buckwheat,pancake,Dish
15747,pancake noodle,pancake,Dish
15748,pancake syrup chick,pancake,Additive
15749,pancake syrup yes,pancake,Additive
15750,pancetta salt pork,salt pork,Meat
15751,panch phoron bengali five spice,spice mix,Spice
15752,panch phoron black mustard,mustard seed,Vegetable
15753,panch phoron spice,spice mix,Spice
15754,pancit bihon noodle,pasta,Cereal
15755,pancit noodle wheat,pasta,Cereal
15756,pandan leaf extract,pandanus,Herb
15757,pandan paste,pandanus,Condiment
15758,pandan paste water,pandanus,Condiment
15759,pandan spice essence,spice mix,Spice
15760,pandora fish,fish,Fish
15761,pandora fish kilo,fish,Fish
15762,paneer cube,paneer,Dairy
15763,paneer indian cheese curd,curd,Dairy
15764,panera cinnamon raisin bread,bread,Bakery
15765,panettone bread,bread,Bakery
15766,panko italian breadcrumb,bread crumbs,Bakery
15767,panquehue cheese,cheese,Dairy
15768,pantai norasingh thai tea mix,tea,Beverage
15769,papa john garlic butter sauce,sauce,Additive
15770,papaya lengthwise,papaya,Fruit
15771,papaya seed,papaya,Nuts and Seeds
15772,paper cupcake,cake,Dish
15773,paper cupcake liner,cake,Dish
15775,paper onion,onion,Vegetable
15776,paper tea rose,tea,Plant
15777,paper truffle,truffle,Fungi
15778,papri chip,cayenne pepper,Bakery
15779,paprika chili powder,cayenne pepper,Spice
15780,paprika cumin cayenne pepper,cayenne pepper,Vegetable
15781,paprika hungarian,paprika,Vegetable
15782,paprika mix pepper cream univer rote gold,paprika,Spice
15783,paprika more,paprika,Vegetable
15784,paprika most vibrant,paprika,Vegetable
15785,paprika vera hungarian cayenne pepper,cayenne pepper,Vegetable
15786,par bake bread,bread,Bakery
15788,parcel spice,spice mix,Spice
15790,pareve beef stock powder,beef stock,Meat
15791,parfait amour liqueur,liqueur,Beverage-Alcoholic
15792,paris ham,ham,Meat
15793,paris mushroom,mushroom,Fungi
15794,parisenne spice essence,spice mix,Spice
15795,parmesan asiago cheese,cheese,Dairy
15796,parmesan breadcrumb,bread crumb,Bakery
15797,parmesan cheese bread crumb,bread crumb,Bakery
15798,parmesan cheese crouton,cheese,Dairy
15799,parmesan couscous,couscous,Dish
15800,parmesan cracker,cracker,Bakery
15801,parmesan mozzarella pasta sauce,sauce,Additive
15802,parmesan pecorino romano cheese,cheese,Dairy
15803,parmigiano cheese,cheese,Dairy
15804,parrot bay coconut rum,rum,Beverage-Alcoholic
15805,parsley dumpling,parsley,Spice
15806,parsley dumpling optional,parsley,Spice
15807,parsley juice,parsley,Spice
15808,parsley paste,parsley,Spice
15809,parsnip lengthwise,parsnip,Vegetable
15810,part berry syrup,berry,Berry
15811,part milk ricotta cheese,cheese,Dairy
15812,part ouzo,liqueur,Beverage-Alcoholic
15813,part simple syrup,simple syrup,Additive
15814,partridge breast,meat,Meat
15815,pasilla chile ancho,chili,Spice
15816,pasilla chili powder,pasilla,Vegetable
15817,pasilla chilies,pasilla,Vegetable
15818,pasilla pepper red chilies,chili pepper,Vegetable
15819,pasilla pepper total,pasilla,Vegetable
15820,passata tomato juice,tomato juice,Vegetable
15821,passata tomato pasta sauce,sauce,Additive
15822,passion fruit juice concentrate,passion fruit,Fruit
15823,passion fruit liqueur,passoa,Beverage-Alcoholic
15824,passion fruit salad dressing,passion fruit,Fruit
15825,passionfruit,passion fruit,Fruit
15826,passionfruit yogurt,yogurt,Dairy
15827,passover rum extract,rum,Beverage-Alcoholic
15828,pasta bake sauce,sauce,Additive
15829,pasta dumpling,pasta,Cereal
15830,pasta egg wrap,pasta,Cereal
15831,pasta roni,pasta,Cereal
15832,pasta salad,pasta,Cereal
15833,pasta salad dressing mix,spice mix,Spice
15834,pasta sauce basil,sauce,Additive
15835,pasta sauce bertolli tomato basil,sauce,Additive
15836,pasta sauce burgandy wine,sauce,Additive
15837,pasta sauce chile tomato,sauce,Additive
15838,pasta sauce enchilada,sauce,Additive
15839,pasta sauce excellent,sauce,Additive
15840,pasta sauce extra mushroom,sauce,Additive
15841,pasta sauce garden tomato,sauce,Additive
15842,pasta sauce great,sauce,Additive
15843,pasta sauce herb,sauce,Additive
15844,pasta sauce home,sauce,Additive
15845,pasta sauce italian,sauce,Additive
15846,pasta sauce italian sausage,italian sausage,Meat
15847,pasta sauce make,sauce,Additive
15848,pasta sauce meat gravy,sauce,Additive
15849,pasta sauce red pepper,sauce,Additive
15850,pasta shell macaroni,pasta,Cereal
15851,pasta wide egg noodle,noodle,Meat
15853,pastechi pastry dough,pastry,Bakery
15854,pastina pasta,pasta,Cereal
15855,pastini,pasta,Cereal
15856,pastrami goose breast,goose,Meat
15857,pastrami meat,meat,Meat
15858,pastry crumb crust,crust,Bakery
15859,pastry double crust pie yeast dough,crust,Bakery
15860,pastry dough pie,crust,Bakery
15861,pastry dough pie crust,crust,Bakery
15862,pastry dough ziploc,pastry,Bakery
15863,pastry flan,pastry,Dish
15864,pastry pie,pastry,Bakery
15865,pastry shell cracker crust will work,graham cracker crust,Bakery
15866,pastry shell graham cracker crust too,graham cracker crust,Bakery
15867,pastry tart phyllo,pastry,Bakery
15868,patak cooking sauce,sauce,Additive
15869,pate pork,pork,Meat
15870,patron citronge liqueur,liqueur,Beverage-Alcoholic
15871,patron silver tequila,tequila,Beverage-Alcoholic
15872,patron tequila,tequila,Beverage-Alcoholic
15873,patty shell vol au vent case,pastry,Seafood
15874,pattypan squash yellow,crookneck squash,Fruit
15875,paua,abalone,Bakery
15876,paul newman sesame ginger salad dressing,spice mix,Spice
15877,paul newman spaghetti sauce,tomato sauce,Condiment
15878,paul newman vinegar,vinegar,Plant Derivative
15879,pea amount,pea,Legume
15880,pea are,pea,Legume
15881,pea bean,bean,Legume
15882,pea carrot cauliflower,carrot,Vegetable
15883,pea carrot corn,carrot,Vegetable
15884,pea carrot potato,carrot,Vegetable
15885,pea corn carrot mix,carrot,Vegetable
15886,pea deluxe,pea,Legume
15887,pea do not,pea,Legume
15888,pea green bean,green bean,Cereal
15889,pea mung bean,mung bean,Legume
15890,pea not traditional,pea,Legume
15891,pea pod pkg,pea,Legume
15892,pea tendril,pea,Legume
15893,pea vine shoot,pea,Plant
15894,pea water hour overnight,pea,Dish
15895,pea yellow,pea,Legume
15896,pea yellow green,pea,Legume
15897,peach apricot berry,apricot,Fruit
15898,peach apricot jam,jam,Fruit
15899,peach are ok,peach,Fruit
15900,peach be,peach,Fruit
15901,peach butter,butter,Dairy
15902,peach choice,peach,Fruit
15903,peach daiquiri mix,peach,Fruit
15904,peach each,peach,Fruit
15905,peach gelatin,peach,Additive
15906,peach greek yogurt,greek yogurt,Dairy
15907,peach ice cream,ice cream,Dish
15908,peach jam apricot,jam,Fruit
15909,peach jam juice,jam,Fruit
15910,peach jam relish,peach,Fruit
15911,peach juice apple,apple juice,Fruit
15912,peach juice chunky,peach,Fruit
15913,peach keen babe,peach,Fruit
15914,peach mango,peach,Condiment
15915,peach mango chutney,peach,Condiment
15916,peach nectar apricot,peach,Fruit
15917,peach nectar mango,peach,Plant Derivative
15918,peach no,peach,Fruit
15919,peach not available,peach,Fruit
15920,peach pie,peach,Fruit
15921,peach preserve jam,jam,Fruit
15922,peach roughly,peach,Fruit
15923,peach vodka,vodka,Beverage-Alcoholic
15924,peanut bar,peanut,Nuts and Seeds
15925,peanut butter candy,peanut,Additive
15926,peanut butter chip butterscotch,peanut butter,Additive
15927,peanut butter cookie,peanut butter,Additive
15928,peanut butter corn cereal,peanut butter,Additive
15929,peanut butter granola bar,peanut butter,Additive
15930,peanut butter ice cream,ice cream,Dish
15931,peanut butter sauce,sauce,Additive
15932,peanut canola oil,peanut,Plant Derivative
15933,peanut chocolate candy,chocolate,Plant Derivative
15934,peanut coarsely,peanut,Nuts and Seeds
15935,peanut corn oil,peanut,Plant Derivative
15936,peanut oil canola,peanut,Plant Derivative
15937,peanut oil consider,peanut oil,Plant
15938,peanut oil cooking,peanut oil,Plant
15939,peanut oil enough,peanut oil,Plant
15940,peanut oil grapeseed,peanut oil,Plant
15941,peanut oil might more,peanut oil,Plant
15942,peanut oil not sesame,sesame oil,Essential Oil
15943,peanut oil nut,peanut oil,Plant
15944,peanut oil roasting almond,peanut oil,Plant
15945,peanut sauce mix peamut,peanut sauce,Nuts and Seeds
15946,peanut stir fry sauce,sauce,Additive
15947,peanut vegetable oil,vegetable oil,Plant Derivative
15948,pear half natural juice,pear,Beverage
15949,pear half syrup,pear,Fruit
15950,pear juice concentrate,pear,Beverage
15951,pear juice fruit,pear,Beverage
15952,pear liqueur nectar,pear,Fruit
15953,pear preserve,pear,Fruit
15954,pear puree,pear,Fruit
15955,pearl onion white,white onion,Vegetable
15956,pearl sago,pear,Cereal
15957,pearl wheat,pear,Cereal
15958,pearlini mozzarella ball,mozzarella,Dairy
15959,pecan coconut frosting,coconut,Additive
15961,pecorino cheese milk,cheese,Dairy
15962,pecorino cheese parmesan,cheese,Dairy
15963,pecorino cheese plus more,cheese,Dairy
15964,pecorino dolce cheese,cheese,Dairy
15965,pecorino pepato cheese,cheese,Dairy
15966,pecorino toscano cheese,cheese,Dairy
15967,peel amount,lemon,Fruit
15968,peel either orange,orange peel,Fruit
15969,peel fruit,fruit peel,Fruit
15970,peel lime,lime,Fruit
15971,peel mandarin orange,orange,Fruit
15972,peezy pizza dough,pizza,Bakery
15973,peking duck leg,peking duck,Meat
15974,peking pancake,pancake,Dish
15975,penne rigate choice,pasta,Cereal
15976,penne rigate noodle,pasta,Cereal
15977,penzey beef roast seasoning,roast beef,Meat
15978,penzey greek seasoning,spice mix,Spice
15979,penzey seasoning,spice mix,Spice
15980,penzeys cajun seasoning,cajun seasoning,Plant Derivative
15981,penzeys tuscan,spice mix,Spice
15982,pepato,cheese,Dairy
15983,peperkoek bread,bread,Bakery
15985,peppadew pepper juice,peppadew,Vegetable
15986,peppar vodka,vodka,Beverage-Alcoholic
15987,pepper beef sausage,sausage,Dish
15988,pepper bonnet,scotch bonnet,Spice
15989,pepper brie cheese,cheese,Dairy
15990,pepper cherry,pimiento,Condiment
15991,pepper fajita vegetable,pepper,Spice
15992,pepper flake jalapeno,spice mix,Spice
15993,pepper flake own,red pepper flake,Vegetable
15994,pepper flake spicy,red pepper flake,Vegetable
15995,pepper from,pepper,Spice
15996,pepper garlic seasoning,spice mix,Spice
15997,pepper green red cayenne,chili pepper,Vegetable
15998,pepper juice,pepper,Spice
15999,pepper leaf,pepper,Spice
16000,pepper oil below,pepper,Spice
16001,pepper oil sambal oelek,chili paste,Spice
16002,pepper onion mix,spice mix,Spice
16003,pepper onion salt,spice mix,Spice
16004,pepper onion yellow,yellow onion,Vegetable
16005,pepper paste chili,chili,Spice
16006,pepper red jalapeno,pepper,Spice
16007,pepper reserve oil,pepper,Spice
16008,pepper ring banana,banana pepper,Vegetable
16009,pepper sauce garlic red chile paste,sauce,Additive
16010,pepper sauce green tabasco,sauce,Additive
16011,pepper sauce jamaican,pepper sauce,Condiment
16012,pepper sauce red,sauce,Additive
16013,pepper sauce redhot,pepper sauce,Condiment
16014,pepper sauce tabasco,tabasco sauce,Condiment
16015,pepper sauce this amount give nice kick frank,pepper sauce,Condiment
16016,pepper seasoning,lemon pepper,Spice
16017,pepper serrano,serrano pepper,Vegetable
16018,pepper stir fry green yellow white onion,pepper,Spice
16019,pepper strip,pepper,Spice
16020,pepper vein,pepper,Spice
16021,pepper vinegar,vinegar,Plant Derivative
16022,peppercorn gravy,pepper,Spice
16023,peppercorn pink,pepper,Spice
16024,peppercorn red black,pepper,Spice
16025,peppercorn sauce,sauce,Additive
16026,peppercorn steak sauce,steak sauce,Condiment
16027,pepperide brown sugar cinnamon swirl bread,brown sugar,Additive-Sugar
16028,pepperidge,biscuit,Dish
16029,pepperidge crust pie,crust,Bakery
16030,pepperidge farm herb dressing,bread,Bakery
16031,pepperidge farm party,bread,Bakery
16032,pepperidge farm texas toast bread,bread,Bakery
16033,pepperidge multi grain,wheat tortilla,Bakery
16034,pepperidge rye,rye flour,Cereal
16035,pepperidge white bread,bread,Bakery
16036,pepperige bread crumb,bread crumb,Bakery
16037,pepperjack,monterey jack,Dairy
16038,peppermint crisp candy bar,chocolate,Plant Derivative
16039,peppermint crisp chocolate candy bar,chocolate,Plant Derivative
16040,peppermint essential oil,peppermint,Essential Oil
16041,peppermint extract dinner mint,peppermint,Essential Oil
16042,peppermint extract mint,peppermint,Essential Oil
16043,peppermint extract not mint,peppermint,Essential Oil
16044,peppermint extract optional,peppermint,Essential Oil
16045,peppermint flavoring,peppermint,Herb
16046,peppermint nougat candy bar,chocolate,Plant Derivative
16047,peppermint pattie,chocolate,Plant Derivative
16048,peppermint syrup ice cream topping,ice cream,Additive
16049,pepperoncini brine,pepperoncini,Additive
16050,pepperoncini juice,pepperoncini,Vegetable
16051,pepperoncini juice pepper,pepperoncini,Vegetable
16052,pepperoncini liquid,pepperoncini,Vegetable
16053,pepperoncini pepper cherry,pepperoncini,Vegetable
16054,pepperoncini pepper greek,pepperoncini,Vegetable
16055,pepperoncini pepper green,chili pepper,Vegetable
16056,pepperoncini pepper italian vinegar,pepperoncini,Vegetable
16057,pepperoncini pepper juice from,pepperoncini,Vegetable
16058,pepperoncini pepper optional,pepperoncini,Vegetable
16059,pepperoncini pepper peppadew,pepperoncini,Vegetable
16060,pepperoncini pepper red,capsicum,Vegetable Fruit
16061,pepperoncini pepper tuscan,pepperoncini,Vegetable
16062,pepperoncini pepper water,pepperoncini,Vegetable
16063,pepperoni choice,pepperoni,Meat
16064,pepperoni choice canadian bacon sausage black olive,olive,Plant
16065,pepperoni genoa salami,pepperoni,Meat
16066,pepperoni green pepper,chili pepper,Vegetable
16067,pepperoni half,pepperoni,Meat
16068,pepperoni hard,pepperoni,Meat
16069,pepperoni large,pepperoni,Meat
16070,pepperoni omit,pepperoni,Meat
16071,pepperridge farm,cookies,Dish
16072,peppery spice,spice mix,Spice
16073,peppridge farm,cookies,Dish
16074,pequin chile pepper,chili pepper,Vegetable
16075,per person meat,meat,Meat
16076,percent cream,cream,Dairy
16077,perch fillet may sub tilapia,tilapia,Fish
16078,perciatelli hollow pasta,pasta,Cereal
16079,perciatelli pasta,pasta,Cereal
16080,perfect parmesan pizza dough,pizza,Bakery
16081,perfect pork rub,pork,Meat
16082,perle hop,spice,Beverage-Alcoholic
16083,perogies various traditional filling,dumpling,Dish
16084,perrier jouet champagne,champagne,Beverage-Alcoholic
16085,perruso spaghetti,pasta,Cereal
16086,persian cucumber lengthwise,cucumber,Gourd
16087,persian lime,lime,Fruit
16088,persian noodle flat egg,egg,Meat
16089,peruvian chicken,chicken,Meat
16090,peruvian pisco liquor,liquor,Beverage-Alcoholic
16091,peruvian rice,rice,Cereal
16092,peruvian yellow chili paste,chili oil,Plant Derivative
16093,peruvian yellow chili pepper this most common,chili pepper,Vegetable
16094,pesticide rose petal,rose,Flower
16095,pesto alfredo cream sauce,sauce,Additive
16096,pesto breadcrumb,bread crumb,Bakery
16097,pesto tortellini,pasta,Cereal
16099,peteh bean,bean,Legume
16100,peter luger sauce,sauce,Additive
16101,petit brand pear nectar,pear,Fruit
16102,petite,pea,Legume
16103,petite tomato garlic,tomato garlic sauce,Herb
16104,philadelphia chive onion,cheese,Dish
16105,philadelphia cooking cream italian cheese,cheese,Dairy
16106,philadelphia cooking savory garlic creme,garlic,Herb
16107,philadelphia cream cheese herb,cheese,Dairy
16108,philadelphia herb,cheese,Herb
16109,philadelphia italian cheese,cheese,Dairy
16110,philadelphia santa fe,cheese,Meat
16111,philadelphia savory garlic cooking creme,garlic,Herb
16112,philadelphia spicy jalapeno,cheese,Vegetable
16113,phoron,spice mix,Spice
16114,phyllo tart,pastry,Bakery
16115,physalis fruit,fruit,Fruit
16116,piccalilli relish,relish,Condiment
16117,pick selection vegetable zucchini black olive,olive,Plant
16118,pickapeppa red pepper sauce,sauce,Additive
16119,pickapeppa red sauce,sauce,Additive
16120,pickapeppa sauce pepper,pepper sauce,Condiment
16121,pickle beet juice,beet,Beverage
16122,pickle masala,spice mix,Spice
16123,pickle powder,spice mix,Spice
16124,pickling brine,spice mix,Spice
16125,pickling brine cherry pepper,pimiento,Condiment
16126,pickling lime,lime,Fruit
16127,pickling liquid,vinegar,Plant Derivative
16128,pickling own mix green black peppercorn,pepper,Spice
16129,picnic pork roast belly,pork,Meat
16130,picnic pork shoulder,pork,Meat
16131,pico de gallo sauce,pico de gallo,Condiment
16132,pico pepper sauce,pepper sauce,Condiment
16133,pie crust either,crust,Bakery
16134,pie crust empanadas,crust,Bakery
16135,pie crust great,crust,Bakery
16136,pie crust mix betty crocker,crust,Bakery
16137,pie crust pastry dough,crust,Bakery
16138,pie crust pillsbury crescent,crust,Bakery
16139,pie crust single,pie crust,Bakery
16140,pie dough muffin,dough,Cereal
16141,pie filling cherry,cherry pie,Dish
16142,pie filling choice,cherry pie,Dish
16143,pie filling optional sauce,cherry pie,Dish
16144,pie filling poppyseed,cherry pie,Dish
16145,pie pastry dough,pastry,Bakery
16146,pie pastry enough,pastry,Bakery
16147,pie pastry pan,pastry,Bakery
16148,pie pastry shell,crust,Bakery
16149,pie shell graham,crust,Bakery
16150,pie shell graham cracker,graham cracker crust,Bakery
16151,pie shell not graham cracker crumb,graham cracker crust,Bakery
16153,pig liver,liver,Meat
16154,pigeon,pea,Condiment
16155,pigeon pea bean will do,pea,Condiment
16156,pike fillet,fish,Fish
16157,pike fillet each,fish,Fish
16158,pikkuleipienperustaikina,biscuit,Dish
16159,pilaf,rice,Cereal
16160,pilchard tomato sauce,tomato sauce,Condiment
16161,pillsbury butter crescent dinner,biscuit,Bakery
16162,pillsbury cinnamon,cinnamon,Additive
16163,pillsbury coconut almond mix,coconut bread,Dish
16164,pillsbury corn buttermilk biscuit,biscuit,Bakery
16165,pillsbury cranberry bread mix,croissant,Dish
16166,pillsbury creamy coconut,coconut,Beverage
16167,pillsbury crescent,croissant,Dish
16168,pillsbury crescent dough,croissant,Dish
16169,pillsbury dinner,bread,Bakery
16170,pillsbury flakey biscuit,biscuit,Bakery
16171,pillsbury french bread dough,bread,Bakery
16172,pillsbury fudge brownie mix,bread,Bakery
16173,pillsbury garlic breadstick,garlic,Herb
16174,pillsbury golden,raisin,Fruit
16175,pillsbury golden layer butter,butter,Dairy
16176,pillsbury golden layer buttermilk,buttermilk,Dairy
16177,pillsbury grand,buttermilk biscuits,Beverage-Alcoholic
16178,pillsbury grand biscuit,biscuit,Bakery
16179,pillsbury grand buttermilk,buttermilk,Dairy
16180,pillsbury grand flakey biscuit,biscuit,Bakery
16181,pillsbury moist french vanilla cake mix,biscuit,Dish
16182,pillsbury parmesan breadstick,cheese,Dairy
16183,pillsbury pastry crust,crust,Bakery
16184,pillsbury plus german chocolate cake mix,cake,Dish
16185,pillsbury sugar,sugar,Additive
16186,pillsbury sugar cookie dough,sugar,Additive
16187,pillsbury swiss chocolate cake mix,cake,Dish
16188,pillsbury white,bread,Bakery
16189,pillsbury yellow cake mix,cake,Dish
16190,piloncillo brown sugar molasses,sugar,Additive
16191,piloncillo sugar,sugar,Additive
16192,pilsbury pie crust make my own,crust,Bakery
16193,pilsner beer corona,beer,Beverage
16194,pimento cheese,cheese,Dairy
16195,pimento seed,pimiento,Condiment
16196,pimenton de paprika,paprika,Dish
16197,pimenton de spanish paprika,paprika,Dish
16198,pimenton paprika,paprika,Vegetable
16199,pimiento olive,olive,Dish
16200,pimiento olive green,olive,Dish
16201,pimiento powder,pimiento,Condiment
16202,pimm gin,gin,Beverage-Alcoholic
16203,pimm there plymouth fruit,lemonade,Fruit
16204,pina colada concentrate,pina colada,Dish
16205,pina colada drink mix,pina colada,Dish
16206,pine needle,pine nut,Nuts and Seeds
16207,pine nut oil,pine nut,Nuts and Seeds
16208,pine nut pignoli,pine nut,Nuts and Seeds
16209,pine seed,cumin,Spice
16210,pineapple apricot preserve,pineapple,Fruit
16211,pineapple cake mix,cake,Dish
16212,pineapple cream cheese spread,cheese,Dairy
16213,pineapple flavoring,pineapple,Beverage
16214,pineapple ice cream,ice cream,Dish
16215,pineapple jam,pineapple,Beverage
16216,pineapple jelly,pineapple,Beverage
16217,pineapple juice chunk,pineapple,Beverage
16218,pineapple juice coconut,pineapple,Beverage
16219,pineapple juice may,pineapple,Beverage
16220,pineapple juice natural,pineapple,Beverage
16221,pineapple juice ofthe,pineapple,Beverage
16222,pineapple juice ok,pineapple,Beverage
16223,pineapple juice peach,pineapple,Beverage
16224,pineapple juice ring,pineapple,Beverage
16225,pineapple orange juice concentrate,orange juice,Fruit
16226,pineapple passion sorbet,pineapple,Beverage
16227,pineapple peach salsa,pineapple,Condiment
16228,pineapple salsa,pineapple,Condiment
16229,pineapple sorbet,pineapple,Beverage
16230,pineapple vodka,vodka,Beverage-Alcoholic
16231,pineau de charentes,wine,Beverage-Alcoholic
16235,pink grapefruit schnapps,grapefruit,Beverage
16236,pink hawaiian salt,salt,Additive
16237,pink icing,icing,Additive
16238,pink sugar crystal,sugar,Additive
16239,pink turkish delight,grapefruit,Beverage
16240,pinole maize flour,flour,Maize
16241,pinto bean overnight,bean,Legume
16242,pinto bean seasoning,pinto bean,Legume
16243,pinto kidney bean,bean,Legume
16244,pinto like bean,pinto bean,Legume
16245,pipette pasta,pasta,Cereal
16246,piquillo pepper red lengthwise,chili pepper,Vegetable
16247,piquin chilies chili,chili,Spice
16248,piri chile pepper,chili,Spice
16249,pista powder,pistachio,Nuts and Seeds
16250,pistachio almond,pistachio,Nuts and Seeds
16251,pistachio flavor pudding pie filling,pistachio,Dish
16252,pistachio oil,pistachio,Plant Derivative
16253,pistachio paste,pistachio,Nuts and Seeds
16254,pita bread amount,bread,Bakery
16255,pita bread arabic,bread,Bakery
16256,pita bread brown crisp,bread,Bakery
16257,pita bread cracker,bread,Bakery
16258,pita bread dough,bread,Bakery
16259,pita bread mini,bread,Bakery
16260,pita bread naan,bread,Bakery
16261,pita bread pizza dough,bread,Bakery
16262,pita bread pocket,bread,Bakery
16263,pita bread rye,bread,Bakery
16264,pita bread using master,bread,Bakery
16265,pita bread white,bread,Bakery
16266,pita breadcrumb,bread crumb,Bakery
16267,pizza bread dough,pizza,Bakery
16268,pizza cheese italian,cheese,Dairy
16269,pizza cheese mozzarella,mozzarella,Dairy
16270,pizza crust marinade mix,pizza,Bakery
16271,pizza crust marjorum,pizza,Bakery
16272,pizza dough check ingredient,pizza,Bakery
16273,pizza dough great,pizza,Bakery
16274,pizza dough ii,pizza,Bakery
16275,pizza dough italian,pizza,Bakery
16276,pizza dough italian bakery,pizza,Bakery
16277,pizza dough mix,pizza,Bakery
16278,pizza dough pastry,pizza,Bakery
16279,pizza dough sauce,sauce,Additive
16280,pizza dough wheat,pizza,Bakery
16281,pizza dough wheat crescent,pizza,Bakery
16282,pizza dough yeast,pizza,Bakery
16283,pizza sauce carb,sauce,Additive
16284,pizza sauce leggos,sauce,Additive
16285,pizza sauce primo,sauce,Additive
16286,pizza sauce tomato,tomato sauce,Condiment
16287,pizza sauce tomato basil pepper,sauce,Additive
16288,pizza sauce wegmans grandpa pasta,sauce,Additive
16289,pizza seasoning italian,italian seasoning,Herb
16290,pizza seasoning italian dressing,italian seasoning,Herb
16291,pizza seasoning italian seasoning,italian seasoning,Herb
16292,pizza spaghetti sauce,tomato sauce,Condiment
16293,pkg buttermilk salad dressing mix,spice mix,Spice
16294,pkg goat cheese,cheese,Dairy
16295,pkg pie crust,crust,Bakery
16296,pkg potato vermicelli,pasta,Cereal
16297,pkg vanilla pudding mix,vanilla pudding,Dish
16298,pkge german chocolate cake mix,cake,Dish
16299,pkt banana muffin mix,corn muffin mix,Maize
16300,plain almond milk,almond,Nuts and Seeds
16301,plain biscuit cracker crumb,biscuit,Bakery
16302,plain chocolate biscuit,chocolate,Plant Derivative
16303,plain cornmeal,flour,Maize
16304,plain crouton,bread,Bakery
16305,plain flour salt pepper,flour,Cereal
16306,plain flour tortilla,flour,Bakery
16307,plain matzo,flour,Cereal
16308,plain tomato juice,tomato,Beverage
16309,plain tortilla chip,tortilla,Dish
16310,plain wafer,flour,Cereal
16311,plant pot,barley,Cereal
16312,planter almond,almond,Nuts and Seeds
16313,planter fancy cashew,cashew,Nuts and Seeds
16314,planter peanut,peanut,Nuts and Seeds
16315,planter peanut oil,peanut oil,Plant
16316,planter pecan,spice mix,Spice
16317,plenty ice,ice,Additive
16318,plum butter,butter,Dairy
16319,plum filling,plum,Fruit
16320,plum liquid,plum,Fruit
16321,plum tomato crosswise,tomato,Vegetable
16322,plum tomato lengthwise,tomato,Vegetable
16323,plum tomato puree,tomato,Vegetable
16324,plum wine vinegar,plum,Beverage-Alcoholic
16325,plump jalapeno,jalapeno,Spice
16326,plump moist cherry,cherry,Additive
16327,plump oyster,oyster,Seafood
16328,plus tbsp italian dressing,italian seasoning,Condiment
16329,pne nut,nut,Nuts and Seeds
16331,poblano pepper chili milder,chili,Spice
16332,poblano pepper each,pepper,Spice
16333,poblano pepper green be,pepper,Spice
16334,poblano pepper green bell,capsicum,Vegetable Fruit
16335,poblano pepper jalapeno,pepper,Spice
16336,poblano pepper lengthwise,pepper,Spice
16337,poblano pepper quot,pepper,Spice
16338,poblano pepper they are much easier,pepper,Spice
16339,poblano pepper wide,pepper,Spice
16340,pocket bread,bread,Bakery
16341,pod,cardamom,Spice
16342,pod snow pea,pea,Legume
16343,pod tamarind,tamarind,Fruit
16344,poi,breadfruit,Dish
16345,point brisket,beef,Meat
16346,polaner raspberry,raspberry,Fruit
16347,polenta flour,flour,Cereal
16348,polenta yellow cornmeal,cornmeal,Maize
16349,polish ham,ham,Meat
16350,polish sausage diagonally,kielbasa,Meat
16351,polished rice,rice,Cereal
16352,pollock chunk,pineapple,Beverage
16353,pollock fillet,fish,Fish
16354,polly o natural part ricotta cheese,cheese,Dairy
16355,polly o ricotta cheese,cheese,Dairy
16356,polpette alla napoletana,meatball,Dish
16357,pomegranate jelly,pomegranate,Fruit
16358,pomegranate red wine vinegar,vinegar,Plant Derivative
16359,pomegranite juice,pomegranate juice,Beverage
16360,pomeroon cassareep seasoning,spice mix,Spice
16361,pomfret fish fillet,fish,Fish
16362,pomi marinara sauce,marinara sauce,Condiment
16363,pomona pectin,liquid pectin,Additive
16364,pompano fillet,fish,Fish
16365,poolish,bread,Bakery
16366,pop rock,salt,Additive
16367,pop tart toaster pastry,pastry,Dish
16368,popcorn chicken,chicken,Meat
16369,popcorn kernel,popcorn,Maize
16370,popcorn seasoning,popcorn,Spice
16371,popeye bread,bread,Bakery
16372,popiah wrapper,bread,Dish
16373,popped popcorn kettle corn,popcorn,Dish
16374,poppy,poppy seed,Spice
16375,poppy seed bun,poppy seed,Spice
16376,popy seed,cumin,Spice
16377,porcini mushroom egg noodle,porcini,Fungi
16378,porcini mushroom juice,porcini,Fungi
16379,pork baby back rib meat counter,pork,Meat
16380,pork back rack,pork,Meat
16381,pork back rib butcher do meat sa,pork,Meat
16382,pork barbecue sauce,barbecue sauce,Condiment
16383,pork beef hot dog,hot dog,Dish
16384,pork belly butt,pork,Meat
16385,pork belly must meat mi,pork,Meat
16386,pork belly shoulder,pork,Meat
16387,pork belly skin,pork,Meat
16388,pork belly sparerib,spare ribs,Meat
16389,pork belly steak,pork,Meat
16390,pork belly strip,pork,Meat
16391,pork belly weight,pork,Meat
16392,pork boston butt,pork,Meat
16393,pork butt chop,pork,Meat
16394,pork butt loin,pork,Meat
16395,pork butt meat,pork,Meat
16396,pork butt shank steak,pork,Meat
16397,pork butt steak,pork,Meat
16398,pork butterfly steak,pork,Meat
16399,pork chicken,chicken,Meat
16400,pork chicken stock,chicken,Meat
16401,pork chinese,pork,Meat
16402,pork chop chicken breast,chicken,Meat
16403,pork chop cutlet,pork,Meat
16404,pork chop ea,pork,Meat
16405,pork chop loin work,pork,Meat
16406,pork chop meat,pork,Meat
16407,pork chop my,pork,Meat
16408,pork chop not,pork,Meat
16409,pork chop rib,pork,Meat
16410,pork chop roast,pork,Meat
16411,pork chop salt pepper,pepper,Spice
16412,pork chop strip,pork,Meat
16413,pork chop veal,pork,Meat
16414,pork cocktail frank,pork,Meat
16415,pork cooking oil,cooking oil,Additive
16416,pork cracklin,pork,Meat
16417,pork cube steak,pork,Meat
16418,pork dripping lard,pork,Meat
16419,pork ear,pork,Meat
16420,pork escalopes,pork,Meat
16421,pork fillet leg,pork,Meat
16422,pork filling,pork filling,Meat
16423,pork finely,pork,Meat
16424,pork gravy,pork,Meat
16425,pork gravy below,pork,Meat
16426,pork hock bacon,pork,Meat
16427,pork hock t hurt,pork,Meat
16428,pork italian sausage,italian sausage,Meat
16429,pork jowl,pork,Meat
16430,pork knuckle hock,pork,Meat
16431,pork lard,pork,Meat
16432,pork leg roast,pork,Meat
16433,pork leg shoulder,pork,Meat
16434,pork liempo belly,pork,Meat
16435,pork link sausage,pork sausage,Meat
16436,pork loin baby back rib,pork,Meat
16437,pork loin better,pork,Meat
16438,pork loin boston butt leaner meat seem,pork,Meat
16439,pork loin butt,pork,Meat
16440,pork loin chop total,pork,Meat
16441,pork loin crosswise,pork,Meat
16442,pork loin julienne,pork,Meat
16443,pork loin lamb,pork,Meat
16444,pork loin omit,pork,Meat
16445,pork loin rib chop,pork,Meat
16446,pork loin rib end,pork,Meat
16447,pork luncheon meat,pork,Meat
16448,pork lung,pork,Meat
16449,pork must,pork,Meat
16450,pork neck shoulder,pork,Meat
16451,pork out salt,salt pork,Meat
16452,pork pate cha lua,pork,Meat
16453,pork pinto bean,pinto bean,Legume
16454,pork prime rib roast,prime rib,Meat
16455,pork rib clean chop,pork,Meat
16456,pork rib neck,pork,Meat
16457,pork rib shoulder,pork,Meat
16458,pork roast brown onion,pork,Meat
16459,pork roast jus sauce,pork,Meat
16460,pork roast loin,pork,Meat
16461,pork roast shoulder,pork,Meat
16462,pork roast tri tip,trip tip,Meat
16463,pork roast veal,pork,Meat
16464,pork salt black pepper,pepper,Spice
16465,pork sausage lengthwise,pork sausage,Meat
16466,pork sausage rookworst,pork sausage,Meat
16467,pork sausagemeat,pork sausage,Meat
16468,pork seasoning,pork,Meat
16469,pork seasoning coating mix shake n bake,pork seasoning,Meat
16470,pork shoulder belly,pork,Meat
16471,pork shoulder boston butt,pork,Meat
16472,pork shoulder butt roast,pork,Meat
16473,pork shoulder chop chicken roast beef,pork,Meat
16474,pork shoulder chuck roast,pork,Meat
16475,pork shoulder intact,pork,Meat
16476,pork shoulder loin,pork,Meat
16477,pork shoulder loin chop,pork,Meat
16478,pork shoulder morsel ``,pork,Meat
16479,pork shoulder must,pork,Meat
16480,pork shoulder sausage,pork sausage,Meat
16481,pork shoulder some people rib,pork,Meat
16482,pork shoulder tenderloin,pork,Meat
16483,pork side rib,pork,Meat
16484,pork sirloin chop,pork,Meat
16485,pork soup,pork,Meat
16486,pork sparerib apart,spare ribs,Meat
16487,pork sparerib back rib,pork,Meat
16488,pork sparerib butcher,spare ribs,Meat
16489,pork sparerib rack,spare ribs,Meat
16490,pork steak chop,pork,Meat
16491,pork steak lemon,pork lemon,Meat
16492,pork steak prefer mine,pork,Meat
16493,pork stock beef meat,beef stock,Meat
16494,pork stomach,pork,Meat
16495,pork tail,pork,Meat
16496,pork tenderloin butt,pork,Meat
16497,pork tenderloin chicken breast,chicken,Meat
16498,pork tenderloin chicken may,chicken,Meat
16499,pork tenderloin chicken roast,chicken,Meat
16500,pork tenderloin chop,pork,Meat
16501,pork tenderloin cutlet,pork,Meat
16502,pork tenderloin fillet,pork,Meat
16503,pork tenderloin loin,pork,Meat
16504,pork tenderloin loin chop work well,pork,Meat
16505,pork tenderloin medallion,pork,Meat
16506,pork tenderloin overnight,pork,Meat
16507,pork tenderloin salt pepper,pork,Spice
16508,pork tenderloin shoulder roast,pork,Meat
16509,pork tenderloin total,pork,Meat
16510,pork together twice,pork,Meat
16511,port du salut cheese,cheese,Dairy
16512,portabella mushroom ravioli,mushroom,Fungi
16513,portion hermann batter,batter,Dish
16514,portion skin sea bass,sea bass,Fish
16515,portugese bread,bread,Bakery
16516,portuguese andouille sausage,pork sausage,Meat
16517,portuguese bread italian,bread,Bakery
16518,portuguese bun,hamburger,Bakery
16519,portuguese chourico chorizo,pork sausage,Meat
16520,portuguese chourico soy chorizo,pork sausage,Meat
16521,portuguese cornbread sourdough bread,bread,Dish
16522,portuguese european bread,bread,Bakery
16523,portuguese grape liquor,grape,Fruit
16524,portuguese hot chourico sausage,pork,Meat
16525,portuguese pepper sauce,pepper,Spice
16526,posole,pork,Dish
16527,post cereal banana,banana,Fruit
16528,post cranberry almond crunch cereal,almond,Nuts and Seeds
16529,post grape nut cereal,grape,Fruit
16530,pot,barley,Cereal
16531,pot cheese farmer,cheese,Dairy
16532,pot cheese ricotta,cheese,Dairy
16533,pot cream,cream,Dairy
16534,pot greek yogurt,greek yogurt,Dairy
16535,pot pie square noodle,pasta,Dish
16536,pot roast chuck shoulder,chuck steak,Meat
16537,pot roast gravy beef stock,beef stock,Dish
16538,pot roast juice from,beef stock,Meat
16539,pot roast pan juice,beef stock,Meat
16540,pot roast sirloin tip,top sirloin,Meat
16541,pot whipping cream,whipped cream,Dairy
16542,potato baby food,sweet potato,Vegetable
16543,potato bread farls,potato,Vegetable Tuber
16544,potato burger bun,potato,Vegetable Tuber
16545,potato cake,potato,Vegetable Tuber
16546,potato carrot celery onion,potato,Vegetable Tuber
16547,potato cheese pierogi,potato,Vegetable Tuber
16548,potato chip shrimp,potato chip,Dish
16549,potato chip yukon,potato chip,Dish
16550,potato crust,potato,Vegetable Tuber
16551,potato cupcake,potato,Vegetable Tuber
16552,potato dumpling,potato,Vegetable Tuber
16553,potato flake chip,mashed potatoes,Vegetable
16554,potato flake milk,mashed potatoes,Vegetable
16555,potato gnocchi right,potato,Vegetable Tuber
16556,potato hamburger bun,potato,Vegetable Tuber
16557,potato here veggie,potato,Vegetable Tuber
16558,potato layer,potato,Vegetable Tuber
16559,potato onion,onion,Vegetable
16560,potato pancake mix,pancake,Dish
16561,potato pastry dough,bread,Bakery
16562,potato patty,potato,Vegetable Tuber
16563,potato rosemary,potato,Vegetable Tuber
16564,potato sausage,potato,Vegetable Tuber
16565,potato soup mix,onion soup,Dish
16566,potato starch katakuriko may be,potato starch,Vegetable
16567,potato starch vermicelli,potato starch,Vegetable
16568,potato syrup,potato,Vegetable Tuber
16569,potato vermicelli,potato,Vegetable Tuber
16570,potato vermicelli noodle,potato,Vegetable Tuber
16571,potato wedge,potato,Vegetable Tuber
16574,poultry,chicken,Spice
16575,powderd almond,almond,Nuts and Seeds
16576,power fruit,sugar substitute,Fruit
16577,prague powder number,chili powder,Spice
16578,praline,sugar substitute,Beverage-Alcoholic
16579,praline liqueur,liquor,Beverage-Alcoholic
16580,praline powder,chili powder,Spice
16581,prawn chicken,chicken,Meat
16582,prawn each,prawn,Seafood
16583,prawn intact,prawn,Seafood
16584,prawn meat,meat,Meat
16585,prawn paste belacan,prawn,Seafood
16586,prawn pink,prawn,Seafood
16587,prawn powder,prawn,Seafood
16588,prawn shrimp,shrimp,Seafood
16589,pre cake,cake,Dish
16590,pre crepe,pancake,Dish
16591,pre marinara sauce,marinara sauce,Condiment
16592,pre meatball,meatball,Dish
16593,pre meatball buy,meatball,Dish
16594,pre oxtail,beef,Meat
16595,pre pie crust mix,crust,Bakery
16596,pre refrigerater pie crust,crust,Bakery
16597,preferably wild blueberry,blueberry,Fruit
16598,preferrably marinara sauce meat,marinara sauce,Condiment
16599,prego heart spaghetti sauce,tomato sauce,Condiment
16600,prego spaghetti sauce meat,tomato sauce,Condiment
16601,prego tomato basil pasta sauce,pasta,Condiment
16602,prego traditional pasta sauce,pasta,Dish
16603,premade greek salad dressing,salad dressing,Condiment
16604,premade pizza crust,pizza,Bakery
16605,premade pizza sauce,pizza,Condiment
16606,preserve fruit,fruit preserve,Fruit
16607,preserve jam,fruit preserve,Fruit
16608,preserve orange,orange,Fruit
16609,president choice black label harissa moroccan seasoning,harissa,Vegetable
16610,president choice chili pepper sauce,chili paste,Condiment
16611,president choice italian sauce below,tomato sauce,Condiment
16612,pressure cooker chicken fillet basis savory pie etc,chicken,Dish
16613,pretzel bun,bread,Bakery
16614,pretzel goldfish cracker,bread,Bakery
16615,pretzel nugget,bread,Bakery
16616,pretzel peanut,peanut,Nuts and Seeds
16617,pretzel ring,bread,Bakery
16618,pretzel rod,bread,Bakery
16620,prickly pear juice syrup,syrup,Plant Derivative
16621,primadona italian dressing,salad dressing,Dish
16622,primavera spaghetti sauce,tomato sauce,Condiment
16623,prime beef,beef,Meat
16624,prime rib beef oven roast,prime rib,Meat
16625,prime sirloin roast,top sirloin,Meat
16626,process cheese food,cheese,Dairy
16627,process sharp cheddar cheese single,cheese,Dairy
16628,procini mushroom,mushroom,Fungi
16629,progresso breadcrumb,bread crumb,Bakery
16630,progresso caponata,soup,Dish
16631,progresso garlic breadcrumb,garlic,Herb
16632,progresso garlic chicken stock cooking sauce,chicken,Meat
16633,progresso garlic herb breadcrumb,bread crumbs,Herb
16634,progresso italian bread crumb,bread crumbs,Bakery
16635,progresso italian vegetable soup,soup,Dish
16636,progresso vegetable mushroom soup,cream celery soup,Dish
16637,proof bourbon whiskey,bourbon whiskey,Beverage-Alcoholic
16638,prosecco champagne,champagne,Beverage-Alcoholic
16639,protein powder chocolate egg,chocolate,Plant Derivative
16640,protein powder vanilla whey,vanilla,Legume
16641,provence lavender cordial syrup,lavender,Plant Derivative
16642,provini veal,veal,Meat
16643,provolone cheese cube,cheese,Dairy
16644,prune baby food,plum,Dish
16645,prune butter,butter,Dairy
16646,prune jam,jam,Fruit
16647,prune plum,plum,Fruit
16648,psyllium husk,corn husk,Maize
16649,psyllium oat bran,oat,Cereal
16650,publix deli guacamole,guacamole,Dish
16651,pudding sausage,sausage,Dish
16652,puerto rican adobo marinade,sauce,Additive
16653,puerto rican sofrito,sofrito sauce,Condiment
16654,puff patty shell,puff pastry,Bakery
16655,pulp orange juice,orange juice,Fruit
16657,pumpernickel bread dark rye,bread,Bakery
16658,pumpernickel bread rye,bread,Bakery
16659,pumpernickel bread rye breadcrumb,bread,Bakery
16660,pumpernickel bread sourdough,bread,Dish
16661,pumpernickel flour rye,rye flour,Cereal
16662,pumpkin below,pumpkin,Fruit
16663,pumpkin flower,pumpkin,Flower
16664,pumpkin mush,pumpkin,Fruit
16665,pumpkin parmesan pasta sauce,pumpkin,Dish
16666,pumpkin parmesan sauce,pumpkin,Dish
16667,pumpkin pepitas,pumpkin,Fruit
16668,pumpkin pulp,pumpkin,Fruit
16669,pumpkin ravioli,pumpkin,Fruit
16670,pumpkin seed fruit choice,pumpkin seed,Nuts and Seeds
16671,pumpkin seed green part,pumpkin seed,Nuts and Seeds
16672,pumpkin seed my coffee grinder,pumpkin seed,Nuts and Seeds
16673,pumpkin seed squash,pumpkin seed,Nuts and Seeds
16674,pumpkin spice dairy creamer,pumpkin,Dairy
16675,punnet baby corn diagonally,baby corn,Maize
16676,purple cherokee tomato,tomato,Fruit
16677,purple corn,corn,Maize
16678,purple eggplant,eggplant,Vegetable
16679,purple fig,fig,Fruit
16680,purple grape,grape,Fruit
16681,purple hull pea,pea,Legume
16682,purple olive,olive,Plant
16683,purple sugar,sugar,Additive
16684,purple tomatillo,tomatillo,Vegetable
16685,purple turnip,turnip,Vegetable
16686,purple yam powder,yam,Vegetable
16687,purple yam root,yam,Vegetable
16688,purpose apple,apple,Fruit
16689,purpose biscuit baking mix,baking mix,Dish
16690,purpose buttermilk baking mix,baking mix,Dish
16691,purpose flour twice,flour,Cereal
16692,purpose gluten flour,gluten flour,Cereal
16693,purpose greek seasoning,spice mix,Spice
16694,purpose greel seasoning,spice mix,Spice
16695,purpose potato,potato,Vegetable Tuber
16696,purpose seasoning basil,basil,Herb
16697,purpose vegetable seasoning,vegetable,Vegetable
16699,pushcart onion,onion,Vegetable
16700,quahog,clam,Seafood
16701,quaker barley,barley,Cereal
16702,quaker caramel corn rice cake,instant rice,Dish
16703,quaker harvest crunch cereal,granola cereal,Cereal
16704,quaker oatmeal square cereal,oatmeal,Cereal
16705,quaker square brown sugar cereal,brown sugar,Additive-Sugar
16706,quantity basic pastry dough,bread,Bakery
16707,quantity shortcrust pastry vanilla,vanilla,Legume
16708,quark cream,cream,Dairy
16710,quatre epices rabelais seasoning,spice mix,Spice
16711,queen anne cherry,cherry,Fruit
16712,queijo coalho cheese curd,curd,Dairy
16713,quesadilla mexican cheese,cheese,Dairy
16714,queso blanco cheese,cheese,Dairy
16715,queso blanco white cheese,cheese,Dairy
16716,queso chanco,cheese,Dairy
16717,queso cheese,cheese,Dairy
16718,queso cheese sauce,queso sauce,Condiment
16719,queso duro,queso blanco,Dairy
16720,queso panela cheese,queso blanco,Dairy
16721,queso quesadilla,queso blanco,Dish
16722,queso quesadilla cheese,queso blanco,Dairy
16723,queso quesadilla mexican cheese,queso blanco,Dairy
16724,quesos ricura mexican crema,cream,Dairy
16725,quik chocolate milk mix powder,chocolate milk,Beverage
16726,quince jelly,berry,Berry
16727,quince preserve,quince,Fruit
16728,quinoa grain brown rice,brown rice,Cereal
16729,quorn chik n cutlet,chicken,Meat
16730,quorn mincemeat,meat,Meat
16731,quot ; meatless mincemeat,meat,Meat
16732,quot ; taste like juice,juice,Beverage
16733,ra el hanout mix,spice mix,Spice
16734,rack american pork,pork,Meat
16735,rack baby back pork,pork,Meat
16736,rack baby back rib,pork,Meat
16737,rack back rib,beef,Meat
16738,rack beef back rib,beef,Meat
16739,rack beef rib,beef,Meat
16740,rack cervena venison,venison,Meat
16741,rack lamb rib,lamb,Meat
16742,rack louis pork sparerib,pork,Meat
16743,rack louis sparerib,meat,Meat
16744,rack pork baby back,pork,Meat
16745,rack rib,pork,Meat
16746,rack veal,veal,Meat
16747,rack venison side rib,veal,Meat
16748,radiatore ruffle noodle,noodle,Cereal
16749,radicchio lengthwise,radicchio,Vegetable
16750,rag pasta sauce basil flavor,sauce,Additive
16751,rag pasta sauce cheddar cheese,cheese,Dairy
16752,rag pasta sauce chunky tomato onion garlic,sauce,Additive
16753,rag pasta sauce garlic,garlic,Dish
16754,rag pasta sauce garlic parmesan cheese,cheese,Dish
16755,rag pasta sauce tomato,sauce,Additive
16756,ragi flour,flour,Cereal
16757,rainbow candy,rainbow trout,Fish
16758,rainbow candy sprinkle,sugar,Additive
16759,rainbow carrot,carrot,Vegetable
16760,rainbow chocolate chip,chocolate chip,Additive
16761,rainbow dot candy,rainbow trout,Fish
16762,rainbow nonpareil,rainbow trout,Fish
16763,rainbow nonpareil sprinkle,sugar,Additive
16764,rainbow olive,olive,Plant
16765,rainbow rotini pasta,pasta,Cereal
16766,rainbow tortellini pasta,pasta,Cereal
16767,rainbow trout fillet,trout,Fish
16768,rainbow trout fillet each,trout,Fish
16769,raisin bread cinnamon swirl,bread,Bakery
16770,raisin cranberry,cranberry,Fruit
16771,raisin walnut bread,bread,Bakery
16772,raja con crema,cream,Dairy
16774,ramen mushroom flavor noodle,noodle,Cereal
16775,ramen noodle beef,noodle,Cereal
16776,ramen noodle not,noodle,Cereal
16777,ramen noodle per bowl,noodle,Cereal
16778,ramen noodle seasoning,noodle,Cereal
16779,ramen noodle soba,noodle,Cereal
16780,ramen noodle type soup,noodle,Cereal
16781,ranch,ranch dressing,Condiment
16782,ranch bean black,black bean,Legume
16783,ranch bean juice,vegetable protein,Legume
16784,ranch crouton,crouton,Bakery
16785,ranch doritos,ranch dressing,Condiment
16786,ranch dressing blue cheese,cheese,Dairy
16787,ranch dressing creamy,cheese,Condiment
16788,ranch dressing mix water,ranch dressing,Condiment
16789,ranch pinto bean,bean,Legume
16790,ranch salad dressing bleu cheese,salad dressing,Condiment
16791,ranch salad dressing marzetti,salad dressing,Condiment
16792,ranch steak,steak,Fish
16793,ranch texas bean,bean,Legume
16794,ranch tortilla chip,tortilla chip,Bakery
16795,ranchera sauce,sauce,Additive
16796,rancherito cheese,cheese,Dairy
16797,ranchero bean,bean,Legume
16798,range chicken capon,chicken,Meat
16799,range chicken stock,chicken,Meat
16800,range organic egg yolk,egg,Meat
16801,rannoch beef,beef,Meat
16802,rannoch venison,venison,Meat
16803,rao marinara sauce,marinara sauce,Condiment
16804,rapid rise yeast bread machine,baker's yeast,Additive-Yeast
16806,raspberry beer,beer,Beverage
16807,raspberry brandy,brandy,Beverage-Alcoholic
16808,raspberry cordial,raspberry,Fruit
16809,raspberry extract,raspberry,Fruit
16810,raspberry fruit jam,raspberry,Fruit
16811,raspberry gelatin mix,raspberry,Additive
16812,raspberry jam choice,fruit preserves,Fruit
16813,raspberry jam fruit,jam,Fruit
16814,raspberry jam jelly,fruit preserves,Fruit
16815,raspberry jam more,fruit preserves,Fruit
16816,raspberry jam preserve,fruit preserves,Fruit
16817,raspberry jelly grape,raspberry,Fruit
16818,raspberry juice choice,raspberry,Fruit
16819,raspberry junket danish dessert mix,raspberry,Additive
16820,raspberry marmalade,raspberry,Additive
16821,raspberry olive oil,olive oil,Plant Derivative
16822,raspberry pie filling,raspberry,Dish
16823,raspberry preserve matter,fruit preserves,Fruit
16824,raspberry preserve sugar,fruit preserves,Fruit
16825,raspberry red wine vinegar,raspberry,Beverage-Alcoholic
16826,raspberry spice essence,raspberry,Fruit
16827,raspberry sugar jam,fruit preserves,Fruit
16828,raspberry swiss,raspberry,Fruit
16829,raspberry topping,raspberry,Fruit
16830,raspberry vinaigrette dressing,raspberry,Condiment
16831,ratafia biscuit,biscuit,Bakery
16832,rattlesnake meat,meat,Meat
16833,rauchkase bavarian cheese,cheese,Dairy
16834,ravioli dough,dough,Cereal
16835,ravioli filling,cheese,Dairy
16836,ravioli tomato sauce,tomato sauce,Condiment
16837,ravioli tortellini,dough,Bakery
16838,rawspicebar egyptian spice,spice mix,Spice
16839,rawspicebar peruvian rub seasoning,paprika,Spice
16840,rayu,oil,Additive
16841,realime juice,lime juice,Beverage
16842,really coffee,coffee,Beverage Caffeinated
16843,reames noodle,noodle,Cereal
16844,recao cilantro not,coriander,Herb
16845,rectangular brioche bread,bread,Bakery
16846,rectangular pizza crust,pizza,Bakery
16847,red achiote paste,spice mix,Spice
16848,red aji pepper,spice mix,Spice
16849,red ale,irish whisky,Beverage-Alcoholic
16851,red anjou pear,anjou pear,Fruit
16852,red baby beet,beetroot,Vegetable
16853,red banana,banana,Fruit
16854,red bean chili sauce,chili sauce,Condiment
16855,red bean curd,curd,Legume
16856,red bean kidney,kidney bean,Legume
16857,red bean paste azuki,beans,Legume
16858,red bean paste koshian,beans,Legume
16859,red bean water,beans,Legume
16860,red bell pepper flake,capsicum,Vegetable Fruit
16861,red bell pepper ring,capsicum,Vegetable Fruit
16862,red bell pepper strip,capsicum,Vegetable Fruit
16863,red bird eye chili pepper,chili pepper,Vegetable
16864,red birdseye chili jalapeno pepper,chili pepper,Vegetable
16865,red burgundy wine lemberger,wine,Beverage-Alcoholic
16866,red cabbage head,head red cabbage,Vegetable
16867,red cake decorating gel,cake,Dish
16868,red capsicum pasta sauce,red capsicum,Vegetable
16869,red chard,chard,Vegetable
16870,red cherry jelly crystal,red cherry,Fruit
16871,red cherry pepper green,chili,Spice
16872,red cherry tomato,tomato,Vegetable
16873,red chile chutney,chili,Spice
16874,red chile honey,honey,Plant Derivative
16875,red chile oil,chili,Spice
16876,red chile pepper lengthwise,chili pepper,Vegetable
16877,red chile puree,chili pepper,Vegetable
16878,red chili asian chilli,chili,Spice
16879,red chili chilli,chili pepper,Vegetable
16880,red chili omit,chili pepper,Vegetable
16881,red chili paste garlic,chili oil,Plant Derivative
16882,red chili paste korean kochujang sauce,chili,Spice
16883,red chili paste market,chili,Spice
16884,red chili pepper chipotle,chili pepper,Vegetable
16885,red chili pepper flake chile,chili,Spice
16886,red chili pepper flake heat,chili,Spice
16887,red chili pepper hot,red chili pepper,Vegetable
16888,red chili seed,chili pepper,Vegetable
16889,red chili sriracha garlic sauce,chili sauce,Condiment
16890,red chili water,chili pepper,Vegetable
16891,red chilies cayenne pepper,chili pepper,Vegetable
16892,red chilies cayenne variety,chili pepper,Vegetable
16893,red chilies guajillo,chili pepper,Vegetable
16894,red chilies heat,chili pepper,Vegetable
16895,red chilies pepper flake,red pepper flake,Vegetable
16896,red chilies water,chili pepper,Vegetable
16897,red chilli,chili,Spice
16898,red crystal sugar,sugar,Additive
16899,red currant preserve,redcurrant,Fruit
16900,red currant preserve grape,red grape,Fruit
16901,red currant preserve raspberry,redcurrant,Fruit
16902,red curry powder,spice mix,Spice
16903,red decorating gel,gelatin,Additive
16904,red decorative candy,cinnamon,Additive
16905,red enchilada sauce cream,mole sauce,Condiment
16906,red enchilada sauce mexican restaurant,mole sauce,Condiment
16907,red enchilada sauce paso,mole sauce,Condiment
16908,red enchilada sauce vegan,mole sauce,Condiment
16909,red fajita seasoning,spice mix,Spice
16910,red fajita seasoning mix,spice mix,Spice
16911,red food coloring bijol seasoning,spice mix,Spice
16913,red fruit leather,fruit,Fruit
16914,red fruit strawberry,strawberry,Fruit
16915,red gel,gelatin,Additive
16916,red gel icing,icing,Additive
16917,red glaze icing,icing,Additive
16918,red grape tomato,tomato,Vegetable
16919,red green chard,chard,Vegetable
16920,red green chilies,chili,Spice
16921,red green pineapple,pineapple,Vegetable
16922,red green pueblo chile pepper,chili,Spice
16923,red guavaberry,guava,Fruit
16924,red habanero pepper,chili,Spice
16925,red irish ale,irish whisky,Beverage-Alcoholic
16926,red italian tomato,tomato,Vegetable
16927,red jalapeno below,jalapeno,Spice
16928,red jalapeno chile cayenne powder green pepper,jalapeno,Spice
16929,red jalapeno chile green pepper,jalapeno,Spice
16930,red jalapeno chile pepper,chili pepper,Vegetable
16931,red jalapeno chile serrano pepper heat,chili pepper,Vegetable
16932,red jalapeno chile serranos,chili pepper,Vegetable
16933,red jalapeno chile thai,jalapeno,Spice
16934,red jalapeno green,jalapeno,Spice
16935,red jalapeno jelly,redcurrant jelly,Fruit
16936,red jalapeno pepper more,jalapeno,Spice
16937,red jalapeno suit,jalapeno,Spice
16938,red jam,redcurrant jelly,Fruit
16939,red jell o,lime jello,Additive
16940,red jelly jam,redcurrant jelly,Fruit
16941,red jwala chile,chili,Spice
16942,red kashmiri chile,chili,Spice
16943,red kidney bean sauce,kidney bean,Legume
16944,red licorice,wine,Beverage-Alcoholic
16945,red meat beef,beef,Meat
16946,red michigan apple,red apple,Fruit
16947,red mill bean grain soup mix,soup,Dish
16948,red mill grain cereal,cereal,Cereal
16949,red mullet,mullet,Fish
16950,red onion lengthwise,red onion,Vegetable
16951,red onion marmalade,red onion,Condiment
16952,red onion paste,red onion,Vegetable
16953,red onion strip,red onion,Vegetable
16954,red palm fruit oil olive,olive oil,Plant Derivative
16955,red passover wine,wine,Beverage-Alcoholic
16956,red pear cherry tomato,tomato,Vegetable
16957,red pearl onion,red onion,Vegetable
16958,red pepper aji,chili,Spice
16959,red pepper apple relish,capsicum,Vegetable Fruit
16960,red pepper cajun,spice mix,Spice
16961,red pepper capsicum green,capsicum,Vegetable Fruit
16962,red pepper chile,chili pepper,Vegetable
16963,red pepper chili powder,chili pepper,Vegetable
16964,red pepper crosswise,capsicum,Vegetable Fruit
16965,red pepper deli,capsicum,Vegetable Fruit
16966,red pepper fine,capsicum,Vegetable Fruit
16967,red pepper garam masala,garam masala,Spice
16968,red pepper garlic,capsicum,Vegetable Fruit
16969,red pepper garlic dressing,capsicum,Vegetable Fruit
16970,red pepper green bell,capsicum,Vegetable Fruit
16971,red pepper green korean,capsicum,Vegetable Fruit
16972,red pepper green one,capsicum,Vegetable Fruit
16973,red pepper green onion,capsicum,Vegetable Fruit
16974,red pepper green work okay,capsicum,Vegetable Fruit
16975,red pepper hot,capsicum,Vegetable Fruit
16976,red pepper hot heat,capsicum,Vegetable Fruit
16977,red pepper hummus,hummus,Dish
16978,red pepper jalapeno,jalapeno,Vegetable
16979,red pepper large,capsicum,Vegetable Fruit
16980,red pepper length,capsicum,Vegetable Fruit
16981,red pepper mean,capsicum,Vegetable Fruit
16982,red pepper mix yellow,capsicum,Vegetable Fruit
16983,red pepper more,capsicum,Vegetable Fruit
16984,red pepper not paprika ancho chi,capsicum,Vegetable Fruit
16985,red pepper olive oil,olive oil,Plant Derivative
16986,red pepper optional,capsicum,Vegetable Fruit
16987,red pepper optional make,capsicum,Vegetable Fruit
16988,red pepper orange,capsicum,Vegetable Fruit
16989,red pepper paste market,capsicum,Vegetable Fruit
16990,red pepper paste water,capsicum,Vegetable Fruit
16991,red pepper pea pod,capsicum,Vegetable Fruit
16992,red pepper pesto,capsicum,Vegetable Fruit
16993,red pepper pizza,capsicum,Vegetable Fruit
16994,red pepper ring,capsicum,Vegetable Fruit
16995,red pepper rotini pasta,capsicum,Vegetable Fruit
16996,red pepper sauce choice,capsicum,Vegetable Fruit
16997,red pepper sauce habanero,capsicum,Vegetable Fruit
16998,red pepper sauce tabasco,capsicum,Vegetable Fruit
16999,red pepper soup,capsicum,Vegetable Fruit
17000,red pepper spicy,red chili pepper,Vegetable
17001,red pepper square,capsicum,Vegetable Fruit
17002,red pepper tapenade,capsicum,Vegetable Fruit
17003,red pepper thinly,capsicum,Vegetable Fruit
17004,red pepper tomato soup,capsicum,Vegetable Fruit
17005,red pepper tsp,capsicum,Vegetable Fruit
17006,red pepper yellow green,capsicum,Vegetable Fruit
17007,red pepperoncini pepper,capsicum,Vegetable Fruit
17009,red potato crosswise,potato,Vegetable Tuber
17010,red potato half,potato,Vegetable Tuber
17011,red potato lengthwise,potato,Vegetable Tuber
17012,red potato not,potato,Vegetable Tuber
17013,red potato tender,potato,Vegetable Tuber
17014,red potato too,potato,Vegetable Tuber
17015,red potato water,potato,Vegetable Tuber
17016,red quinoa,bean,Legume
17017,red raspberry syrup,raspberry,Fruit
17018,red rice noodle,noodle,Cereal
17019,red rooibos tea,roibos tea,Beverage
17020,red sauce hot,chili,Spice
17021,red seed removed,curry leaf,Herb
17022,red shiso,curry leaf,Herb
17023,red shiso leaf,curry leaf,Herb
17024,red sofrito sauce,sofrito sauce,Condiment
17025,red sorrel bud,sorrel,Herb
17026,red syrup,syrup,Plant Derivative
17027,red thai bird chile,chili,Spice
17028,red thai bird chile pepper,chili,Spice
17029,red thai chile coarsely,chili,Spice
17030,red thai chile crosswise,chili,Spice
17031,red thai chile hot,chili,Spice
17032,red tofu,tofu,Plant Derivative
17033,red tostada shell,tostada,Bakery
17034,red white candy cane,syrup,Additive
17035,red wine balsamic vinegar,vinegar,Plant Derivative
17036,red wine vinaigrette dressing,wine,Beverage-Alcoholic
17038,red yellow onion,red onion,Vegetable
17039,red yellow orange pepper,capsicum,Vegetable Fruit
17040,red yellow tomato,tomato,Vegetable
17041,redcurrant jam,fruit preserve,Fruit
17042,reddi cream,cream,Dairy
17043,redondo iglesias jamsn serrano,ham,Dish
17044,redpepper seed,cumin,Spice
17045,reese puff cereal,puff pastry,Bakery
17046,refrigerator biscuit,biscuit,Bakery
17047,refrigerator buttermilk biscuit,buttermilk,Bakery
17048,refrigerator pizza dough,pizza,Bakery
17049,reg ; dressing,salad dressing,Dish
17050,reg ; hot italian sausage link,italian sausage,Meat
17051,regato cheese,cheese,Dairy
17052,reindeer meat,meat,Meat
17053,reindeer roast,roast beef,Meat
17054,relish dill,dill,Herb
17057,remoulade sandwich,sandwich,Dish
17058,rennet special cheese,cheese,Dairy
17059,resse peanut butter,peanut butter,Additive
17060,restaurant corn chip,corn chip,Maize
17062,reynolds oven roasting,roast chicken,Meat
17063,rhine wine,wine,Beverage-Alcoholic
17064,rhodes cinnamon,cinnamon,Additive
17065,rhubarb jam,rhubarb,Vegetable
17066,rhubarb liqueur,rhubarb,Vegetable
17067,rib chop,lamb,Meat
17068,rib choy,bok choy,Vegetable
17069,rib eye roast,rib eye steak,Meat
17070,rib eye steak crosswise,rib eye steak,Meat
17071,rib eye steak edge,rib eye steak,Meat
17072,rib eye steak total,rib eye steak,Meat
17073,rib flanken,celery,Herb
17074,rib meat,meat,Meat
17075,rib pork loin chop,pork,Meat
17076,rib prime beef roast,prime rib,Meat
17077,rib roast beef neck,prime rib,Meat
17078,rib steak,rib eye steak,Meat
17079,ribbon noodle,noodle,Cereal
17080,ribeye roula,rib eye steak,Meat
17081,ribeyes steak,steak,Fish
17082,ricard,ricard,Beverage-Alcoholic
17083,rice ball,rice,Cereal
17084,rice basmati,basmati rice,Cereal
17085,rice bean,rice,Cereal
17086,rice bran,rice,Cereal
17087,rice bran cooking oil,cooking oil,Additive
17088,rice bran oil vegetable,vegetable oil,Plant Derivative
17089,rice bran powder nuka,rice flour,Cereal
17090,rice bubble cereal,cereal,Cereal
17091,rice bubble cornflakes,rice,Cereal
17092,rice cake bread,mochi,Dish
17093,rice cereal muria,cereal,Cereal
17094,rice chicken sauce mix broccoli,broccoli,Dish
17095,rice cracker biscuit,rice,Cereal
17096,rice cracker optional,rice,Cereal
17097,rice flour cream,rice flour,Cereal
17098,rice flour mill,rice flour,Cereal
17099,rice flour mochiko,rice flour,Cereal
17100,rice flour noodle,noodle,Cereal
17101,rice flour shiratamako,rice flour,Cereal
17102,rice flour water,rice flour,Cereal
17103,rice flour white,white rice flour,Cereal
17104,rice grain white,white rice,Cereal
17105,rice krispie cereal,cereal,Cereal
17106,rice mai,rice,Cereal
17107,rice meal basmati that,basmati rice,Cereal
17108,rice milk almond,almond,Nuts and Seeds
17109,rice milk ok,rice milk,Beverage
17110,rice milk soy,soy milk,Plant Derivative
17111,rice must,rice,Cereal
17112,rice noodle bean,noodle,Cereal
17113,rice noodle bean thread,noodle,Legume
17114,rice noodle egg,noodle,Cereal
17115,rice noodle instruction,noodle,Cereal
17116,rice noodle kitchen,noodle,Cereal
17117,rice noodle pkg,noodle,Cereal
17118,rice noodle wide,noodle,Cereal
17119,rice olive,rice,Cereal
17120,rice root,rice,Cereal
17121,rice sherry wine,sherry,Beverage-Alcoholic
17122,rice vermicelli not,rice vermicelli,Cereal
17123,rice water,water,Additive
17124,rice wine vinegar anisado,rice vinegar,Additive-Vinegar
17125,rice wine vinegar chili oil,rice vinegar,Additive-Vinegar
17126,rice wine vinegar red,vinegar,Plant Derivative
17127,rice wine vinegar red pepper,vinegar,Plant Derivative
17128,rice wine vinegar sugar,rice vinegar,Additive-Vinegar
17129,rice wine vinegar white,vinegar,Plant Derivative
17130,ricella sunflower oil,sunflower oil,Plant Derivative
17131,ricestick noodle,noodle,Cereal
17132,ricotta cavatelli,cheese,Dairy
17133,ricotta mixture,cheese,Dairy
17134,rimming salt,salt,Additive
17136,ring onion,onion ring,Vegetable
17137,ripple potato chip,potato chip,Dish
17138,risoni pasta,pasta,Cereal
17139,risotto,risotto rice,Cereal
17140,risotto mix,risotto rice,Cereal
17141,ritz bit peanut butter cracker,crackers,Bakery
17142,ritz cracker rice,crackers,Bakery
17143,ritz cracker sociable,crackers,Bakery
17144,ritz everything cracker,crackers,Bakery
17145,river fish,fish,Fish
17146,ro tel green chilies,chili powder,Vegetable
17147,ro tel tomato cilantro,tomato,Vegetable
17148,roast arm,roast beef,Meat
17149,roast beef blade,roast beef,Meat
17150,roast beef butter,roast beef,Meat
17151,roast beef hash,roast beef,Meat
17152,roast blade,pork,Meat
17153,roast duck meat,peking duck,Meat
17154,roast halibut,halibut,Fish
17155,roast inside,roast beef,Meat
17156,roast meat,meat,Meat
17157,roast pork loin,pork,Meat
17158,roast sesame,sesame,Cereal
17160,robust red wine,wine,Beverage-Alcoholic
17161,rock cod fish,cod,Fish
17162,rock cornish game,chicken,Meat
17163,rock cornish hen,chicken,Meat
17164,rock cornish hen each,chicken,Meat
17165,rock lobster,spiny lobster,Seafood
17166,rock melon,cantaloupe,Fruit
17167,rock salt black pepper,black pepper,Spice
17168,rock salt pepper,salt,Additive
17169,rockfish,rockfish,Fish
17170,rockfish fillet,rockfish,Fish
17171,rockling fillet,rockling fish,Fish
17172,rogan josh seasoning,spice mix,Spice
17173,roger syrup brown sugar white karo,brown sugar,Additive-Sugar
17174,rolos caramel candy,candy,Additive
17175,rom bean,bean,Legume
17176,rom tomato juice,roma tomato juice,Vegetable
17177,rom tomato lengthwise,tomato,Vegetable
17178,romaine heart,romaine lettuce,Vegetable
17179,romaine heart leaf,romaine lettuce,Vegetable
17180,roman bean,bean,Legume
17181,romanesco cauliflower floret,cauliflower,Flower
17182,romanesco green cauliflower ca n't,cauliflower,Flower
17183,romano bean green,green bean,Cereal
17184,romano green bean,green bean,Cereal
17185,rome beauty apple,rome apple,Fruit
17186,roncal cheese,cheese,Dairy
17187,rondele horseradish cheddar cheese,cheese,Dairy
17188,ronzoni manicotti,pasta,Cereal
17189,ronzoni no boil lasagna noodle they taste,pasta,Cereal
17190,rooibos tea,tea,Plant
17191,room temperature egg,egg,Meat
17192,room temperature egg yolk,egg,Meat
17193,room temperature greek yogurt,greek yogurt,Dairy
17194,root beer extract water,root beer,Beverage-Alcoholic
17195,root beer schnapps,root beer,Beverage-Alcoholic
17196,root beer w,root beer,Beverage-Alcoholic
17197,root vegetable carrot,carrot,Vegetable
17198,root vegetable stock,vegetable stock,Vegetable
17199,roquefort blue cheese,cheese,Dairy
17200,rosarita jalapeno,jalapeno,Spice
17201,rosarita reg,chili powder,Spice
17202,rosarita reg black bean,black bean,Legume
17203,rose grenadine,pomegranate,Plant Derivative
17204,rose jam,rose water,Additive
17205,rose lime sauce,lime,Condiment
17206,rose lime syrup,lime,Plant Derivative
17207,rose oil,oil,Additive
17208,rose petal ensure,rose,Flower
17209,rose petal jam,rose,Flower
17210,rose petal only,rose,Flower
17211,rose preferably red,rose,Flower
17212,rose sparkling wine,wine,Beverage-Alcoholic
17213,rose syrup water sugar more,rose water,Additive
17214,rosella syrup,syrup,Plant Derivative
17215,rosella tomato soup,tomato soup,Dish
17216,rosemary bread,rosemary,Herb
17217,rosemary crustini,rosemary,Herb
17218,rosemary edible,rosemary,Herb
17219,rosemary essential oil,rosemary,Herb
17220,rosemary garlic salt robertson,garlic salt,Spice
17221,rosemary lime marinade,lime,Fruit
17222,rosemary mayonnaise below,mayonnaise,Condiment
17223,rosemary olive oil sourdough bread,olive oil,Plant Derivative
17224,rossario spaghetti sauce,tomato sauce,Condiment
17225,rotel chili fixins tomato,tomato,Vegetable
17226,rotel reg green chili sauce,green chili sauce,Condiment
17227,rotelle noodle,noodle,Cereal
17228,salad dcressingli pasta,pasta,Cereal
17229,roti flour,flour,Cereal
17230,rotini noodle must,noodle,Cereal
17231,rotisserie chicken chunk,rotisserie chicken,Meat
17232,rotisserie roast chicken,rotisserie chicken,Meat
17233,rouille,rouille,Dish
17234,rouille garlic cayenne pepper mayonnaise,cayenne pepper,Vegetable
17235,rouladen beef butcher,beef,Meat
17236,ruby port wine,wine,Beverage-Alcoholic
17237,ruby red grapefruit vodka,grapefruit juice,Beverage
17238,ruby red graprefruit juice,grapefruit juice,Beverage
17239,rum butter,butter,Dairy
17240,rum extract almond,almond,Nuts and Seeds
17241,rum extract essence,rum,Beverage-Alcoholic
17242,rum extract vanilla,vanilla extract,Additive
17243,rum flavoring almond,almond,Nuts and Seeds
17244,rumple minze pepper mint liqueur,pepper,Spice
17245,runner bean lengthwise,bean,Legume
17246,russet,russet potato,Vegetable Tuber
17247,russet baking,russet potato,Vegetable Tuber
17248,russian layer cake,medovik,Dish
17249,russian mustard,mustard,Spice
17250,russian salad dressing amount,salad dressing,Dish
17251,russian salad dressing not,salad dressing,Dish
17252,russian tea room dressing,russian dressing,Condiment
17253,rustic italian bread,bread,Bakery
17254,rustic loaf italian bread,bread,Bakery
17255,rustic rye bread,bread,Bakery
17256,rutabaga n't celery,celery,Herb
17258,rye,rye flour,Cereal
17259,rye berry,berry,Berry
17260,rye berry cracking,berry,Berry
17261,rye bread caraway seed,caraway,Spice
17262,rye bread multi grain,bread,Bakery
17263,rye bread wheat,bread,Bakery
17264,rye breadcrumb bread,bread,Bakery
17265,rye breadcrumb brown,bread crumb,Bakery
17266,rye cracker crumb,bread,Bakery
17267,rye crisp,rye flour,Cereal
17268,rye crisp bread,bread,Bakery
17269,rye crispbread,rye flour,Cereal
17270,rye flake wheat,rye flake,Cereal
17271,rye flour grain,rye flour,Cereal
17272,rye graham flour,rye flour,Cereal
17273,rye meal barley flour,rye flour,Cereal
17274,rye meal mountain bread wrap,bread,Bakery
17275,ryvita dark rye,bread,Bakery
17276,s b curry golden sauce mix,fettuccine alfredo sauce,Dish
17277,sa cha sauce,shacha sauce,Condiment
17278,saba mackerel,pelagic fish,Fish
17279,saboot dhania coriander seed,coriander,Herb
17280,safflower oil peanut,peanut oil,Plant
17281,saffron broth,saffron,Spice
17282,saffron capellini,saffron,Spice
17283,saffron color,saffron,Additive
17284,saffron essence,saffron,Additive
17286,saffron rice mix mahatma,spanish rice,Cereal
17287,saffron rice mix vigo yellow,yellow rice,Cereal
17288,saffron turmeric,turmeric,Spice
17289,sage breakfast sausage,breakfast sausage,Meat
17290,sage seasoning mixture,spice mix,Spice
17291,sai fun noodle,noodle,Cereal
17292,saimin noodle,noodle,Cereal
17293,sakura cherry shrimp,sakura shrimp,Seafood
17294,salad bar vegetable,salad,Dish
17295,salad burnet,salad,Dish
17296,salad dressing cream,salad dressing,Dish
17297,salad dressing cream salt celery mustard powde,salad dressing,Dish
17298,salad dressing dom chicken,salad dressing,Dish
17299,salad dressing enough,salad dressing,Dish
17300,salad dressing feta,salad dressing,Dish
17301,salad dressing mayo,salad dressing,Dish
17302,salad dressing not creamy,salad dressing,Dish
17303,salad elegance seasoning,salad dressing,Dish
17304,salad green arugula,green salad,Vegetable
17305,salad green baby spinach,spinach,Vegetable
17306,salad green baby spinach leaf,spinach,Vegetable
17307,salad green bibb lettuce,bibb lettuce,Vegetable
17308,salad green clean,green salad,Vegetable
17309,salad green exotic,green salad,Vegetable
17310,salad green not,green salad,Vegetable
17311,salad green one,green salad,Vegetable
17312,salad green optional,green salad,Vegetable
17313,salad green red,green salad,Vegetable
17314,salad green spring mix,green salad,Vegetable
17315,salad leaf asian mix,olive salad,Dish
17316,salad leaf rocket,rocket,Herb
17317,salad oil canola harvest,canola oil,Plant Derivative
17318,salad oil corn tortilla,corn tortilla,Bakery
17319,salad oil mixture each,olive oil,Plant Derivative
17320,salad oil olive,olive oil,Plant Derivative
17321,salad oil orive ok,olive oil,Plant Derivative
17322,salad oil peanut,peanut oil,Plant
17323,salad oil vegetable,vegetable oil,Plant Derivative
17324,salad seed sunflower,sunflower seed,Plant Derivative
17325,salad supreme seasoning,spice mix,Spice
17326,salad tomato,tomato,Vegetable
17327,salam leaf,bay leaf,Plant
17328,salami chunk,salami,Fish
17329,salami hard pepper,pork,Meat
17330,salami summer sausage,sausage,Dish
17331,salba seed chia,chia,Nuts and Seeds
17332,salmon cake,salmon,Fish
17333,salmon caviar,salmon,Fish
17334,salmon head,salmon,Fish
17335,salmon skin,salmon,Fish
17336,salmonberry,salmonberry,Fruit
17337,salsa casera,salsa,Condiment
17338,salsa con pepperjack,chile con queso,Condiment
17339,salsa jalapeno pepper,chili pepper,Vegetable
17340,salsa mexican cheese sauce,cheese,Dairy
17341,salsa picante sauce,salsa,Condiment
17342,salsa sauce,salsa,Condiment
17343,salsa seasoning,spice mix,Spice
17344,salsa seasoning mix,spice mix,Spice
17345,salsa verde doritos,salsa verde,Condiment
17346,salsa verde green tomatillo,salsa verde,Condiment
17347,salt black pepper cayenne,chili pepper,Spice
17348,salt black pepper white,salt,Additive
17349,salt black pepper white powder,salt,Additive
17350,salt breadcrumb,salt,Additive
17351,salt butterfish,fish,Fish
17352,salt chicken stock,chicken,Meat
17353,salt chicken stock cube,chicken,Meat
17354,salt chipotle powder,chipotle,Spice
17355,salt fajita seasoning mix,spice mix,Spice
17356,salt flake,salt,Additive
17357,salt jamaican jerk seasoning,spice mix,Spice
17358,salt pepper add basil too,salt,Additive
17359,salt pepper black,salt and pepper,Spice
17360,salt pepper breast,chicken,Spice
17361,salt pepper cayenne,pepper,Spice
17362,salt pepper chicken breast,chicken,Meat
17363,salt pepper chicken broth,chicken,Dish
17364,salt pepper each,pepper,Spice
17365,salt pepper garlic,spice mix,Spice
17366,salt pepper kimchi soy sauce,sauce,Additive
17367,salt pepper not must,salt,Additive
17368,salt pepper optional,salt,Additive
17369,salt pepper red,red pepper,Spice
17370,salt pepper seasoning mix,spice mix,Spice
17371,salt pepper soy sauce,sauce,Additive
17372,salt pepper this,pepper,Spice
17373,salt soy sauce,sauce,Additive
17374,salt stock beef,beef stock,Meat
17375,salt vegetable stock,vegetable stock,Vegetable
17376,salt vinegar potato chip,potato chip,Dish
17377,salt yellow corn,maize,Maize
17378,saltine cracker square,saltine cracker,Bakery
17379,saltine panko bread crumb,bread crumbs,Bakery
17380,saltpeter morton tender,salt,Additive
17381,saltwater fish,fish,Fish
17382,salty cracker,salty cracker,Bakery
17383,sambal bajak,chili,Spice
17384,sambal belachan chili paste,chili,Spice
17385,sambal oelek chili paste garlic sauce,hot sauce,Condiment
17386,sambal tjampoer chili sauce,chili paste,Condiment
17387,sambar onion,onion,Vegetable
17388,sambar powder,spice mix,Spice
17389,sambhar powder below,chili powder,Spice
17390,sambuca liqueur black,black currant,Fruit
17391,samos liqueur,liqueur,Beverage-Alcoholic
17392,samosa pastry egg,samosa,Bakery
17393,samp hominy,hominy,Maize
17394,san basil,basil,Herb
17395,san gennaro polenta,polenta,Dish
17396,san marzano tomato juice,tomato juice,Vegetable
17397,san marzano tomato passata,tomato,Vegetable
17398,san pellegrrino,tomato,Vegetable
17399,san plum tomato,tomato,Vegetable
17400,sandwich bread dog bun,bread,Bakery
17401,sandwich bread white,bread,Bakery
17402,sandwich bun e,bread,Bakery
17403,sandwich bun french bread lengthwise,baguette,Bakery
17404,sandwich bun hamburger,hamburger,Bakery
17405,sandwich ham,ham,Meat
17406,sandwich italian bread,bread,Bakery
17407,sandwich pepperoni turkey,turkey,Meat
17408,sandwich thins wheat,sandwich,Dish
17409,sandwich wrap,sandwich,Dish
17410,sangrita,juice,Beverage-Alcoholic
17411,sara lee cake,cake,Dish
17412,sardine oil virgin olive,olive oil,Plant Derivative
17413,sardine olive oil,olive oil,Plant Derivative
17414,sargento authentic mexican cheese,cheese,Dairy
17415,sargento chefstyle chipotle cheddar cheese,cheese,Dairy
17416,sargento four cheese mexican,cheese,Dairy
17417,sarsaparilla root,ginger,Spice
17418,sashimi fish fillet salmon,salmon,Fish
17419,sashimi grade ahi tuna,tuna,Fish
17420,sashimi grade ahi tuna steak,tuna,Fish
17421,sashimi grade fillet,tuna,Meat
17422,sashimi grade yellowfin tuna,sashimi,Fish
17423,saskatoon berry blueberry,blueberry,Fruit
17424,sassafras leaf,bay leaf,Plant
17425,sassafras root,ginger,Spice
17426,satay peanut sauce,satay sauce,Condiment
17427,satay peanut sauce coconut milk,coconut milk,Fruit
17428,saturn peach,peach,Fruit
17429,sauce asian chili,chili,Spice
17430,sauce bay seasoning,spice mix,Spice
17431,sauce cayenne pepper,cayenne pepper,Vegetable
17432,sauce chip,sauce,Additive
17433,sauce habanero picante,salsa,Condiment
17434,sauce heavy vinegar base,sauce,Additive
17435,sauce jalapeno,salsa (sauce),Condiment
17436,sauce louisiana ``,louisiana style sauce,Condiment
17437,sauce marinade,teriyaki sauce,Condiment
17438,sauce may,sauce,Additive
17439,sauce optional,sauce,Additive
17440,sauce pepper,pepper sauce,Condiment
17441,sauce red chili pepper flake,sauce,Additive
17442,sauce red hot,sauce,Additive
17443,sauce red pepper,sauce,Additive
17444,sauce sriracha,sriracha sauce,Condiment
17445,sauce taco,taco sauce,Condiment
17446,sauerkraut rye bread,bread,Bakery
17447,sausage chorizo,chorizo,Meat
17448,sausage green pepper spaghetti sauce,sauce,Additive
17449,sausage link bockwurst,sausage,Dish
17450,sausage meatball,sausage,Dish
17451,sausage oyster dressing,sausage,Dish
17452,sausage patty,sausage,Dish
17453,sausage patty jimmy dean,sausage,Dish
17454,sausage pork,pork sausage,Meat
17455,sausage ring,sausage,Dish
17456,sausage spaghetti sauce,tomato sauce,Condiment
17457,sauterne white,wine,Beverage-Alcoholic
17458,sauvignon blanc,sauvignon blanc,Beverage-Alcoholic
17459,sauvignon wine red,wine,Beverage-Alcoholic
17460,sauza commemorative tequila,tequila,Beverage-Alcoholic
17461,sauza commemorativo tequila,tequila,Beverage-Alcoholic
17462,sauza hornitos tequila,tequila,Beverage-Alcoholic
17463,sauza silver tequila,tequila,Beverage-Alcoholic
17464,savioiardi biscuit,biscuit,Bakery
17465,savoiardi biscuit,biscuit,Bakery
17466,savory steak seasoning,spice mix,Spice
17467,savoy biscuit,biscuit,Bakery
17468,sazon complete seasoning,spice mix,Spice
17469,sazon completo,spice mix,Spice
17470,sazon completo seasoning,spice mix,Spice
17471,sazon goya cilantro,spice mix,Spice
17472,sazon goya coriander,spice mix,Spice
17473,sazon goya culantro con achiote,spice mix,Spice
17474,sazon goya fajita seasoning mix,spice mix,Spice
17475,sazon goya natural,spice mix,Spice
17476,sazon goya saffron,spice mix,Spice
17477,sazon goya seasoning salt,salt,Additive
17478,sazon goya seasoning salt yellow food coloring,spice mix,Spice
17479,sazon goya without annatto,spice mix,Spice
17480,sazon sin achiote,achiote,Condiment
17481,sazon spice mix,spice mix,Spice
17482,scallion bulb,scallion,Herb
17483,scallion oil,scallion,Herb
17484,scallop shrimp,shrimp,Seafood
17485,scant oat flour,oat,Cereal
17486,scant spelt flour,flour,Cereal
17487,scant white sugar,white sugar,Additive-Sugar
17488,schilling italian seasoning,italian seasoning,Herb
17489,schmaltz chicken peanut oil,peanut oil,Plant
17490,schmaltz vegetable oil,vegetable oil,Plant Derivative
17491,schwan multi grain bread,wheat tortilla,Bakery
17492,schwan onion mushroom,onion,Vegetable
17493,schwan pierogi,pierogi,Dish
17494,schwartz italian seasoning,italian seasoning,Herb
17495,scone,cake,Dish
17496,scotch bonnet chile,scotch bonnet,Spice
17497,scotch fillet,rib eye steak,Meat
17498,scotch finger biscuit,biscuit,Bakery
17499,scotch habanero chili,chili,Vegetable
17500,scotch whiskey glenlivet,scotch whiskey,Beverage-Alcoholic
17501,scotch whiskey irish,scotch whiskey,Beverage-Alcoholic
17502,scottish whiskey,whiskey,Beverage-Alcoholic
17503,scottziki sauce,sauce,Additive
17504,scout mint,biscuit,Herb
17505,scungilli,snails,Seafood
17506,scwartz italian seasoning,italian seasoning,Herb
17507,sea,sea salt,Additive-Salt
17508,sea bass chunky fillet,sea bass,Fish
17509,sea bass halibut,sea bass,Fish
17510,sea cucumber,sea cucumber,Vegetable
17511,sea fillet,sea bass,Fish
17512,sea salt white pepper,pepper,Spice
17514,seafood baby shrimp,shrimp,Seafood
17515,seafood mix,seafood seasoning,Seafood
17516,seafood mussel,mussel,Seafood
17517,seafood octopus,octopus,Seafood
17518,seafood okra,okra,Vegetable
17519,seafood stock chicken,chicken,Meat
17520,seafood stock clam juice,clam juice,Beverage-Alcoholic
17521,seagram whiskey,whiskey,Beverage-Alcoholic
17522,seapak coconut shrimp,shrimp,Seafood
17523,seapak shrimp scampi,shrimp,Seafood
17524,seasame oil,oil,Additive
17525,seasame seed oil,linseed oil,Essential Oil
17526,season gourmet garlic salad dressing mix italian,salad dressing,Dish
17527,season italian dressing balsamic vinegar olive oil,italian seasoning,Plant Derivative
17528,season italian dressing salad mix,italian seasoning,Condiment
17529,season italian seasoning,italian seasoning,Herb
17530,season salad dressing mix garlic,salad dressing,Dish
17531,seasonal vegetable butternut squash carrot potato,butternut squash,Fruit
17532,seasonal vegetable zucchini green bean cabbage mushroom,green bean,Cereal
17533,seasoning broccoli seasoning,broccoli,Flower
17534,seasoning cube,spice mix,Spice
17535,seasoning from ramen noodle,pasta,Cereal
17536,seasoning herb etc,spice mix,Spice
17537,seasoning italian salad dressing mix vinegar,italian seasoning,Condiment
17538,seasoning mccormick,spice mix,Spice
17539,seasoning paprika pepper,lemon pepper,Spice
17540,seasoning pepper,lemon pepper,Spice
17541,seasoning preference,spice mix,Spice
17542,seasoning rub,spice mix,Spice
17543,seasoning sazonador seasoning,spice mix,Spice
17544,seasoning soy sauce sugar,soy sauce,Condiment
17545,seasoning worcestershire sauce,worcestershire sauce,Condiment
17546,seattle aioli,hamburger,Dish
17547,second dough,dough,Cereal
17548,secondary dashi,bonito,Dish
17550,section gingerroot,ginger,Spice
17551,seed choice,cumin,Spice
17552,seed oil nut,linseed oil,Essential Oil
17553,seed poppy optional,poppy seed,Spice
17554,seed sesame,sesame,Cereal
17555,select steak,steak,Fish
17556,selection seasonal fruit,fruit,Fruit
17557,self rising soda bread flour,self rising flour,Cereal
17558,semi de melone choice,sausage,Dish
17559,semi white wine,wine,Beverage-Alcoholic
17560,semolina bread,semolina,Cereal
17561,semolina meal,semolina,Cereal
17562,senor gordon chili mix seasoning,chili powder,Spice
17563,serrano chile seed,serrano pepper,Vegetable
17564,serrano chill honey vinegar,honey,Plant Derivative
17565,serrano pepper adjust these remember that,serrano pepper,Vegetable
17566,serrano pepper chile,serrano pepper,Vegetable
17567,serrano pepper chili,serrano pepper,Vegetable
17568,serrano pepper extra hot,serrano pepper,Vegetable
17569,serrano pepper heat,serrano pepper,Vegetable
17570,serrano pepper jalapeno lengthwise,jalapeno,Spice
17571,serrano pepper may,serrano pepper,Vegetable
17572,serrano pepper please not,serrano pepper,Vegetable
17573,serrano pepper red chili,chili pepper,Vegetable
17574,serrano pepper seed removed,serrano pepper,Vegetable
17575,serrano rice wine vinegar,rice vinegar,Additive-Vinegar
17576,serranos optional,chili pepper,Additive
17577,serranos red thai chile,chili pepper,Vegetable
17579,serving cooking spray olive oil,cooking spray,Additive
17580,serving suggestion red onion cilantro leaf lime juice,salad,Dish
17581,serving vegetable,vegetable,Vegetable
17582,serving wheat noodle,noodle,Cereal
17583,sesame butter,tahini,Dish
17584,sesame canola oil,canola oil,Plant Derivative
17585,sesame chili oil half,sesame oil,Essential Oil
17586,sesame dressing,sesame,Condiment
17587,sesame dressing kraft,sesame,Condiment
17588,sesame kaiser,sesame,Cereal
17589,sesame noodle,noodle,Cereal
17590,sesame oil ``,sesame oil,Essential Oil
17591,sesame oil be,sesame oil,Essential Oil
17592,sesame oil black,sesame oil,Essential Oil
17593,sesame oil black seed,black sesame seed,Nuts and Seeds
17594,sesame oil canola,canola oil,Plant Derivative
17595,sesame oil chicken,sesame oil,Essential Oil
17596,sesame oil chili be,sesame oil,Essential Oil
17597,sesame oil chinese hot,sesame oil,Essential Oil
17598,sesame oil choice,sesame oil,Essential Oil
17599,sesame oil dark,sesame oil,Essential Oil
17600,sesame oil extra,sesame oil,Essential Oil
17601,sesame oil optional seed,sesame,Cereal
17602,sesame oil substitute olive,olive oil,Plant Derivative
17603,sesame oil t,sesame oil,Essential Oil
17604,sesame paste water,tahini,Dish
17605,sesame peanut oil,sesame oil,Essential Oil
17606,sesame seed hamburger bun,sesame,Cereal
17607,sesame seed oil vegetable,vegetable oil,Plant Derivative
17608,sesame snack,sesame,Dish
17609,sesame surigoma,sesame,Cereal
17610,seseme oil,oil,Additive
17611,sev flour,flour,Cereal
17612,shabu chili sauce,shabu chili sauce,Condiment
17613,shake bake pork coating mix,pork,Meat
17614,shake n bake pork,pork,Meat
17615,shallot gravy,shallot,Seafood
17616,shallot salt,salt,Additive
17617,shallot vinaigrette,shallot,Seafood
17618,shan noodle,noodle,Cereal
17619,shanghai noodle egg,egg,Meat
17620,shanghai noodle water,water,Additive
17621,shank ham,ham,Meat
17622,shaoxing wine balsamic vinegar,vinegar,Plant Derivative
17623,shaoxing wine chinese rice,shaoxing wine,Beverage-Alcoholic
17625,sheep milk ricotta cheese,cheese,Dairy
17626,sheep tongue,beef,Meat
17627,shelf stable gnocchi,pasta,Cereal
17628,shell blue crab,soft shell crab,Seafood
17629,shell noodle,noodle,Cereal
17630,shell prawn,prawn,Seafood
17631,shell steak,steak,Fish
17632,shellfish stock,stock,Dish
17633,shelling bean,bean,Legume
17634,sherbet,ice cream,Beverage
17635,sherry lemon juice,lemonade,Beverage
17636,sherry vinaigrette,sherry,Beverage-Alcoholic
17637,sherry vinegar balsamic,balsamic vinegar,Additive-Vinegar
17638,sherry vinegar red wine,vinegar,Plant Derivative
17639,shiitake mushroom black,mushroom,Fungi
17640,shiitake mushroom button,mushroom,Fungi
17641,shiitake mushroom chinese,mushroom,Fungi
17642,shiitake mushroom hate,mushroom,Fungi
17643,shiitake mushroom one accurately my measuring,mushroom,Fungi
17644,shiitake mushroom shitake water,mushroom,Fungi
17645,shiitake mushroom wild,mushroom,Fungi
17646,shiritaki noodle,noodle,Cereal
17647,shishito pepper,shishito,Vegetable
17648,shiso leaf choice,mint,Herb
17649,shiso leaf see pic,mint,Herb
17650,shitake stock,stock,Dish
17651,shoe peg corn,shoepeg corn,Maize
17653,shoestring carrot vegetable,carrot,Vegetable
17654,shoku pan bread,bread,Bakery
17655,shop taco sauce,taco sauce,Condiment
17656,shortbread pie crust,crust,Bakery
17657,shortcake,shortcake,Bakery
17658,shortcrust pastry gluten,gluten,Cereal
17659,shortcrust pastry savoury,pastry,Dish
17660,shortdough pastry,pastry,Bakery
17661,shot espresso,espresso,Beverage
17662,shot mix,baking mix,Dish
17663,shot tequila,tequila,Beverage-Alcoholic
17664,shoyu soy sauce,soy sauce,Condiment
17665,shrimp bouillon,shrimp bouillon,Dish
17666,shrimp chicken breast,chicken,Meat
17667,shrimp chip,shrimp,Seafood
17668,shrimp flavor ramen,shrimp,Seafood
17669,shrimp intact,shrimp,Seafood
17670,shrimp large,shrimp,Seafood
17671,shrimp leave tail,shrimp,Seafood
17672,shrimp mince,shrimp,Seafood
17673,shrimp optional,shrimp,Seafood
17674,shrimp powder,shrimp,Seafood
17675,shrimp salad,shrimp,Seafood
17676,shrimp sauce,shrimp,Seafood
17677,shrimp segment,shrimp,Seafood
17678,shrimp soup,shrimp soup,Seafood
17680,sichuan bean sauce,black bean paste,Condiment
17681,sichuan chili flake,chili,Spice
17682,sichuan peppercorn oil,sichuan pepper oil,Plant Derivative
17683,sichuan salt pepper,pepper,Spice
17684,sicilian olive green variety,olive,Plant
17685,side pasta vegetable combination,pasta,Cereal
17686,side rib,celery,Herb
17687,sierra mist,soft drink,Beverage-Alcoholic
17688,signature apple crumb muffin,apple,Fruit
17689,signature secret culinary thickener,wheat flour,Additive
17691,silk soy coffee creamer,soy milk,Plant Derivative
17693,silver decorating candy,candy,Additive
17694,silver foil,chard,Vegetable
17695,silver hake,chard,Vegetable
17696,silver percent agave tequila,tequila,Beverage-Alcoholic
17697,silver rum,silver rum,Beverage-Alcoholic
17698,silver tequila patron,tequila,Beverage-Alcoholic
17699,silver tequila white,tequila,Beverage-Alcoholic
17700,silver vark,chard,Vegetable
17701,simple beef mixture,beef,Meat
17702,simple syrup below,simple syrup,Additive
17703,simple syrup mix equal water sugar,syrup,Plant Derivative
17704,simple syrup optional,simple syrup,Additive
17705,simple syrup sugar juice,syrup,Plant Derivative
17706,simple syrup sugar water,syrup,Plant Derivative
17707,simple wahoo,simple syrup,Additive
17708,simplest tomato sauce ever,tomato sauce,Condiment
17709,sinamak,sinamak,Additive
17710,singapore noodle,noodle,Cereal
17711,singhara flour,flour,Cereal
17712,single cream double,cream,Dairy
17713,single cream optional,cream,Dairy
17714,single malt,single malt scotch,Beverage-Alcoholic
17715,single malt scotch whisky,single malt scotch,Beverage-Alcoholic
17716,single pie pastry,pie pastry,Bakery
17717,single strength beef broth,beef broth,Meat
17718,single trifle sponge cake,sponge cake,Bakery
17719,sipa noodle,noodle,Cereal
17720,siracha sauce,sauce,Additive
17721,siracha sauce per carne asada,sauce,Additive
17722,siriracha hot sauce,sauce,Additive
17723,sirloin beef tip meat,beef,Meat
17724,sirloin grain,sirloin steak,Meat
17725,sirloin grill,sirloin steak,Meat
17726,sirloin meat chicke,sirloin steak,Meat
17727,sirloin steak beef be,beef,Meat
17728,sirloin steak filet mignon,beef,Meat
17729,sirloin steak gristle,sirloin steak,Meat
17730,sirloin steak one,sirloin steak,Meat
17731,sister cinnamon swirl bread,cinnamon roll,Bakery
17733,skewer bamboo,bamboo shoot,Plant
17736,skin almond,almond,Nuts and Seeds
17738,skin chicken breast half,chicken,Meat
17739,skin duck breast half,duck,Meat
17740,skin pork shoulder roast,pork,Meat
17741,skin roast,chicken,Meat
17742,skippy peanut butter,peanut butter,Additive
17743,skirt,skirt steak,Meat
17744,skirt steak carne asada,skirt steak,Meat
17745,skor chip,biscuit,Bakery
17746,sl bread,bread,Bakery
17747,slab baby back pork rib,pork,Meat
17748,slab fish cake,cake,Dish
17749,slaw,broccoli slaw,Flower
17750,slaw mix,coleslaw,Dish
17751,slider bun,hamburger,Bakery
17752,slightly egg yolk,egg,Meat
17753,sloe,sloe gin,Beverage-Alcoholic
17754,smart balance omega cooking oil,cooking oil,Additive
17755,smith pie crust,crust,Bakery
17756,smokehouse almond,almond,Nuts and Seeds
17757,smokey horseradish sauce,sauce,Additive
17758,smokies sausage hot dog,sausage,Dish
17760,smoking vegetable oil,vegetable oil,Plant Derivative
17762,smoky ancho sauce,barbecue sauce,Condiment
17763,smoky barbeque sauce,barbecue sauce,Condiment
17764,smoky bbq sauce,barbecue sauce,Condiment
17765,smoky seasoning,spice mix,Spice
17766,smoky tomato vinaigrette,tomato vinaigrette,Additive
17767,smoky whiskey,whiskey,Beverage-Alcoholic
17768,smucker apricot preserve,fruit preserves,Fruit
17769,smucker no sugar,sugar,Additive
17770,smucker simple delight chocolate coconut topping,chocolate,Plant Derivative
17771,smucker tart cherry preserve,cherry tart,Fruit
17772,smuckers strawberry jam,strawberry jam,Fruit
17773,snack cracker,biscuit,Bakery
17774,snack mix,snack mix,Dish
17775,snail butter,butter,Dairy
17776,snail dozen,snails,Seafood
17777,snail hi,snails,Seafood
17778,snake gourd,bitter gourd,Fruit
17779,snap e tom tomato green chile mix,spice mix,Spice
17780,snapper fillet,red snapper,Fish
17781,sneaky chef make ahead white puree,sauce,Additive
17782,snow pea crosswise,pea,Legume
17783,snow pea sprout shoot,pea,Legume
17784,snow pea sprout sunflower,pea,Legume
17785,soap flake,parsley,Spice
17786,soba noodle buckwheat wheat spaghetti,spaghetti,Cereal
17787,soba noodle hair pasta,pasta,Cereal
17788,soba noodle ramen work great,noodle,Cereal
17789,soba noodle vermicelli,noodle,Cereal
17790,social tea biscuit graham wafer,tea biscuits,Bakery
17791,soda cracker breadcrumb,bread crumb,Bakery
17793,sodapop up,soft drink,Meat
17794,sofrito sauce cilantro,sofrito sauce,Condiment
17795,sofrito sauce onion,sofrito sauce,Condiment
17796,sofrito sauce own,sofrito sauce,Condiment
17797,sole total weight,sole,Fish
17798,solo brand filling,almond paste,Dish
17799,solo brand nut,nut,Nuts and Seeds
17800,solo fruit filling,fruit,Dish
17801,somali sauce,sauce,Additive
17802,some coriander,coriander,Herb
17803,some italian seasoning,italian seasoning,Herb
17804,some kind meat italian,meat,Meat
17805,somerset red onion,red onion,Vegetable
17806,sopes,tortilla,Dish
17807,soppressata italian salami,salami,Fish
17808,soppressata salami,salami,Fish
17809,sorbet,ice cream,Dish
17810,sorbet passionfruit,passion fruit,Fruit
17811,sorghum syrup,sweet sorghum syrup,Additive
17812,sort fish,fish,Fish
17813,soul food seasoning,seasoning,Spice
17814,soup campbell beef broth bouillon,beef broth,Meat
17815,soup flavoring,soup,Dish
17816,soup ham,ham,Meat
17817,soup marrow,soup,Dish
17818,soup mix pearl barley,pearl barley,Beverage-Alcoholic
17819,soup stock veggie,soup stock,Dish
17820,sourdough bread cube,bread,Dish
17821,sourdough bread grain,bread,Dish
17822,sourdough bread overnight,bread,Dish
17823,sourdough bread vienna,bread,Dish
17824,sourdough bread white,bread,Bakery
17825,sourdough cocktail bread,bread,Dish
17826,sourdough pretzel,bread,Bakery
17827,sourdough pretzel nugget,bread,Bakery
17828,sourdough rye bread,bread,Dish
17830,southern brown potato,hash brown,Dish
17831,southern comfort jack,whiskey,Beverage-Alcoholic
17832,southern cream pea,pea,Legume
17833,southern hash brown,hash brown,Dish
17834,southwest chipotle seasoning mix,seasoning,Spice
17835,southwest marinade seasoning,seasoning,Spice
17836,southwest sauce,sauce,Additive
17837,southwest seasoning chef,seasoning,Spice
17838,southwest seasoning garlic powder,garlic,Herb
17839,southwest seasoning mexican seasoning,seasoning,Spice
17840,southwest spicy seasoning,seasoning,Spice
17841,southwest vegetable,vegetable,Vegetable
17842,southwest vegetable corn,corn,Maize
17843,southwestern hash brown potato,hash brown,Dish
17844,southwestern vegetable,vegetable,Vegetable
17845,souvlaki marinade,chicken,Dish
17846,souvlaki pita bread,bread,Bakery
17847,soy bean,soy bean,Legume
17848,soy braised pork belly,braised pork belly,Meat
17849,soy burger crumbles,vegetable,Vegetable
17850,soy chunk,soy chunk,Plant Derivative
17851,soy flour breadcrumb,soy flour,Plant Derivative
17852,soy flour brown rice,brown rice,Cereal
17853,soy flour cracker crumb,soy flour,Plant Derivative
17854,soy ginger,ginger,Spice
17855,soy ginger broth,ginger,Condiment
17856,soy ginger salad dressing,salad dressing,Dish
17857,soy grit,soy grit,Cereal
17858,soy ham,ham,Meat
17859,soy milk creamer,non dairy creamer,Plant Derivative
17860,soy miso,soy miso,Plant Derivative
17861,soy nut,nut,Nuts and Seeds
17862,soy nut optional,nut,Nuts and Seeds
17863,soy protein flake,soy protein,Plant Derivative
17864,soy protein powder,soy protein,Plant Derivative
17865,soy vermicelli,soy vermicelli,Plant Derivative
17866,soy yogurt coconut,yogurt,Dairy
17867,soya cream,cream,Dairy
17868,soya margarine,soy margarine,Additive
17869,soyabean nugget,soybean,Plant Derivative
17870,soybean chili paste,chili oil,Plant Derivative
17871,soybean paste market,soybean paste,Plant Derivative
17872,soybean sauce,sauce,Additive
17873,spaghetti cappelini,spaghetti,Cereal
17874,spaghetti creamette,spaghetti,Cereal
17875,spaghetti pasta,spaghetti,Cereal
17876,spaghetti sauce basil,tomato sauce,Condiment
17877,spaghetti sauce beef,tomato sauce,Condiment
17878,spaghetti sauce choice,tomato sauce,Condiment
17879,spaghetti sauce extra,tomato sauce,Condiment
17880,spaghetti sauce garlic basil flavor,tomato sauce,Condiment
17881,spaghetti sauce home,tomato sauce,Condiment
17882,spaghetti sauce hunt traditional flavor,tomato sauce,Condiment
17883,spaghetti sauce italian sausage pepper pasta,italian sausage,Meat
17884,spaghetti sauce marinara,tomato sauce,Condiment
17885,spaghetti sauce meat version,tomato sauce,Condiment
17886,spaghetti sauce mix ingredient,tomato sauce,Condiment
17887,spaghetti sauce monte green pepper mushroom,mushroom,Condiment
17888,spaghetti sauce more,tomato sauce,Condiment
17889,spaghetti sauce not chunky,tomato sauce,Condiment
17890,spaghetti sauce note below,tomato sauce,Condiment
17891,spaghetti sauce pepper,pepper sauce,Condiment
17892,spaghetti sauce seasoning,tomato sauce,Condiment
17893,spaghetti sauce sugar,tomato sauce,Condiment
17894,spaghetti squash lengthwise,spaghetti squash,Fruit
17895,spaghetti wheat,spaghetti,Cereal
17896,spaghettini hair pasta,capellini,Cereal
17897,spanish alcaparrado,yellow onion,Vegetable
17898,spanish blue cheese,cheese,Dairy
17899,spanish chorizo hard mexican,pork,Meat
17900,spanish chorizo link,spanish chorizo,Meat
17901,spanish chorizo sausage link,spanish chorizo,Meat
17902,spanish cristianos y moro,beans,Legume
17903,spanish manzanilla olive,olive,Plant
17904,spanish marcona almond,almond,Nuts and Seeds
17905,spanish paella rice,spanish rice,Cereal
17906,spanish piquillo pepper make,pepper,Spice
17907,spanish red pepper,capsicum,Vegetable Fruit
17908,spanish red wine,wine,Beverage-Alcoholic
17909,spanish saffron,saffron,Spice
17910,spanish salami,salami,Fish
17911,spanish serrano ham,serrano ham,Meat
17912,spanish sparkling wine,wine,Beverage-Alcoholic
17913,sparerib apart,spare ribs,Meat
17914,sparerib pork chop,pork,Meat
17915,sparkling apple juice,apple juice,Fruit
17916,sparkling lemonade,lemonade,Beverage
17917,sparkling mineral water,carbonated water,Beverage
17918,sparkling orange soda,orange,Fruit
17919,sparkling rose wine,wine,Beverage-Alcoholic
17920,sparkling rose wine champagne,wine,Beverage-Alcoholic
17921,sparkling shiraz wine,wine,Beverage-Alcoholic
17922,sparkling wine champagne,wine,Beverage-Alcoholic
17923,sparkling wine prosecco,wine,Beverage-Alcoholic
17924,spatini spaghetti sauce mix,tomato sauce,Condiment
17925,spearmint decorative candy,spearmint,Herb
17926,spearmint herbal tea,tea,Plant
17927,special sauce,sauce,Additive
17928,specialty soup substitute cream,cream,Dairy
17929,speculoos biscuit ginger cracker,ginger,Spice
17930,spekulatius cookie crumb,amaretti di saronno,Dish
17931,spelt berry,berry,Berry
17932,spelt berry flour,flour,Cereal
17933,spelt farro,wheat,Cereal
17934,spelt grain,white rice,Cereal
17935,spelt natural bran,wheat,Cereal
17936,spice chicken bouillon,bouillon cube,Meat
17937,spice eastern market,spice mix,Spice
17938,spice garlic powder,garlic,Herb
17939,spice hot,spice mix,Spice
17940,spice indian chili powder,chili powder,Spice
17941,spice injection mixture,spice mix,Spice
17942,spice khmeli suneli,spice mix,Spice
17943,spice mixture,spice mix,Spice
17944,spice paprika masala optional,spice mix,Spice
17945,spice ratio cinnamon cardamon,cinnamon,Additive
17946,spice seasoning mix,allspice,Spice
17947,spice taco seasoning,allspice,Spice
17948,spicey marinara sauce,marinara sauce,Condiment
17949,spicy barbecue sauce,barbecue sauce,Condiment
17950,spicy bbq sauce,sauce,Additive
17951,spicy bean dip,sauce,Additive
17952,spicy bean jalapeno,jalapeno,Spice
17953,spicy bean paste,sauce,Additive
17954,spicy beef flavor ramen noodle,noodle,Cereal
17955,spicy black bean sauce,black bean paste,Condiment
17956,spicy bloody mary mix,allspice,Beverage
17957,spicy bratwurst,sausage,Dish
17958,spicy brown bean sauce,black bean paste,Condiment
17959,spicy bulk breakfast sausage,pork,Meat
17960,spicy cabbage kimchi,cabbage,Vegetable
17961,spicy cajun pasta sauce,sauce,Additive
17962,spicy cheese,cheese,Dairy
17963,spicy chili pepper flake,chili,Spice
17964,spicy chip,chili chip,Bakery
17965,spicy chipotle beef burrito taco,beef,Meat
17966,spicy chunky salsa,salsa,Condiment
17967,spicy clamato juice,spinach,Vegetable
17968,spicy corn chip,corn chip,Bakery
17969,spicy cucumber relish,cucumber,Gourd
17970,spicy curry powder,spice mix,Spice
17971,spicy curry sauce,tomato sauce,Condiment
17972,spicy dip,spicy mustard,Condiment
17973,spicy habanero jelly,habanero jelly,Additive
17974,spicy italian pasta sauce,sauce,Additive
17975,spicy italian salami,italian sausage,Meat
17976,spicy italian seasoning,allspice,Herb
17977,spicy italian soy sausage,italian sausage,Meat
17978,spicy italian turkey,italian sausage,Meat
17979,spicy italian turkey sausage,italian sausage,Meat
17980,spicy italian vegetarian sausage,italian sausage,Meat
17981,spicy lentil,lentil,Legume
17982,spicy marinara sauce own,marinara sauce,Condiment
17983,spicy mccormick,spicy mustard,Condiment
17984,spicy nacho doritos,spicy mustard,Condiment
17985,spicy oil chili be,chili oil,Plant Derivative
17986,spicy pasta sauce,sauce,Additive
17987,spicy peanut,peanut sauce,Nuts and Seeds
17988,spicy peanut dipping sauce,peanut sauce,Nuts and Seeds
17989,spicy pesto,pesto,Herb
17990,spicy red chile pepper,red chili pepper,Vegetable
17991,spicy red chili powder,red chili powder,Spice
17992,spicy rice cereal,cereal,Cereal
17993,spicy salad dressing,salad dressing,Dish
17994,spicy salad seasoning,allspice,Spice
17995,spicy salsa verde,salsa verde,Condiment
17996,spicy sausage dean,sausage,Dish
17997,spicy sausage hamburger,sausage,Dish
17998,spicy sausage italian,italian sausage,Meat
17999,spicy sausage link,sausage,Dish
18000,spicy seafood sauce,tomato sauce,Condiment
18001,spicy seasoning,allspice,Spice
18002,spicy seasoning mix salt,allspice,Spice
18003,spicy shake n bake,allspice,Meat
18004,spicy spaghetti sauce classico,tomato sauce,Condiment
18005,spicy spaghetti seasoning,allspice,Spice
18006,spicy szechuan oil,sichuan pepper oil,Plant Derivative
18007,spicy taco sauce,taco sauce,Condiment
18008,spicy tempeh,tempeh,Plant
18009,spicy teriyaki sauce,teriyaki sauce,Condiment
18010,spicy thai kettle chip,potato chip,Bakery
18011,spicy tomato,tomato,Vegetable
18012,spicy tomato soup,tomato soup,Dish
18013,spike seasoning purpose seasoning,allspice,Spice
18014,spike seasoning seasoning,allspice,Spice
18015,spinach cheese tortellini,tortellini,Dish
18016,spinach cheese tortellini buitoni,tortellini,Dish
18017,spinach farfalle pasta,farfalle,Cereal
18018,spinach lasagna noodle,cannelloni,Cereal
18019,spinach leaf basil,basil,Herb
18020,spinach leaf chicken,spinach,Vegetable
18021,spinach leaf liquid,spinach,Vegetable
18022,spinach leaf out,spinach,Vegetable
18023,spinach leaf torn,spinach,Vegetable
18024,spinach pasta dough,spinach,Vegetable
18025,spinach ravioli,spinach,Vegetable
18026,spinach ricotta tortellini barilla,spinach,Vegetable
18027,spinach rotini pasta,tortellini,Cereal
18028,spiny lobster tail,lobster,Seafood
18029,spiral noodle,noodle,Cereal
18030,spiral veggie pasta,rotini,Cereal
18032,splash grenadine,cocktail,Beverage
18033,splash tequila,tequila,Beverage-Alcoholic
18034,splenda,sugar substitute,Vegetable
18035,sponge cake base,sponge cake,Bakery
18036,sponge cake lemon,sponge cake,Bakery
18038,spoon roast,roast beef,Meat
18039,spot prawn,prawn,Seafood
18040,spray varnish,cooking spray,Additive
18042,spread vanilla frosting,vanilla,Condiment
18043,spreadable cheese herb,cheese,Dairy
18044,spreadable herb cheese,cheese,Dairy
18045,spreadable pork,pork,Meat
18046,sprig bay leaf,bay leaf,Plant
18047,sprig cilantro,coriander,Herb
18048,sprig lavender flower,lavender,Flower
18049,sprig lemon,lemon,Fruit
18050,sprig mint,mentha,Herb
18051,sprig salad burnet,salad,Dish
18052,sprig thyme,thyme,Herb
18053,spring baby artichoke,artichoke,Flower
18054,spring cabbage,cabbage,Vegetable
18055,spring chicken,chicken,Meat
18056,spring green baby leek,baby leek,Vegetable
18057,spring lettuce mix,lettuce,Vegetable
18058,spring mix salad green,green salad,Vegetable
18059,spring onion green,scallion,Herb
18061,spring pastry dough,dough,Bakery
18062,spring vegetable soup mix,onion soup,Dish
18063,spring vidalia onion,scallion,Herb
18065,spring wrapper not egg,egg,Meat
18068,sprout clover,alfalfa,Vegetable
18069,sprout e,bean sprout,Legume
18070,sprout optional,bean sprout,Legume
18071,square banana leaf,banana,Fruit
18072,square bean,bean,Legume
18073,square bread wheat,bread,Bakery
18075,square egg wrap,egg,Meat
18076,square noodle,noodle,Cereal
18077,square pot pie noodle,noodle,Cereal
18078,square shortbread cooky,amaretti di saronno,Dish
18079,squash baby food,squash,Dish
18080,squash baby food carrot,baby carrot,Vegetable
18081,squash puree,squash,Fruit
18082,squash seed,squash,Nuts and Seeds
18083,squeeze lemon juice,lemonade,Beverage
18084,squeeze orange juice,orange juice,Fruit
18085,squid meat,squid,Seafood
18086,squirt italian salad dressing,italian dressing,Condiment
18087,sriracha asian garlic sauce chili oil,sauce,Additive
18088,sriracha garlic red chile paste,sauce,Additive
18089,sriracha pepper sauce,pepper sauce,Condiment
18090,sriracha spicy chili garlic sauce,sauce,Additive
18091,ssamjang,ssamjang,Condiment
18092,ssamjang dipping sauce,sauce,Additive
18093,stack saltine cracker,saltine cracker,Bakery
18094,stadium bratwurst,sausage,Dish
18095,standing rib roast ask butcher,beef,Meat
18096,star balsamic vinegar,balsamic vinegar,Additive-Vinegar
18097,star caper,caper,Fruit
18098,star extra virgin olive oil,olive oil,Plant Derivative
18099,star garlic red wine vinegar,red wine vinegar,Beverage-Alcoholic
18100,star pasta,pasta,Cereal
18101,star spanish olive,olive,Plant
18102,starbucks coffee liqueur,liquor,Beverage-Alcoholic
18103,starbucks espresso,espresso,Beverage
18104,starbucks french roast,coffee,Beverage Caffeinated
18106,stash brand licorice spice herbal tea,tea,Plant
18107,steak be,steak,Fish
18108,steak beef,beef,Meat
18109,steak blade,steak,Fish
18110,steak chicken successfully,chicken,Meat
18111,steak chuck roast,chuck roast,Dish
18112,steak french fry,french fries,Dish
18113,steak kamto,steak,Fish
18114,steak lengthwise grain,beef,Meat
18115,steak meat instead,steak,Fish
18116,steak meat mallet heavy,steak,Fish
18117,steak moroccan spice,allspice,Spice
18118,steak mushroom,mushroom,Fungi
18119,steak rib eye,rib eye steak,Meat
18120,steak salt pepper,steak,Spice
18121,steak seasoning beef stock cube,cube steak,Meat
18122,steak sirloin,sirloin steak,Meat
18123,steak soy sauce,soy sauce,Condiment
18124,steak strip,steak,Fish
18125,steak tenderloin,beef,Meat
18126,steak total,steak,Fish
18127,steak tri tip,steak,Meat
18128,steak ums,steak,Fish
18129,steak usually,steak,Fish
18130,steakhouse lite ranch sauce optional,ranch sauce,Condiment
18131,steam chinese noodle,noodle,Cereal
18132,steamer pea pod,pea,Legume
18133,stella doro almond toast cooky,almond,Nuts and Seeds
18134,stella doro anisette toast,anise,Spice
18135,stem chive edible flower,chive,Flower
18136,stem ginger,ginger,Spice
18137,stem lettuce,lettuce,Vegetable
18138,stevia extract,sugar substitute,Vegetable
18139,stevia truvia,sugar substitute,Vegetable
18140,stew hard vegetable,stew vegetable,Vegetable
18141,stew meat beef shank,beef,Meat
18142,stew meat half beef pork,beef,Meat
18143,stew meat mix,stew meat,Meat
18144,stew meat onion green pepper c,stew meat,Vegetable
18145,stew meat salt pepper,stew meat,Spice
18146,stew meat stock,stew meat,Meat
18147,stew seasoning,allspice,Spice
18148,stew vegetable broccoli,stew vegetable,Vegetable
18150,stewing fowl,beef,Meat
18151,stewing mutton,beef,Meat
18152,stewing pork,pork,Meat
18153,stewing steak,steak,Fish
18154,stiff whipping cream,whipped cream,Dairy
18155,stir fry,bread,Dish
18156,stir fry baby corn,baby corn,Maize
18157,stir fry ingredient,vegetable,Vegetable
18158,stir fry noodle,noodle,Cereal
18159,stir fry rice noodle peanut,noodle,Cereal
18160,stir garlic sauce,sauce,Additive
18161,stir meat,meat,Meat
18162,stir pea,pea,Legume
18163,stir pepper,pepper,Spice
18164,stir water chestnut mushroom,water chestnut,Vegetable
18165,stirfry vegetable,vegetable,Vegetable
18166,stock beef cube,beef stock,Meat
18167,stock boullion,stock,Dish
18168,stock chicken cube salt,chicken,Meat
18169,stock chicken rabbit,chicken,Meat
18170,stock cube chicken powder,chicken,Meat
18171,stock cube vegan version,lamb,Meat
18172,stock dashi,dashi,Dish
18173,stock do n't,stock,Dish
18174,stock extra,stock,Dish
18175,stock fish,fish bouillon,Fish
18176,stock not vegetarian,stock,Dish
18177,stock tomato soup,tomato soup,Dish
18178,stock vegetable chicken,chicken,Meat
18179,stock wonton powder base,chicken,Meat
18180,stokes green chile sauce pork,tortilla,Dish
18181,stolichnaya raspberry vodka,vodka,Beverage-Alcoholic
18182,stone crab claw,crab,Seafood
18183,stone white cornmeal,cornmeal,Maize
18184,stoofvlees seasoning,allspice,Spice
18185,storebought mole woolfe,mole sauce,Condiment
18186,storebought potato gnocchi,dumpling,Dish
18187,stouffer beef kept,beef,Meat
18188,stove chicken flavor mix,chicken,Meat
18189,stove turkey mix,turkey,Meat
18190,straight wok noodle,noodle,Cereal
18191,strap licorice,pepper,Spice
18192,strawberry applesauce,strawberry,Fruit
18193,strawberry banana greek yogurt,greek yogurt,Dairy
18194,strawberry compote,strawberry compote,Dish
18195,strawberry custard,strawberry custard,Dish
18196,strawberry daiquiri mix,strawberry,Fruit
18197,strawberry flavoring banana,banana,Fruit
18198,strawberry freezer jam,strawberry jam,Fruit
18199,strawberry fruit,strawberry,Fruit
18200,strawberry fruit preserve raspberry,fruit preserves,Fruit
18201,strawberry fruit raspberry,jam,Fruit
18202,strawberry ice cream topping sauce,strawberry ice cream,Dish
18203,strawberry jam glaze,strawberry jam,Fruit
18204,strawberry jam jelly,strawberry jam,Fruit
18205,strawberry jam preserve,strawberry jam,Fruit
18206,strawberry lengthwise,strawberry,Fruit
18207,strawberry margarita mix,margarita,Dish
18208,strawberry nectar,strawberry,Fruit
18209,strawberry pie filling,cherry pie,Dish
18210,strawberry pineapple salsa,strawberry salsa,Condiment
18211,strawberry red licorice,strawberry,Fruit
18212,strawberry sorbet,strawberry,Fruit
18213,strawberry tomato,tomato,Vegetable
18214,strawberry vodka,strawberry vodka,Beverage-Alcoholic
18215,strawberry wine,strawberry,Fruit
18216,strip green bell pepper,capsicum,Vegetable Fruit
18217,strip leave,bacon,Meat
18218,strip rutabaga,rutabaga,Vegetable
18219,struesel topping,cake,Dish
18220,stuffing mix bread,bread,Bakery
18221,stuffing mix bread crumb,bread,Bakery
18222,stuffing mix garlic,bread,Bakery
18223,stuffing mix sage onion,onion,Vegetable
18224,stuffing mushroom,mushroom,Fungi
18225,sturdy cookie pop,biscuit,Bakery
18226,sturdy pumpkin bread,pumpkin,Fruit
18227,sturdy rustic bread chunk,bread,Bakery
18228,su seasoning,allspice,Spice
18229,suash seed,cumin,Spice
18230,sub bun,hamburger,Bakery
18231,sub french bread,baguette,Bakery
18232,sub italian bread,bread,Bakery
18233,submarine lengthwise,cucumber,Gourd
18234,submarine sandwich bread,bread,Bakery
18235,submarine sandwich bun,bread,Bakery
18236,substitute canola oil,canola oil,Plant Derivative
18237,substitute cinnamon almond,cinnamon,Additive
18238,substitute mackerel,salmon,Fish
18239,substitute vegetable oil,vegetable oil,Plant Derivative
18240,sufficient oil,oil,Additive
18241,sugar baby carrot,baby carrot,Vegetable
18242,sugar bean salt,bean,Legume
18243,sugar butternut,sugar,Additive
18244,sugar butternut squash,butternut squash,Fruit
18245,sugar butterscotch pudding,butterscotch pudding,Dish
18246,sugar cake,sugar,Additive
18247,sugar candy,sugar,Additive
18248,sugar chai latte mix,sugar,Additive
18249,sugar cherry gelatin,cherry gelatin,Additive
18250,sugar chocolate,sugar,Additive
18251,sugar chocolate cake mix,cake,Dish
18252,sugar chunky peanut butter,peanut butter,Additive
18253,sugar cookie,sugar,Additive
18254,sugar cooky,sugar,Additive
18255,sugar crystal orange,orange,Additive-Sugar
18256,sugar cure,sugar,Additive
18257,sugar custard,sugar,Additive
18258,sugar edible flower,borage,Flower
18259,sugar french vanilla coffee,vanilla sugar,Additive-Sugar
18260,sugar french vanilla pudding pie filling mix,vanilla pudding,Dish
18261,sugar fruit preserve,fruit preserve,Fruit
18262,sugar ginger ale,ginger ale,Beverage-Alcoholic
18263,sugar grape jelly,grape,Fruit
18264,sugar green,sugar,Additive
18265,sugar honey,sugar,Additive
18266,sugar jam peanut butter,peanut butter,Additive
18267,sugar lemon jell o powder,lemon jelly,Essential Oil
18268,sugar lime gelatin,lime gelatin,Additive
18269,sugar loaf,sugar,Additive
18270,sugar marzipan carrot,sugar,Additive
18271,sugar ok,sugar,Additive
18272,sugar orange beverage,soft drink,Additive-Sugar
18273,sugar orange jello,orange,Additive-Sugar
18274,sugar organic apple juice,apple juice,Fruit
18275,sugar pancake syrup,syrup,Plant Derivative
18276,sugar pastry dough,bread,Bakery
18277,sugar pea pod,pea,Legume
18278,sugar peach gelatin mix,peach gelatin,Additive
18279,sugar pearl cube,sugar,Additive
18280,sugar pectin,sugar,Additive
18281,sugar peppermint mini candy,candy,Additive
18282,sugar pineapple juice,pineapple,Beverage
18283,sugar pink,sugar,Additive
18284,sugar pistachio pudding mix,pistachio pudding,Dish
18285,sugar pumpkin puree,pumpkin soup,Fruit
18286,sugar raspberry jam,fruit preserve,Fruit
18287,sugar salsa,sauce,Additive
18288,sugar spaghetti sauce,tomato sauce,Condiment
18289,sugar spice nut,cinnamon,Nuts and Seeds
18290,sugar splenda,sugar substitute,Vegetable
18291,sugar strawberry,sugar,Additive
18292,sugar strawberry gelatin,strawberry gelatin,Additive
18293,sugar strawberry ice cream topping,strawberry ice cream,Dish
18294,sugar strawberry preserve,strawberry preserve,Fruit
18295,sugar syrup butterworth,syrup,Plant Derivative
18296,sugar syrup not,syrup,Plant Derivative
18297,sugar syrup torani,syrup,Plant Derivative
18298,sugar tea mix lemon,tea,Dish
18299,sugar teriyaki sauce,teriyaki sauce,Condiment
18300,sugar twin,sugar,Additive
18301,sugar vanilla ice cream,vanilla ice cream,Dish
18302,sugar vanilla syrup davinci,syrup,Plant Derivative
18303,sugar white cake mix,cake,Dish
18304,sugar white chocolate pudding mix,chocolate pudding,Dish
18305,sugar yellow cake mix,cake,Dish
18306,sukiyaki ingredient,meat,Meat
18307,sultana natural bran,sultana,Fruit
18308,summer,summer savory,Herb
18309,summer savory chubritsa,summer savory,Herb
18310,summer squash corn carrot,summer squash,Fruit
18311,summer squash crosswise,summer squash,Fruit
18312,summer squash zucchini yellow,zucchini,Fruit
18313,sun cherry,sun dried cherry,Fruit
18314,sun italy italian seasoning,italian seasoning,Herb
18315,sun luck chili garlic sauce,hot sauce,Condiment
18316,sun pasta sauce,sauce,Additive
18317,sun tomato italian herb,tomato,Herb
18318,sun tomato kalamata olive tapenade,tomato,Dish
18319,sun tomato oregano salad dressing,salad dressing,Dish
18320,sun tomato tortilla,tortilla,Dish
18321,sunday gravy,gravy,Dish
18322,sunday gravy meatball,meatball,Dish
18323,sunfloer oil,oil,Additive
18324,sunflower kernel,sunflower seed,Plant Derivative
18325,sunflower oil butter,sunflower oil,Plant Derivative
18326,sunflower oil canola,canola oil,Plant Derivative
18327,sunflower oil chicken meat,chicken,Meat
18328,sunflower oil choice,sunflower oil,Plant Derivative
18329,sunflower oil cooking,cooking oil,Additive
18330,sunflower oil corn,corn oil,Maize
18331,sunflower oil olive mayo,olive oil,Plant Derivative
18332,sunflower oil pork,sunflower oil,Plant Derivative
18333,sunflower seed butter nutella,sunflower seed,Plant Derivative
18334,sunflower seed kernel,sunflower seed,Nuts and Seeds
18335,sunflower sesame butter,tahini,Dish
18336,sunflwer oil,oil,Additive
18337,sunfower oil,oil,Additive
18338,sunny delight orange,orange,Fruit
18339,super corn,corn,Maize
18340,super gelling sugar,powdered sugar,Additive-Sugar
18341,super moist french vanilla cake mix,cake,Dish
18342,super moist white cake mix,cake,Dish
18343,super stuffer taco shell,taco shell,Bakery
18344,super white corn,white corn,Maize
18345,superfine sugar green,powdered sugar,Additive-Sugar
18346,superfine sugar optional,powdered sugar,Additive-Sugar
18347,supermarket italian bread,bread,Bakery
18348,supreme seasoning,spice mix,Spice
18349,suran yam,yam,Vegetable
18350,sushi ginger,ginger,Spice
18351,sushi grade ahi tuna,tuna,Fish
18352,sushi grade tuna,tuna,Fish
18353,sushi rice seasoning,spice mix,Spice
18354,sushi seasoning,spice mix,Spice
18355,swai fillet,fish,Fish
18356,swanson beef onion broth,beef broth,Meat
18357,swanson beef stock,beef stock,Meat
18358,swanson vegetable broth,vegetable broth,Dish
18359,swanson vegetable broth boost,vegetable broth,Dish
18360,swedish arrack punsch,liqueur,Beverage-Alcoholic
18361,swedish brown bean,bean,Legume
18362,swedish fish candy,candy,Fish
18363,swedish meatball crosswise,meatball,Dish
18364,sweetener,sugar substitute,Vegetable
18365,swimming crab,crab,Seafood
18366,swiss,cheese,Dairy
18367,swiss brown mushroom,mushroom,Fungi
18368,swiss chard rib,green vegetable,Vegetable
18369,swiss chard together,green vegetable,Vegetable
18370,swiss chocolate cake mix devil food,devil's food cake,Dish
18371,swiss miss mix,cheese,Dairy
18372,swiss provolone cheese mix,cheese,Dairy
18373,swiss steak,steak,Fish
18374,syrian cheese,cheese,Dairy
18375,syrup corn,corn syrup,Maize
18376,syrup fig,syrup,Plant Derivative
18377,syrup juice,syrup,Plant Derivative
18378,syrup monin,syrup,Plant Derivative
18379,syrup olive garden italian flavor,syrup,Plant Derivative
18380,sysco ham soup base,ham,Meat
18381,szechuan chili paste,chili oil,Plant Derivative
18382,szechuan peppercorn black pepper,pepper,Spice
18383,szechuan peppercorn oil,sichuan pepper oil,Plant Derivative
18384,szechuan sauce chili paste,chili paste,Condiment
18385,szechuan seasoning,spice mix,Spice
18386,szechuan seasoning peppercorn 'm content va,sichuan pepper,Spice
18387,szechuan seasoning spicy,spice mix,Spice
18388,szechuan spicy bean paste,sauce,Additive
18389,szechuan stir fry sauce,sauce,Additive
18390,szechwan,sichuan pepper,Spice
18391,szechwan bean sauce,sauce,Additive
18392,szechwan chili paste garlic,chili oil,Plant Derivative
18393,szechwan peanut sauce,peanut sauce,Nuts and Seeds
18394,szechwan peppercorn,sichuan pepper,Spice
18395,szechwan seasoning,spice mix,Spice
18396,szechwan seasoning chili pepper,chili,Spice
18397,szechwan stir fry sauce,sauce,Additive
18398,szechwan vegetable,vegetable,Vegetable
18399,t bloody mary mix,spice mix,Spice
18400,t steak,steak,Fish
18401,tabasco brand chipolte pepper sauce,tabasco sauce,Condiment
18402,tabasco garlic pepper sauce,tabasco sauce,Condiment
18403,tabbouleh salad mix,olive salad,Dish
18404,tabil,spice mix,Spice
18405,tabil see,spice mix,Spice
18406,tabil traditional tunisian spice mix,spice mix,Spice
18407,table cream milk cheese,cheese,Dairy
18408,table cream sub whipping,whipped cream,Dairy
18409,table seasoning,spice mix,Spice
18410,taco beef,beef,Meat
18411,taco bell,taco,Dish
18412,taco bell bean,taco,Condiment
18413,taco bell fajita seasoning mix,spice mix,Spice
18414,taco bell home kit,taco,Dish
18415,taco dinner kit,taco,Dish
18416,taco filling,vegetable,Vegetable
18417,taco flavor doritos,taco,Dish
18418,taco matter,taco,Dish
18419,taco meat beef,beef,Meat
18420,taco meat filling,meat,Meat
18421,taco salad shell,taco shell,Bakery
18422,taco sauce chicken,taco sauce,Condiment
18423,taco sauce heat,taco sauce,Condiment
18424,taco sauce heat ness,taco sauce,Condiment
18425,taco sauce red,taco sauce,Condiment
18426,taco sauce red enchilada,mole sauce,Condiment
18427,taco sauce salsa,taco sauce,Condiment
18428,taco sauce seasoning,sauce,Additive
18429,taco seasoning bell,spice mix,Spice
18430,taco seasoning bulk seasoning,spice mix,Spice
18431,taco seasoning chili,spice mix,Spice
18432,taco seasoning chili powder,chili powder,Spice
18433,taco seasoning choice,spice mix,Spice
18434,taco seasoning enchilada seasoning,spice mix,Spice
18435,taco seasoning fajita seasoning mix,spice mix,Spice
18436,taco seasoning hot spicy bean,spice mix,Spice
18437,taco seasoning mexicasa,spice mix,Spice
18438,taco seasoning mix below,spice mix,Spice
18439,taco seasoning mix chili seasoning,spice mix,Spice
18440,taco seasoning mix el paso,spice mix,Spice
18441,taco seasoning mix garlic powder,spice mix,Spice
18442,taco seasoning mix meat,spice mix,Spice
18443,taco seasoning mix paprika powder chilli enchilada seasoning tsp powd,spice mix,Spice
18444,taco seasoning mix pkgs,spice mix,Spice
18445,taco seasoning mix salt,spice mix,Spice
18446,taco seasoning mix water,spice mix,Spice
18447,taco seasoning southwest seasoning,spice mix,Spice
18448,taco seasoning spice,spice mix,Spice
18449,taco seasoning variety mccormick,spice mix,Spice
18450,taco shell yellow corn,corn,Maize
18451,taco soup seasoning,spice mix,Spice
18452,taco wheat tortilla,wheat tortilla,Bakery
18453,tagine,tajine,Dish
18454,tagine spice,spice mix,Spice
18455,tagliatelle pasta,tagliatelle,Cereal
18456,tahini paste adjust,tahini,Dish
18457,tahini paste sesame,tahini,Dish
18458,tahini paste sesame seed,tahini,Dish
18459,tahini sesame butter,tahini,Dish
18460,tail intact,lobster,Seafood
18461,tail off shrimp,shrimp,Seafood
18462,talapia fillet,fish,Fish
18463,tallow lard,lard,Meat
18464,tamale each,beef tamale,Dish
18465,tamale filling,beef,Meat
18466,tamale pork,pork,Meat
18467,tamale pork n't matter,pork,Meat
18468,tamari teriyaki sauce,teriyaki sauce,Condiment
18469,tamarind nectar,soft drink,Fruit
18470,tamarind pumpkin seed,pumpkin seed,Nuts and Seeds
18471,tamarind puree,tomato puree,Vegetable
18472,tamarind sauce,sauce,Additive
18473,tamarind syrup,syrup,Plant Derivative
18474,tamarindo juice,juice,Beverage
18475,tandoori seasoning,spice mix,Spice
18476,tang orange drink,orange,Fruit
18477,tang orange drink mix,orange,Dish
18478,tangelo,tangerine,Fruit
18479,tangelo zest,tangerine,Fruit
18480,tangerine each,tangerine,Fruit
18481,tangerine juice concentrate,tangerine juice,Beverage
18482,tangerine peel orange,tangerine peel,Fruit
18483,tangy goat cheese chevre,cheese,Dairy
18484,tangy green dill relish,dill,Herb
18485,tangy tomatillo sauce,salsa verde,Condiment
18486,tanqueray london gin,gin,Beverage-Alcoholic
18487,tao red chili honey,chili pepper,Vegetable
18488,tapenade black green,olive,Vegetable
18489,tapioca root,tapioca root,Vegetable
18490,tapitio sauce,sauce,Additive
18491,tapoica starch,potato starch,Vegetable
18492,tarantula azul margarita mix,margarita,Dish
18493,tarantula azul tequila,tequila,Beverage-Alcoholic
18494,tarka,lentil,Legume
18495,taro,taro,Herb
18496,taro root leaf,taro,Herb
18497,taro yam,yam,Vegetable
18498,tarragon dijon mustard,dijon mustard,Condiment
18499,tarragon white wine vinegar,tarragon vinegar,Additive-Vinegar
18500,tart cherry pie,cherry tart,Fruit
18501,tart crust pasta frolla,pasta,Cereal
18502,tart dessert apple,apple tart,Fruit
18503,tart french cornichons,cucumber,Gourd
18504,tart jelly,jam,Fruit
18505,tart pastry dough,crust,Bakery
18506,tart shell crust,crust,Bakery
18507,tartar sauce optional,tartar sauce,Condiment
18508,tartaric acid,lemon,Spice
18509,tartaric citric acid,lemon,Spice
18510,tasmanian pepper berry pink peppercorn,pepper corn,Spice
18511,taste spicy peanut salad dressing mix,salad dressing,Dish
18512,tasting oil crisco,oil,Additive
18513,tasting pork,pork,Meat
18514,tasting pork vegetable oil,vegetable oil,Plant Derivative
18516,taucho black bean sauce soy,black soy sauce,Condiment
18517,tauco yellow bean,bean,Legume
18518,tawny port white,wine,Beverage-Alcoholic
18519,tb oil,oil,Additive
18520,tbsp kamut flour,flour,Cereal
18521,tbsp oil,oil,Additive
18522,tbsp rawspicebar pumpkin spice,pumpkin pie spice,Spice
18523,tbsps gemini sunflower oil,sunflower oil,Plant Derivative
18524,tbsps peanut oil,peanut oil,Plant
18525,tea biscuit dough,baking mix,Dish
18526,tea cake,tea,Plant
18527,tea cake mix,cake,Dish
18528,tea green,green tea,Beverage
18529,tea leaf earl gray,black tea,Beverage
18530,tea masala spice,allspice,Spice
18531,tea tree essential oil,oil,Additive
18532,teff,teff,Herb
18533,telera french bread,baguette,Bakery
18535,tempura batter frying mix,flour batter,Dish
18536,tempura dipping sauce,dipping sauce,Condiment
18537,tempura mix vegan,baking mix,Dish
18538,ten percent cream,cream,Dairy
18539,tender baby spinach,spinach,Vegetable
18540,tender borage leaf edible flower,borage,Flower
18541,tender coconut,coconut,Beverage
18542,tender coconut water,coconut water,Fruit
18543,tender fennel shoot edible flower,fennel,Flower
18544,tender green bean,green bean,Cereal
18545,tender okra pod,okra,Vegetable
18546,tender salad green,green salad,Vegetable
18547,tender yam,yam,Vegetable
18548,tenkasu,flour batter,Dish
18549,tequila agave loco pepper,pepper,Spice
18550,tequila amount,tequila,Beverage-Alcoholic
18551,tequila apple juice,apple juice,Fruit
18552,tequila cuervo white,tequila,Bakery
18553,tequila limeade,tequila,Beverage-Alcoholic
18554,tequila make,tequila,Beverage-Alcoholic
18555,tequila reposado,tequila,Beverage-Alcoholic
18556,tequila revolucion,tequila,Beverage-Alcoholic
18557,tequila rose liqueur,tequila,Beverage-Alcoholic
18558,tequila suggest,tequila,Beverage-Alcoholic
18559,teriyaki,teriyaki sauce,Condiment
18560,teriyaki baste glaze,teriyaki sauce,Dish
18561,teriyaki baste sauce,teriyaki sauce,Condiment
18562,teriyaki glaze,teriyaki sauce,Dish
18563,teriyaki sauce peanut,teriyaki sauce,Condiment
18564,terra chip vegetable,potato chip,Bakery
18565,tex mex cheddar cheese,cheese,Dairy
18566,tex mex sauce,sauce,Additive
18567,tex mex vegetable corn black bean pepper,bean salad,Condiment
18568,tex tomato,tomato,Vegetable
18569,texas cheese toast,cheese,Dish
18570,texas chili,chili,Spice
18571,texas chili seasoning mix,chili powder,Spice
18572,texas garlic toast,bread,Bakery
18573,texas pete,sauce,Additive
18574,texas pete pepper sauce,pepper sauce,Condiment
18575,texas pete sauce frank red,sauce,Additive
18576,texas sauce,sauce,Additive
18577,texas toast,bread,Bakery
18578,texas toast bread crumbly,bread,Bakery
18579,texas toast bread french,bread,Bakery
18580,texture white bread,bread,Bakery
18581,thai bird chile,bird's eye chili,Vegetable
18582,thai bird chile jalapeno,bird's eye chili,Vegetable
18583,thai bird chile pepper,bird's eye chili,Vegetable
18584,thai bird chili,sweet chili sauce,Condiment
18585,thai bird eye chile pepper,bird's eye chili,Vegetable
18586,thai bird eye chili my,bird's eye chili,Vegetable
18587,thai black bean sauce,black bean sauce,Condiment
18588,thai burger,hamburger,Dish
18589,thai chicken broth,chicken broth,Meat
18590,thai chile chili paste,sweet chili sauce,Condiment
18591,thai chile crosswise,bird's eye chili,Vegetable
18592,thai chile flake,red chili pepper,Vegetable
18593,thai chile jalapeno,jalapeno,Spice
18594,thai chile jalapeno pepper,jalapeno,Spice
18595,thai chile pepper boonie,bird's eye chili,Vegetable
18596,thai chile red,red chili pepper,Vegetable
18597,thai chile red jalapeno,jalapeno,Spice
18598,thai chile red pepper flake,red chili pepper,Vegetable
18599,thai chile serrano,serrano pepper,Vegetable
18600,thai chile serrano habanina chilli,serrano pepper,Vegetable
18601,thai chile two jalapeno,jalapeno,Spice
18602,thai chili,sweet chili sauce,Condiment
18603,thai chili mayonnaise,sweet chili sauce,Condiment
18604,thai chili paste garlic sauce,sauce,Additive
18605,thai chili paste red,sweet chili sauce,Condiment
18606,thai chili pepper,thai chili,Vegetable
18607,thai chili sauce red pepper,sauce,Additive
18608,thai chili tuna,sweet chili sauce,Condiment
18609,thai chilli jam,thai basil,Herb
18610,thai coconut curry broth,chicken broth,Meat
18611,thai coconut vinegar,coconut vinegar,Additive-Vinegar
18612,thai curry sauce,fish sauce,Condiment
18613,thai demon relish,red chili pepper,Vegetable
18614,thai dipping sauce,sauce,Additive
18615,thai flat rice noodle,noodle,Cereal
18616,thai garlic red chile paste,red chili pepper,Condiment
18617,thai glutinous rice,thai glutinous rice,Cereal
18618,thai grain jasmine rice,jasmine rice,Cereal
18619,thai green chili lengthwise,chili,Spice
18620,thai green curry sauce,fish sauce,Condiment
18621,thai jalapeno pepper,chili,Spice
18622,thai lime dipping sauce,sauce,Additive
18623,thai noodle,pad thai,Cereal
18624,thai oil,oil,Additive
18625,thai peanut sauce choice,peanut sauce,Nuts and Seeds
18626,thai pepper jalapeno,chili,Spice
18627,thai pepper serrano,serrano pepper,Vegetable
18628,thai red chile paste,red chili pepper paste,Condiment
18629,thai red chili pepper arbol chile,red chili pepper,Vegetable
18630,thai red chili pepper chilies,red chili pepper,Vegetable
18631,thai red chili pepper flake,red chili pepper,Vegetable
18632,thai red chili pepper serrano,red chili pepper,Vegetable
18633,thai red pepper sauce,sauce,Additive
18634,thai rice noodle not,pad thai,Cereal
18635,thai rice vermicelli,rice vermicelli,Cereal
18636,thai sauce sriracha,sriracha sauce,Condiment
18637,thai seasoning sesame seed red pepper onion garlic,spice mix,Spice
18638,thai serrano chile,serrano pepper,Vegetable
18639,thai spice,spice mix,Spice
18641,thai tea mix,green tea,Beverage
18642,thai white peppercorn,chili pepper,Spice
18643,thai yellow bean sauce,sauce,Additive
18644,thassos olive,olive,Plant
18645,that meat,meat,Meat
18646,thermomix pizza dough,dough,Bakery
18647,thickly bread,bread,Bakery
18648,thompson raisin,raisin,Fruit
18649,thoor dhal yellow pea,pea,Legume
18650,thousand cake decoration,cake,Dish
18651,thread egg noodle,egg,Meat
18652,threadfin fish per person,fish,Fish
18653,thum garlic sauce,sauce,Additive
18654,thumb red pepper,capsicum,Vegetable Fruit
18656,tia liqueur,liqueur,Beverage-Alcoholic
18657,tianmianjiang,sauce,Additive
18658,tic toc biscuit,biscuit,Bakery
18660,tiger nut,nut,Nuts and Seeds
18661,tightly cilantro,coriander,Herb
18662,tikka masala sauce,sauce,Additive
18663,tikka powder,chili powder,Spice
18664,tilapia fillet haddock,tilapia,Fish
18665,tilapia fillet red snapper,red snapper,Fish
18666,tilapia fillet total,tilapia,Fish
18667,tilapia fillet white fish,fish,Fish
18668,tilsit cheese,cheese,Dairy
18669,time lemonade,lemonade,Beverage
18670,time lemonade mix,lemonade,Beverage
18672,toast melba,bread,Bakery
18674,toast white bread,bread,Bakery
18675,tobiko fish roe,fish,Fish
18676,toblerone chocolate bar milk,chocolate bar,Plant
18677,toblerone milk chocolate,chocolate milk,Beverage
18678,toenjang,soybean sauce,Condiment
18679,toffee baking bit,chocolate,Plant Derivative
18680,toffeepop cooky,chocolate,Plant Derivative
18681,tofu crumbles,tofu,Plant Derivative
18682,tofu patty,tofu,Plant Derivative
18683,tofurky hot dog,hot dog,Dish
18684,togarashi spice powder,five spice powder,Spice
18686,tolberone chocolate candy bar,chocolate,Plant Derivative
18687,toll chocolate morsel,chocolate,Plant Derivative
18689,tom jerry mix,cocktail,Beverage
18690,tom kha paste,soup,Condiment
18691,tom yam broth cube,broth,Vegetable
18692,tomatillo finely,tomatillo,Vegetable
18693,tomatillo green,tomatillo,Vegetable
18694,tomatillo salmon meal,salmon,Fish
18695,tomatillo sauce,sauce,Additive
18696,tomatillo tomato,tomato,Vegetable
18697,tomatillo total,tomatillo,Vegetable
18698,tomato alfredo sauce,tomato sauce,Condiment
18699,tomato bacon pasta sauce,sauce,Additive
18700,tomato balsamic vinegar basil,balsamic vinegar,Additive-Vinegar
18701,tomato balsamic vinegar olive oil,balsamic vinegar,Plant Derivative
18702,tomato base barbecue sauce,sauce,Additive
18703,tomato base chili sauce,sauce,Additive
18704,tomato basil hummus,tomato,Vegetable
18705,tomato basil pasta sauce glen,sauce,Additive
18706,tomato basil pasta sauce oregano,sauce,Additive
18707,tomato basil soup mix,tomato soup,Dish
18708,tomato basil spaghetti sauce,sauce,Additive
18709,tomato bouillon chicken flavor cube,bouillon cube,Meat
18710,tomato bouillon chicken flavor tomate,chicken,Meat
18711,tomato celery,tomato,Vegetable
18712,tomato chile,chili,Spice
18713,tomato chili pasta sauce,sauce,Additive
18714,tomato chipotle,chipotle,Condiment
18715,tomato cocktail juice,tomato juice,Beverage-Alcoholic
18716,tomato concasse see,tomato,Vegetable
18717,tomato consomme,tomato,Vegetable
18718,tomato cream cheese,cheese,Dairy
18719,tomato cream sauce,tomato sauce,Condiment
18720,tomato curry seasoning,tomato sauce,Vegetable
18721,tomato garlic pasta sauce,sauce,Additive
18722,tomato garlic polenta,polenta,Herb
18723,tomato guacamole,tomato,Vegetable
18724,tomato half,tomato,Fruit
18725,tomato herb pasta sauce,sauce,Additive
18726,tomato including juice,tomato juice,Vegetable
18727,tomato marzano,tomato,Vegetable
18728,tomato olive,tomato,Plant Derivative
18729,tomato olive basil rub,tomato,Vegetable
18730,tomato onion green pepper,tomato,Vegetable
18731,tomato onion pasta sauce,sauce,Additive
18732,tomato paste basil garlic oregano,oregano,Spice
18733,tomato paste garlic,tomato paste,Vegetable
18734,tomato paste italian herb,tomato sauce,Condiment
18735,tomato pepper sauce,tomato sauce,Condiment
18736,tomato pizza sauce,tomato sauce,Condiment
18737,tomato pizza sauce garlic,tomato sauce,Condiment
18738,tomato polenta,tomato,Vegetable
18739,tomato sauce onion,tomato sauce,Condiment
18740,tomato sauce red pepper,sauce,Additive
18741,tomato soup basil,tomato soup,Dish
18742,tomato soup bit,tomato soup,Dish
18743,tomato soup calorie,tomato soup,Dish
18744,tomato soup garlic herb,tomato soup,Dish
18745,tomato tortilla,tomato,Bakery
18746,tomato vegetable soup mix,tomato soup,Dish
18747,tomato vinaigrette,tomato vinaigrette,Additive
18748,tomato vine,tomato,Vegetable
18749,tomato water,tomato,Condiment
18750,tomatoe pasta sauce,sauce,Additive
18751,tone beef base,beef,Meat
18752,tone buttermilk salad dressing mix ranch,salad dressing,Dish
18753,tone chipotle chili seasoning,chili powder,Spice
18756,tony cachere brown gravy mix,gravy,Dish
18757,tony chacere seasoning,spice mix,Spice
18758,tony chachere cajun seasoning,cajun seasoning,Plant Derivative
18759,tony s pizza dough,dough,Bakery
18760,too gourmet time stawberry lemonade mix,lemonade,Beverage
18761,toor dal yellow pigeon lentil,lentil,Legume
18762,toor dal yellow pigeon pea,pea,Condiment
18763,toor mung dal,lentil,Legume
18765,toovar dal,lentil,Legume
18766,toovar dal yellow lentil,lentil,Legume
18768,topping see cream,cream,Additive
18769,topside roast,roast beef,Meat
18770,torani mango syrup,syrup,Plant Derivative
18771,torani sugar caramel syrup,syrup,Plant Derivative
18772,torani sugar chocolate syrup,syrup,Plant Derivative
18773,torani sugar coconut syrup,syrup,Plant Derivative
18774,torani sugar vanilla syrup,syrup,Plant Derivative
18775,torani syrup,syrup,Plant Derivative
18776,torn baby spinach,spinach,Vegetable
18777,torn bread,bread,Bakery
18778,torn chink white bread,bread,Bakery
18779,torn cilantro leaf,coriander,Herb
18780,torn dandelion green,dandelion,Vegetable
18781,torn european salad green making,salad dressing,Dish
18782,torn kale leaf,kale,Vegetable
18783,torn radicchio,radicchio,Vegetable
18784,torn red leaf lettuce,lettuce,Vegetable
18785,torn romaine lettuce leaf,romaine lettuce,Vegetable
18786,torn up bread,bread,Bakery
18787,torres orange liqueur,curacao liqueur,Beverage-Alcoholic
18788,torta bread,bread,Bakery
18789,tortellini cheese chicken one,tortellini,Dish
18790,tortellini egg,egg,Meat
18791,tortellini meat result,meat,Meat
18792,tortellini ravioli,pasta,Cereal
18793,tortiglioni pasta,pasta,Cereal
18794,tortilla bowl,tortilla,Dish
18795,tortilla chip crumb,tortilla chip,Bakery
18796,tortilla corn chip,corn tortilla,Bakery
18797,tortilla crisp,tortilla chip,Bakery
18798,tortilla wrap,tortilla chip,Bakery
18799,tortillia chip,tortilla chip,Bakery
18801,tostada cracker,cracker,Bakery
18802,tostito creamy salsa,salsa,Condiment
18803,tostito nacho chip,tortilla,Dish
18804,tostitos cheese dip,chile con queso,Dairy
18805,tostitos corn chip,corn chip,Maize
18806,tostitos monterey jack queso dip,monterey jack,Dairy
18807,tostitos spicy queso supreme,queso blanco,Dairy
18808,tostitos tortilla chip,tortilla chip,Bakery
18809,tournedos beef filet mignon,beef,Meat
18810,traditional enchilada sauce,enchilada,Condiment
18811,traditional french green garlic butter pastis,butter,Dairy
18812,traditional marinara sauce,marinara sauce,Condiment
18813,traditional pizza dough below,pizza,Bakery
18814,traditional prego spaghetti sauce,tomato sauce,Condiment
18815,traditional spaghetti sauce,tomato sauce,Condiment
18816,traditional turkish delight,candy,Beverage
18817,trail mix,trail mix,Dish
18818,trappey jalapeno most important ingredient,jalapeno,Spice
18819,tri cheese tortellini,tortellini,Bakery
18820,tri color cheese tortellini,tortellini,Bakery
18821,tri color rotini noodle,rotini,Cereal
18822,tri corkscrew macaroni,macaroni,Cereal
18823,tri rotini pasta,rotini,Cereal
18824,tri spiral pasta,rotini,Cereal
18825,tri tortellini,tortellini,Bakery
18826,tricolor fusilli,tortellini,Cereal
18827,tricolor tortellini,tortellini,Bakery
18828,trident baby corn,baby corn,Maize
18829,trident rice vermicelli,rice vermicelli,Cereal
18830,trim beef rib eye roast,beef,Meat
18831,trimming include lettuce onion,onion salad,Dish
18833,triple fruit apricot jam,jam,Fruit
18834,triple fruit wildberry jam,jam,Fruit
18835,triple succotash,corn,Maize
18836,triscuit cracker,biscuit,Bakery
18837,tropical fruit juice,passion fruit,Fruit
18838,tropical fruit pineapple,pineapple,Beverage
18839,tropical liqueur,liqueur,Beverage-Alcoholic
18840,tropical pepper green jalapeno sauce,sauce,Additive
18841,tropical schnapps,schnapps,Beverage-Alcoholic
18842,tropical trail mix banana chip,banana,Fruit
18843,trout each,trout,Fish
18844,truffle butter,butter,Dairy
18845,truffle butter white,white truffle,Additive
18846,truffle oil black,olive,Plant
18847,tsbpn rice wine vinegar,rice vinegar,Additive-Vinegar
18848,tsoureki bread,bread,Bakery
18849,tsp salt pepper,salt,Spice
18850,tsubushi make my own,bean paste,Cereal
18851,tsuyu sauce,sauce,Additive
18852,tsuyu sauce feel,sauce,Additive
18853,tuaca italian liqueur,liqueur,Beverage-Alcoholic
18854,tuaca liqueur,liqueur,Beverage-Alcoholic
18855,tub goya guacamole,guacamole,Dish
18856,tube polenta,polenta,Maize
18857,tubettini pasta,pasta,Cereal
18858,tullamore dew irish whiskey,whiskey,Beverage-Alcoholic
18859,tumeric,turmeric,Spice
18860,tuna chunk olive oil,tuna,Fish
18861,tuna onion,onion,Vegetable
18862,tuna salad,tuna salad,Fish
18863,tunisian almond syrup,almond syrup,Plant Derivative
18864,tunisian relish,chicken,Condiment
18865,turkey amount,turkey,Meat
18866,turkey bacon crisp,bacon,Meat
18867,turkey bite,turkey,Meat
18868,turkey breast cutlet total,turkey,Meat
18869,turkey breast dark meat,turkey,Meat
18870,turkey breast fillet,turkey,Meat
18871,turkey breast steak,turkey,Meat
18872,turkey burger,turkey burger,Meat
18873,turkey chili bean,turkey,Meat
18874,turkey chorizo,turkey,Meat
18875,turkey cutlet,turkey,Meat
18876,turkey cutlet breast fillet,turkey,Meat
18877,turkey dripping juice,turkey,Meat
18878,turkey filling,bread,Bakery
18879,turkey giblet fine,turkey,Meat
18880,turkey giblet gizzard,turkey,Meat
18881,turkey gravy chicken amount,turkey gravy,Meat
18882,turkey heart,turkey,Meat
18883,turkey hot dog,turkey,Meat
18884,turkey hot italian sausage,italian sausage,Meat
18885,turkey kosher,turkey,Meat
18886,turkey leg total,turkey,Meat
18887,turkey linguica,turkey,Meat
18888,turkey liver fine,turkey,Meat
18889,turkey liver spot,turkey,Meat
18890,turkey pan dripping,turkey juice,Meat
18891,turkey sausage patty,turkey,Meat
18892,turkey skin,turkey,Meat
18893,turkey stock vegetable,vegetable stock,Vegetable
18894,turkey stuffing mix,bread,Dish
18895,turkey thigh total,turkey,Meat
18896,turkey thigh without skin,turkey,Meat
18897,turkey tofurkey,turkey,Meat
18898,turkey total,turkey,Meat
18899,turkish apricot,apricot,Fruit
18900,turkish coffee,coffee,Beverage Caffeinated
18901,turkish delight chocolate candy bar,chocolate candy,Plant
18902,turkish red pepper powder,korean chile pepper,Spice
18903,turmeric paste,turmeric,Spice
18904,turmeric root grain,turmeric,Spice
18905,turnip leaf,turnip,Vegetable
18906,turnover dough,dough,Cereal
18907,turtle meat,turtle meat,Meat
18908,tuscan kale,kale,Vegetable
18909,tuscan olive oil,olive oil,Plant Derivative
18910,tutti frutti,chocolate candy,Dish
18911,tutti frutti ice cream,ice cream,Dish
18912,twelve grain cereal,granola cereal,Cereal
18913,twist lemon zest,lemon,Fruit
18914,twisty noodle,noodle,Cereal
18915,twix candy bar,chocolate candy,Plant
18916,type,lamb chop,Meat
18917,type jam,fruit preserve,Fruit
18918,type white bread,bread,Bakery
18919,tyson fajita chicken,chicken,Meat
18920,tyson fajita chicken strip,chicken,Meat
18921,tyson reg chicken thigh,chicken,Meat
18922,tzatziki greek yogurt,greek yogurt,Dairy
18923,tzatziki sauce cucumber,tzatziki,Condiment
18924,tzatziki yoghurt cucumber,tzatziki,Condiment
18925,tzatziki yogurt,yogurt,Dairy
18927,ube,purple yam,Vegetable
18928,udad dal,lentil,Legume
18929,udan asian noodle,noodle,Cereal
18930,udi gluten bread,bread,Bakery
18931,ultimate guacamole,guacamole,Dish
18932,ultra tequila,tequila,Beverage-Alcoholic
18933,umeboshi vinegar,vinegar,Plant Derivative
18934,unagi glaze,eel sauce,Dish
18935,unagi kabayaki eel,fish,Fish
18936,unbeaten egg white,egg,Meat
18937,uncut calamari,squid,Seafood
18938,uncut white bread,bread,Bakery
18939,under blade roast,pork,Meat
18940,unripe mango,mango,Fruit
18941,up almond,almond,Nuts and Seeds
18942,up chicken part,chicken,Meat
18943,up deli rotisserie chicken,chicken,Meat
18944,up mexican chocolate,chocolate,Plant Derivative
18946,up orange juice,orange juice,Fruit
18947,up soda lemon lime beverage,lemon-lime drink,Beverage
18948,up soda sprite,soft drink,Additive
18949,up sprite,soft drink,Meat
18950,up vegetable broccoli,broccoli,Flower
18951,up vegetable choice onion pepper,onion,Vegetable
18952,up vegetable jersalem artichoke onion potato,artichoke,Dish
18953,up vegetable onion green bean pepper,green bean,Cereal
18954,up vegetable onion red bell pepper strip,capsicum,Vegetable Fruit
18955,up wheat lasagna noodle,cannelloni,Cereal
18956,urad dal flour,black gram,Legume
18957,urad dal four,black gram,Legume
18958,urfa biber chile pepper,chili pepper,Vegetable
18959,urid dal,black gram,Legume
18960,using pepper,pepper,Spice
18961,val dal,field bean,Legume
18962,valrhona gran chocolate,chocolate,Plant Derivative
18963,vandermint mint chocolate liqueur,liquor,Beverage-Alcoholic
18964,vanilla bean ice cream,vanilla ice cream,Dish
18965,vanilla bean pod,vanilla,Legume
18966,vanilla butter nut flavor,shortening,Additive
18967,vanilla buttercream,vanilla,Legume
18968,vanilla buttercream frosting,vanilla,Dish
18969,vanilla butternut flavoring,vanilla extract,Additive
18970,vanilla cake,vanilla,Legume
18971,vanilla cake mix white,cake,Dish
18972,vanilla caramel,vanilla,Legume
18973,vanilla caster sugar,sucrose,Additive-Sugar
18974,vanilla coffee syrup torani,vanilla syrup,Additive
18975,vanilla cooky,vanilla wafer,Dish
18976,vanilla cupcake,vanilla,Legume
18977,vanilla gelato,vanilla,Legume
18978,vanilla gingersnap,vanilla,Legume
18979,vanilla icing,vanilla,Legume
18980,vanilla liquid coffee creamer,vanilla,Legume
18981,vanilla meringue,vanilla,Legume
18982,vanilla nonfat yogurt,vanilla yogurt,Dairy
18983,vanilla pastry cream,pastry,Dairy
18984,vanilla raspberry marshmallow,vanilla,Legume
18985,vanilla rice cream,vanilla ice cream,Dish
18986,vanilla sandwich cooky,vanilla wafer,Dish
18987,vanilla sauce,vanilla,Legume
18988,vanilla soy yogurt,soy milk,Dairy
18989,vanilla sugar extract egg,vanilla extract,Additive
18990,vanilla sugar extract plus tbsp,vanilla extract,Additive
18991,vanilla sugar per,vanilla sugar,Additive-Sugar
18992,vanilla wafer cookie,vanilla wafer,Dish
18993,vanilla wafer toddler,vanilla wafer,Dish
18994,vanilla whey protein,vanilla,Legume
18995,vanilla whey protein powder,vanilla,Legume
18996,vanillin sugar,sugar,Additive
18997,vanillla extract,vanilla extract,Additive
18998,varenyky dough,dough,Cereal
18999,variety mushroom,mushroom,Fungi
19000,veal beef,beef,Meat
19001,veal beef marrow,beef,Meat
19002,veal beef meat,beef,Meat
19003,veal brisket,veal,Meat
19004,veal broth,beef,Meat
19005,veal chicken,chicken,Meat
19006,veal chicken stock,chicken,Meat
19007,veal chop pork,pork,Meat
19008,veal cutlet each pork,veal,Meat
19009,veal cutlet pork,veal,Meat
19010,veal gristle,veal,Meat
19011,veal hind shank,veal,Meat
19012,veal meatloaf mix beef,beef,Meat
19013,veal medallion oil,oil,Additive
19014,veal pork neck,pork,Meat
19015,veal pork stock,pork,Meat
19016,veal rib,veal,Meat
19017,veal roast meat,veal,Meat
19018,veal scallop each,scallop,Seafood
19019,veal scallop wide,scallop,Seafood
19020,veal shank cross,veal,Meat
19021,veal shank meat,meat,Meat
19022,veal shoulder meat,veal,Meat
19023,veal sirloin,sirloin steak,Meat
19024,veal stew meat,stew meat,Meat
19025,veal stew meat chop,stew meat,Meat
19026,veal stock beef broth,beef broth,Meat
19027,veal stock vegetable,vegetable stock,Vegetable
19028,veal together twice,veal,Meat
19029,veal turkey,turkey,Meat
19030,veal work,veal,Meat
19031,veg oil,oil,Additive
19032,vegan bacon,veg becan,Dish
19033,vegan brown sugar,brown sugar,Additive-Sugar
19034,vegan caramel sauce,sauce,Additive
19035,vegan chicken seasoning seasoning seasoning,spice mix,Spice
19036,vegan chorizo sausage,chorizo,Meat
19037,vegan cooking spray,cooking spray,Additive
19038,vegan cooky,vegan margarine,Additive
19039,vegan corn,corn,Maize
19040,vegan green chile cilantro sauce,sauce,Additive
19041,vegan maple syrup,syrup,Additive
19042,vegan meatball,vegan meatball,Dish
19043,vegan pasta sauce,pesto,Dish
19044,vegan pepperoni,pepperoni,Dish
19045,vegan pesto,pasta,Cereal
19046,vegan sausage,sausage,Dish
19047,vegan taco seasoning,spice mix,Spice
19048,vegan thai peanut sauce,peanut sauce,Nuts and Seeds
19049,vegan veggie crumbles,vegan margarine,Additive
19050,vegatarian broth seasoning,broth mix,Vegetable
19051,vegeable oil vegetable,vegetable oil,Plant Derivative
19052,vegedtable oil,oil,Additive
19053,vegeta seasoning,spice mix,Spice
19054,vegetabie oil,oil,Additive
19055,vegetable asparagus,asparagus,Vegetable
19056,vegetable baby pea carrot,baby carrot,Vegetable
19057,vegetable be radish green pepper,chili pepper,Vegetable
19058,vegetable bean,bean,Legume
19059,vegetable been shoot,vegetable,Vegetable
19060,vegetable bell pepper cabbage,capsicum,Vegetable Fruit
19061,vegetable below,vegetable,Vegetable
19062,vegetable bok choy,bok choy,Vegetable
19063,vegetable bouillon beef,beef bouillon cube,Meat
19064,vegetable bouillon than,vegetable bouillon,Dish
19065,vegetable broccoli bell pepper,capsicum,Vegetable Fruit
19066,vegetable broccoli cauliflower,broccoli,Flower
19067,vegetable broth chicken stock,chicken soup,Dish
19068,vegetable broth mushroom,mushroom,Dish
19069,vegetable broth thai stock,vegetable stock,Dish
19070,vegetable cabbage,cabbage,Vegetable
19071,vegetable capsicum,capsicum,Vegetable Fruit
19072,vegetable carrot broccoli,carrot,Vegetable
19073,vegetable carrot celery,carrot,Vegetable
19074,vegetable carrot mushroom,carrot,Vegetable
19075,vegetable carrot red onion cucumber,red onion,Vegetable
19076,vegetable cauliflower,cauliflower,Flower
19077,vegetable cauliflower green bean,green bean,Cereal
19078,vegetable cauliflower sprig,cauliflower,Flower
19079,vegetable chicken stock powder,chicken,Meat
19080,vegetable chip potato,potato chip,Dish
19081,vegetable choose either,vegetable,Vegetable
19082,vegetable combine baby potato green onion bean,green bean,Cereal
19083,vegetable cracker,vegetable,Vegetable
19084,vegetable eggplant,eggplant,Vegetable
19085,vegetable eggplant green bean,green bean,Cereal
19086,vegetable etc,vegetable,Vegetable
19087,vegetable green bean onion red pepper mixture,green bean,Cereal
19088,vegetable heart,vegetable,Vegetable
19089,vegetable ie broccoli,broccoli,Flower
19090,vegetable juice water,vegetable juice,Beverage
19091,vegetable know carrot cube green bean,green bean,Cereal
19092,vegetable lard,vegetable oil,Meat
19093,vegetable like carrot,carrot,Vegetable
19094,vegetable like cauliflower bell pepper,capsicum,Vegetable Fruit
19095,vegetable like sprout,vegetable,Vegetable
19096,vegetable marrow,zucchini,Vegetable
19097,vegetable mix onion,onion soup,Dish
19098,vegetable mushroom,mushroom,Fungi
19099,vegetable mushroom tomato,mushroom,Beverage
19100,vegetable mustard green,mustard,Vegetable
19101,vegetable oil bacon dripping may,vegetable oil,Plant Derivative
19102,vegetable oil below,vegetable oil,Plant Derivative
19103,vegetable oil better,vegetable oil,Plant Derivative
19104,vegetable oil butter spread,vegetable oil,Plant Derivative
19105,vegetable oil chicken,vegetable oil,Plant Derivative
19106,vegetable oil choice,vegetable oil,Plant Derivative
19107,vegetable oil chuck roast,vegetable oil,Plant Derivative
19108,vegetable oil coconut,vegetable oil,Plant Derivative
19109,vegetable oil cooking spray butter,cooking spray,Additive
19110,vegetable oil cooking spray greasing agent,cooking spray,Additive
19111,vegetable oil ginger,vegetable oil,Plant Derivative
19112,vegetable oil meat,vegetable oil,Plant Derivative
19113,vegetable oil plus more,vegetable oil,Plant Derivative
19114,vegetable oil replace half,vegetable oil,Plant Derivative
19115,vegetable oil rice,vegetable oil,Plant Derivative
19116,vegetable oil safflower,vegetable oil,Plant Derivative
19117,vegetable oil sauce,vegetable oil,Plant Derivative
19118,vegetable oil schmaltz,vegetable oil,Plant Derivative
19119,vegetable oil t,vegetable oil,Plant Derivative
19120,vegetable oil tasting pork,vegetable oil,Plant Derivative
19121,vegetable oil tortilla,vegetable oil,Plant Derivative
19122,vegetable oil varies,vegetable oil,Plant Derivative
19123,vegetable oil wok,vegetable oil,Plant Derivative
19124,vegetable oil wok pan,vegetable oil,Plant Derivative
19125,vegetable onion green pepper,capsicum,Vegetable Fruit
19126,vegetable onion red bell pepper mushroom,capsicum,Vegetable Fruit
19127,vegetable optional,vegetable,Vegetable
19128,vegetable pasta,pasta,Cereal
19129,vegetable peel,vegetable,Vegetable
19130,vegetable potato,potato,Vegetable Tuber
19131,vegetable potato green pepper,chili pepper,Vegetable
19132,vegetable potstickers,dumpling,Dish
19133,vegetable red yellow bell pepper,capsicum,Vegetable Fruit
19134,vegetable red yellow bellpeppers green bean,green bean,Cereal
19135,vegetable rice,rice,Cereal
19136,vegetable salad,salad,Dish
19137,vegetable seasoning mushroom seasoning,mushroom,Fungi
19138,vegetable snow pea,pea,Legume
19139,vegetable soak,vegetable,Vegetable
19140,vegetable soup base,soup base,Dish
19141,vegetable spinach green bean,green bean,Cereal
19142,vegetable stock base bouillon,vegetable stock,Vegetable
19143,vegetable stock be,vegetable stock,Vegetable
19144,vegetable stock bean,vegetable stock,Vegetable
19145,vegetable stock below,vegetable stock,Vegetable
19146,vegetable stock chicken broth,vegetable broth,Dish
19147,vegetable stock chicken ok too,chicken,Meat
19148,vegetable stock fish,vegetable stock,Vegetable
19149,vegetable stock may,vegetable stock,Vegetable
19150,vegetable stock may be necessary,vegetable stock,Vegetable
19151,vegetable stock powder chicken,chicken,Meat
19152,vegetable stock pt,vegetable stock,Vegetable
19153,vegetable stock salt,vegetable stock,Vegetable
19154,vegetable stock seafood,vegetable stock,Vegetable
19155,vegetable stock vegan,vegetable stock,Vegetable
19156,vegetable stock vegetarian,vegetable stock,Vegetable
19157,vegetable stuffing,vegetable,Vegetable
19158,vegetable summer squash onion green,scallion,Herb
19159,vegetable tomato etc,vegetable juice,Beverage
19160,vegetable tomato zucchini,vegetable juice,Beverage
19161,vegetable veg,vegetable,Vegetable
19162,vegetable veges,vegetable,Vegetable
19163,vegetable veggie,vegetable,Vegetable
19164,vegetable water,water,Additive
19165,vegetable which ha been,vegetable,Vegetable
19166,vegetable wide,vegetable,Vegetable
19167,vegetable yellow corn,maize corn,Maize
19168,vegetable zucchini green bean,green bean,Cereal
19169,vegetable zucchini green pepper,chili pepper,Vegetable
19170,vegetable zuccini,vegetable,Vegetable
19171,vegetarian bacon strip,vegetarian bacon,Meat
19172,vegetarian banana pudding mix,banana pudding mix,Dish
19173,vegetarian bean sauce,sauce,Additive
19174,vegetarian beef bouillon powder,vegetable bouillon,Dish
19175,vegetarian beef substitute,beef,Meat
19176,vegetarian black bean,black bean,Legume
19177,vegetarian blue cheese,cheese,Dairy
19178,vegetarian chicken bouillon cube,bouillon cube,Meat
19179,vegetarian chicken bouillon granule,vegetable bouillon,Dish
19180,vegetarian chicken seasoning,chicken,Meat
19181,vegetarian chorizo,chorizo,Meat
19182,vegetarian duck,duck,Meat
19183,vegetarian haggis,beef,Meat
19184,vegetarian hot dog,hot dog,Dish
19185,vegetarian kielbasa,sausage,Dish
19186,vegetarian meat,meat,Meat
19187,vegetarian sausage bacon,vegetarian bacon,Meat
19188,vegetarian sausage crumbles,sausage,Dish
19189,vegetarian steak,steak,Fish
19190,vegetarian stilton cheese,cheese,Dairy
19191,vegetarian swiss cheese,cheese,Dairy
19192,vegetarian vegetable soup,soup,Dish
19193,veggie cheese,cheese,Dairy
19194,veggie crumbles vegemeat gluten,vegan meat,Meat
19195,veggie stock,veg salad,Dish
19196,vegit seasoning,spice mix,Spice
19197,veloute sauce,sauce,Additive
19198,velveeta american cheese spread,spread,Dairy
19199,velvetta mexican cheese,cheese,Dairy
19200,venison beef gravy,gravy,Dish
19201,venison deer,venison,Meat
19202,venison heart,venison,Meat
19203,venison heart too,venison,Meat
19204,venison pork chop,pork,Meat
19205,venison sausage,sausage,Dish
19206,venison sausage beef,sausage,Dish
19207,venison shoulder,venison,Meat
19208,venison sirloin,sirloin steak,Meat
19209,venison steak etc,venison,Meat
19210,venison stock,venison,Meat
19211,venison tenderloin steak,deer,Meat
19212,venison weight,venison,Meat
19213,verde enchilada sauce,enchilada,Condiment
19214,verde sauce recipezaar,sauce,Additive
19215,verjus make green grape,grape,Fruit
19216,vermicelli egg noodle filini pasta,egg,Meat
19217,vermicelli extra fine egg noodle,egg,Meat
19218,vermicelli fideo,pasta,Cereal
19219,vermicelli noodle,rice vermicelli,Cereal
19220,vermicelli pasta rice,rice vermicelli,Cereal
19221,vermicelli seviyan,seviyan,Cereal
19222,vermicilli noodle,noodle,Cereal
19223,vermont goat cheese,cheese,Dairy
19224,vermont maple sugar,sugar,Additive
19225,vermont maple syrup,syrup,Additive
19226,vermont sharp cheddar cheese,cheese,Dairy
19227,vetivier spice essence,spice mix,Spice
19228,vh cooking sauce,sauce,Additive
19229,vh garlic sauce,hot sauce,Condiment
19230,vh general stir fry sauce,sauce,Additive
19231,victoria enchilada sauce,enchilada,Condiment
19232,victoria green taco sauce,sauce,Additive
19233,vidalia,onion,Vegetable
19234,vidalia onion bermuda,onion,Vegetable
19235,vidalia onion crosswise,onion,Vegetable
19236,vidalia onion variety,onion,Vegetable
19237,vidalia onion walla,onion,Vegetable
19238,vidalia onion white salsa,white onion,Vegetable
19239,vietnamese chicken stock,chicken,Meat
19240,vietnamese chili garlic sauce,hot sauce,Condiment
19241,vietnamese chili paste,chili oil,Plant Derivative
19242,vietnamese fish sauce,sauce,Additive
19243,vietnamese garlic pepper sauce red,sauce,Additive
19244,vietnamese garlic red chile paste chilies,chili,Spice
19245,vietnamese pork,pork,Meat
19246,vietnamese sauce,sauce,Additive
19247,vietnamese spring wrapper,roll,Dish
19248,vietnemese meatball,meatball,Dish
19249,vietti dog chili without bean,chili bean,Dish
19250,vigo completely red bean rice mix,bean rice,Dish
19251,vinaigrette dressing choice,italian dressing,Additive
19252,vinaigrette dressing italian salad,italian dressing,Condiment
19253,vinaigrette french dressing,vinegar,Plant Derivative
19254,vincotto,wine,Beverage-Alcoholic
19255,vindaloo seasoning,chili,Spice
19256,vinegar potato chip,potato chip,Dish
19257,vinegar sauce,vinegar,Plant Derivative
19258,vinegar spice essence,vinegar,Plant Derivative
19259,vinegary mexican sauce,tomato sauce,Condiment
19260,vino seco,wine,Beverage-Alcoholic
19261,violet crumble chocolate candy,chocolate candy,Additive
19262,violet liqueur,liqueur,Beverage-Alcoholic
19263,virgin oil,olive oil,Plant Derivative
19264,virgin olive oil extra,olive oil,Plant Derivative
19265,virgin olive oil macadamia nut,olive oil,Plant Derivative
19266,virgin palm oil,palm oil,Plant Derivative
19267,virginia ham,ham,Meat
19268,vital wheat gluten flour,flour,Cereal
19270,viva italia salad dressing,salad dressing,Dish
19271,vodka pasta sauce,sauce,Additive
19272,vodka sauce,vodka,Beverage-Alcoholic
19273,vodka sauce bertolli,vodka,Beverage-Alcoholic
19274,vol au vent pastry,pastry,Dish
19275,voskos nonfat greek yogurt,greek yogurt,Dairy
19276,wafer,vanilla wafer,Dish
19277,wafer cookie,amaretti di saronno,Dish
19279,waffle batter,batter,Dish
19280,waffle cone,waffle,Dish
19281,wagon wheel pasta,pasta,Cereal
19282,wakame water,water,Additive
19283,walden farm chipotle ranch dressing,ranch dressing,Condiment
19284,walkerswood hot,water,Additive
19285,walla onion vidalia,onion,Vegetable
19286,walmart italian cheese,cheese,Dairy
19287,walnut almond,walnut,Nuts and Seeds
19288,walnut chip,walnut,Nuts and Seeds
19289,walnut extract,walnut,Nuts and Seeds
19290,walnut meal,walnut,Nuts and Seeds
19291,walnut meat,walnut,Nuts and Seeds
19292,walnut nut,walnut,Nuts and Seeds
19293,walnut vinegar,vinegar,Plant Derivative
19295,wasa crispbread grain,white rice,Cereal
19296,wasa rye crispbread,rye flour,Cereal
19297,washington apple,apple,Fruit
19298,washington state red wine,wine,Beverage-Alcoholic
19299,water chestnut starch,chestnut,Fruit
19300,water from bean,water,Additive
19301,water liquid,water,Additive
19302,water tofu,water,Additive
19303,water tomatillo,water,Additive
19304,water vegetable stock,vegetable stock,Vegetable
19305,watercress orange,orange,Fruit
19306,watermelon flavoring,watermelon,Fruit
19307,watermelon liqueur,watermelon,Fruit
19308,watermelon melon baller,watermelon,Fruit
19309,watermelon puree,watermelon,Fruit
19310,watermelon radish,radish,Vegetable
19311,watermelon syrup,watermelon,Fruit
19312,watermelon vodka,vodka,Beverage-Alcoholic
19313,watkins butter flavoring,artificial butter flavoring,Additive
19314,wax bean yellow green,bean,Legume
19316,waxgourd,ashgourd,Fruit
19317,waxy potato,potato,Vegetable Tuber
19318,waxy red potato,potato,Vegetable Tuber
19319,weber white wine herb marinade,wine,Beverage-Alcoholic
19321,wedge cucumber,cucumber,Gourd
19322,wedge laughing cow cheese,cheese,Dairy
19323,wedge orange,orange,Fruit
19324,wedge organic orange,orange,Fruit
19325,wei egg noodle,egg,Meat
19326,wei kluski egg noodle,egg,Meat
19327,weight cheese,cheese,Dairy
19328,weight watcher bread,bread,Bakery
19329,weight watcher chicken,chicken,Meat
19330,welch grape jelly,grape,Fruit
19331,welch white grape juice,white grape,Fruit
19332,well chicken stock,chicken,Meat
19333,well french dressing,sauce,Additive
19334,wellfleet oyster,oyster,Seafood
19335,wesson canola cooking oil,canola oil,Plant Derivative
19336,west indian pepper sauce,pepper sauce,Condiment
19337,westphalian pumpernickel bread,bread,Bakery
19338,wet italian bread breadcrumb,bread,Bakery
19339,wet noodle,noodle,Cereal
19340,wheat berry sprout,wheat,Cereal
19341,wheat biscuit wheatmeal,biscuit,Bakery
19342,wheat bow tie pasta,farfalle,Cereal
19343,wheat bran flake,cereal,Cereal
19344,wheat bran flake add no flavor,cereal,Cereal
19345,wheat bran flour,wheat flour,Cereal
19346,wheat bran germ,wheat germ,Cereal
19347,wheat bread crumb white breadcrumb,bread,Bakery
19348,wheat bread cube,bread,Bakery
19349,wheat bread dough,bread,Bakery
19350,wheat bread dough white,bread,Bakery
19351,wheat bread grain bun,bread,Bakery
19352,wheat bread mix,bread,Bakery
19353,wheat bread pita,bread,Cereal
19354,wheat bread sandwich,bread,Bakery
19355,wheat bread sourdough,bread,Bakery
19356,wheat bulghar,wheat,Cereal
19357,wheat bun,bread,Bakery
19358,wheat cereal quinoa,cereal,Cereal
19359,wheat cheese tortellini,tortellini,Dish
19360,wheat chex be,cereal,Cereal
19361,wheat chex cereal,cereal,Cereal
19362,wheat cracker bread,bread,Bakery
19363,wheat cracker thins,biscuit,Bakery
19364,wheat ditalini,pasta,Cereal
19365,wheat dumpling wrapper,wheat dumpling,Dish
19366,wheat extra wide egg noodle,pasta,Cereal
19367,wheat farfalle pasta,farfalle,Cereal
19368,wheat fesh breadcrumb,bread,Bakery
19369,wheat fettuccine,fettuccine,Cereal
19370,wheat french bread grain,baguette,Bakery
19371,wheat germ breadcrumb,bread,Bakery
19372,wheat germ oil,wheat oil,Plant Derivative
19373,wheat hamburger bun bakery,hamburger,Bakery
19374,wheat hoagie,bread,Bakery
19375,wheat hot dog bun,bread,Bakery
19376,wheat hour,wheat,Cereal
19377,wheat indian cooky,biscuit,Cereal
19378,wheat italian bread,bread,Bakery
19379,wheat loaf bread,bread,Bakery
19380,wheat malt extract,wheat,Cereal
19381,wheat matzo,biscuit,Cereal
19382,wheat noodle linguini,pasta,Cereal
19383,wheat panini,bread,Bakery
19384,wheat panko,bread,Bakery
19385,wheat pastry crust,wheat flour,Bakery
19386,wheat pastry dough,wheat flour,Bakery
19387,wheat penne ditalini,pasta,Cereal
19388,wheat penne measurement,pasta,Cereal
19389,wheat pit bread,bread,Bakery
19390,wheat pizza crust dough,pizza,Bakery
19391,wheat ravioli,wheat flour,Cereal
19392,wheat rigatoni,pasta,Cereal
19393,wheat rigatoni pasta,rigatoni,Cereal
19394,wheat rotis,wheat,Cereal
19395,wheat spaghetti choice,spaghetti,Cereal
19396,wheat spaghetti grain,whole-wheat flour,Cereal
19397,wheat spelt flour,wheat flour,Cereal
19398,wheat spiral pasta,pasta,Cereal
19399,wheat starch flour,wheat flour,Cereal
19400,wheat tortilla wrap,wheat tortilla,Bakery
19401,wheat waffle,biscuit,Cereal
19402,wheatmeal plain biscuit crumb,biscuit,Bakery
19403,whey powder,chili powder,Spice
19404,whey protein powder,chili powder,Spice
19405,whey yogurt cheese,cheese,Dairy
19406,whipping cream butter milk,whipped cream,Dairy
19407,whipping cream coffee,whipped cream,Dairy
19408,whipping cream dessert topping,whipped cream,Dairy
19409,whipping cream double,whipped cream,Dairy
19410,whipping cream each,whipped cream,Dairy
19411,whipping cream half,whipped cream,Dairy
19412,whipping cream much better,whipped cream,Dairy
19413,whipping cream non dairy topping,whipped cream,Dairy
19414,whipping cream pudding,whipped cream,Dairy
19415,whipping cream save 100ml,whipped cream,Dairy
19416,whipping cream vanilla essance,whipped cream,Dairy
19417,whipping cream water,whipped cream,Dairy
19418,whiskey apple juice,apple juice,Fruit
19419,whiskey drambuie,whiskey,Beverage-Alcoholic
19420,whiskey macallan,whiskey,Beverage-Alcoholic
19421,whiskey neutral,whiskey,Beverage-Alcoholic
19422,whiskey not,whiskey,Beverage-Alcoholic
19423,whiskey try yukon jack,whiskey,Beverage-Alcoholic
19424,whisky,whiskey,Beverage-Alcoholic
19425,white acre pea,pea,Legume
19426,white almond bark butterscotch chip,almond,Additive
19427,white almond extract,almond,Nuts and Seeds
19428,white bakery bread,bread,Bakery
19429,white baking bar chocolate,chocolate,Plant Derivative
19430,white balsamic blackberry w lemon thyme vinegar,vinegar,Plant Derivative
19431,white balsamic vinegar apple cider,apple cider vinegar,Plant
19432,white balsamic vinegar balsamico,vinegar,Plant Derivative
19433,white balsamic vinegar red,vinegar,Plant Derivative
19434,white bean canellini,white bean,Legume
19435,white bean cannellini,white bean,Legume
19436,white bean goya,white bean,Legume
19437,white bean navy,white bean,Legume
19438,white bean overnight,white bean,Legume
19439,white black pepper,pepper,Spice
19440,white bordeaux,wine,Beverage-Alcoholic
19441,white bread bun,bread,Bakery
19442,white bread challah,bread,Bakery
19443,white bread cube without crust,bread,Bakery
19444,white bread italian,bread,Bakery
19445,white bread loaf,bread,Bakery
19446,white bread milk,bread,Bakery
19447,white bread mix,bread,Bakery
19448,white bread mix yeast,bread,Bakery
19449,white bread no crust,bread,Bakery
19450,white bread quot,bread,Bakery
19451,white bread sourdough,bread,Bakery
19452,white bread wheat sourdough,bread,Bakery
19453,white bread without crust,bread,Bakery
19454,white breadcrumb french,bread,Bakery
19455,white breadcrumb see note,bread crumb,Bakery
19456,white breadcrumb sourdough,bread crumb,Bakery
19457,white breadcrumb tomato,tomato,Vegetable
19458,white cake layer,cake,Dish
19459,white cake mix devil food,devil's food cake,Dish
19460,white cake mix great,cake,Dish
19461,white cake mix yellow,cake,Dish
19462,white candy coating,chocolate,Plant Derivative
19463,white cannellini bean,bean,Legume
19464,white carp,fish,Fish
19465,white cayenne pepper,pepper,Spice
19466,white cheddar cheese cracker,cheese,Dairy
19467,white cheddar macaroni cheese mix,cheese,Dish
19468,white cheese american,cheese,Dairy
19469,white cheese blanc,cheese,Dairy
19470,white cheese curd,cheese,Dairy
19471,white cheese dip,cheese,Dairy
19472,white cheese great,cheese,Dairy
19473,white cheese popcorn,cheese,Dairy
19474,white chicken chili seasoning mix,chili powder,Spice
19475,white chinese noodle,noodle,Cereal
19476,white chipits,chocolate,Plant Derivative
19477,white chocolate baking bar,chocolate,Plant Derivative
19478,white chocolate bar,chocolate,Plant Derivative
19479,white chocolate brandy sauce,chocolate,Plant Derivative
19480,white chocolate cheesecake,chocolate,Plant Derivative
19481,white chocolate chunk chip,chocolate,Plant Derivative
19482,white chocolate coffee mix powder,chocolate,Plant Derivative
19483,white chocolate pudding mix,chocolate,Plant Derivative
19484,white chocolate syrup,white chocolate,Plant Derivative
19485,white clove,clove,Spice
19486,white cocktail bread,bread,Bakery
19487,white confectionery,white chocolate,Plant Derivative
19488,white coriander seed,coriander,Herb
19489,white corn chip,white corn,Maize
19490,white corn chipotle pepper,pepper,Spice
19491,white corn cob,white corn,Maize
19492,white corn taco shell,white corn,Bakery
19493,white currant,currant,Fruit
19494,white dinner bread,bread,Bakery
19495,white dumpling wrapper,dumpling,Dish
19496,white eggplant,brinjal,Vegetable
19497,white fish cod,cod,Fish
19498,white fish fillet coarsely,fish,Fish
19499,white fish fillet flounder,fish,Fish
19500,white fish fillet hake,fish,Fish
19501,white fish fillet mahi,fish,Fish
19502,white fish fillet red snapper,red snapper,Fish
19503,white fish fillet salt cod,cod,Fish
19504,white fish fillet suggest mahimahi,fish,Fish
19505,white fish fillet tilapia,fish,Fish
19506,white fish steak,fish,Fish
19507,white fish tilapia,fish,Fish
19508,white fleshed fish,fish,Fish
19510,white fruit grape,white grape,Fruit
19511,white fungus,fungi,Fungus
19512,white german baking wafer,waffle,Dish
19513,white glaze icing,icing,Additive
19514,white goat cheese,cheese,Dairy
19515,white grapefruit juice,juice,Beverage
19516,white grit,grit,Cereal
19517,white gumdrop,chocolate,Plant Derivative
19518,white home bread,bread,Bakery
19519,white honeycomb beef tripe,beef,Meat
19520,white jasmine rice,rice,Cereal
19521,white kidney,bean,Legume
19522,white layer cake,cake,Dish
19523,white lily self rising flour,flour,Cereal
19524,white lump sugar,white sugar,Additive-Sugar
19525,white macon wine,wine,Beverage-Alcoholic
19526,white meat,white crab meat,Seafood
19527,white meat fish fillet,fish,Fish
19528,white mexican cheese,cheese,Dairy
19529,white mirepoix,mirepoix,Dish
19530,white multicolored sugar,white sugar,Additive-Sugar
19531,white onion beef,white onion,Vegetable
19532,white onion cilantro lime wedge,lime,Fruit
19533,white onion large,white onion,Vegetable
19534,white onion lengthwise crosswise,white onion,Vegetable
19535,white onion oil,white onion,Vegetable
19536,white onion picada,white onion,Vegetable
19537,white onion portion,white onion,Vegetable
19538,white onion red,red onion,Vegetable
19539,white onion roughly,white onion,Vegetable
19540,white onion spring,scallion,Herb
19541,white onion thinly,white onion,Vegetable
19542,white pastry dough,dough,Bakery
19543,white pea overnight,pea,Legume
19544,white peach puree,peach,Fruit
19545,white pearl onion cocktail,white onion,Vegetable
19546,white pearl onion diameter,white onion,Vegetable
19547,white peasant bread,bread,Bakery
19548,white peppercorn black,pepper,Spice
19549,white peppercorn heavy pan,white pepper,Spice
19550,white portobello mushroom,mushroom,Fungi
19551,white posole mexican hominy,white hominy,Maize
19552,white potato lengthwise,potato,Vegetable Tuber
19553,white pudding sausage,sausage,Dish
19554,white pullman bread,bread,Bakery
19555,white red burgundy wine,wine,Beverage-Alcoholic
19556,white rose potato,potato,Vegetable Tuber
19557,white royal icing,royal icing,Additive
19558,white rye flour,white flour,Cereal
19559,white salt pepper,cherry pepper,Spice
19560,white sambuca,liquor,Beverage-Alcoholic
19561,white sambuca liqueur,liquor,Beverage-Alcoholic
19562,white sesame seed brown,sesame,Cereal
19563,white shanghai noodle,pasta,Cereal
19564,white sourdough bread,bread,Bakery
19565,white sourdough bread wheat,bread,Bakery
19566,white soy sauce,sauce,Additive
19567,white spelt flour,white flour,Cereal
19568,white sugar cube,white sugar,Additive-Sugar
19569,white taco,taco,Dish
19570,white taro root,taro,Herb
19571,white tilapia,fish,Fish
19572,white toblerone chocolate bar,chocolate,Plant Derivative
19574,white truffle cream,white truffle,Additive
19575,white truffle oil pan,white truffle,Additive
19576,white turkey meat,meat,Meat
19577,white vanilla chip,vanilla,Plant
19578,white veal steak,steak,Fish
19579,white wheat,wheat,Cereal
19580,white wheat hamburger bun,hamburger,Bakery
19581,white wheat lasagna noodle,pasta,Cereal
19582,white wheat noodle,pasta,Cereal
19583,white wheat sandwich loaf,bread,Bakery
19584,white wine grape juice,wine,Beverage-Alcoholic
19585,white wine italian,wine,Beverage-Alcoholic
19586,white yellow corn,corn,Maize
19587,whitefish trimming,fish,Fish
19588,wholemeal bread granary,bread,Bakery
19589,wide chinese noodle,noodle,Cereal
19590,wide chinese wheat noodle,pasta,Cereal
19591,wide egg noodle batch,noodle,Meat
19592,wide egg noodle direction,noodle,Meat
19593,wide egg noodle extra,pasta,Cereal
19594,wide egg noodle lasagna,noodle,Meat
19595,wide egg noodle measurement half,noodle,Meat
19596,wide egg noodle without salt,noodle,Meat
19597,wide egge noodle,noodle,Meat
19598,wide flat rice noodle,noodle,Cereal
19599,wide french bread,baguette,Bakery
19600,wide lo mein noodle,noodle,Meat
19601,width rice noodle,pasta,Cereal
19602,wie biscuit,biscuit,Bakery
19603,wild,wild rice,Dish
19604,wild africa liqueur,liqueur,Beverage-Alcoholic
19605,wild alaskan salmon,salmon,Fish
19606,wild boar roast,roast beef,Meat
19607,wild game,wild rice,Dish
19608,wild mushroom bolete,mushroom,Fungi
19609,wild mushroom button work too,mushroom,Fungi
19610,wild mushroom chestnut,mushroom,Fungi
19611,wild mushroom choice,mushroom,Fungi
19612,wild mushroom cremini,mushroom,Fungi
19613,wild mushroom crimini,mushroom,Fungi
19614,wild mushroom porcini,porcini,Fungi
19615,wild mushroom portabellas,mushroom,Fungi
19616,wild mushroom portobella,mushroom,Fungi
19617,wild mushroom portobello,mushroom,Fungi
19618,wild mushroom variety,mushroom,Fungi
19619,wild rice water,wild rice,Dish
19620,wild turkey,turkey,Meat
19621,wildtree fajita seasoning mix,fajita,Spice
19622,wildtree natural oil,oil,Additive
19623,wildwood organic salsa,salsa,Condiment
19624,williams white chili seasoning mix,chili powder,Spice
19625,williamsburg butter frosting,butter,Dairy
19626,wine balsamic vinegar,vinegar,Plant Derivative
19627,wine chardonnay,chardonnay,Beverage-Alcoholic
19628,wing bean,bean,Legume
19629,wing sauce,sauce,Additive
19630,winter green pesto,pasta,Cereal
19631,winter minestrone,soup,Dish
19632,winter squash butternut,butternut squash,Fruit
19633,winter squash choice,pumpkin,Fruit
19634,winter squash seed,butternut squash,Nuts and Seeds
19635,winter vegetable carrot,carrot,Vegetable
19636,wisconsin cheese,cheese,Dairy
19637,wishbone robust italian dressing,salad dressing,Dish
19638,wishbone russian salad dressing not creamy,salad dressing,Dish
19639,without,chili bean,Dish
19640,wok oil sesame,sesame oil,Essential Oil
19641,wolfson natural hog casing,pasta,Cereal
19642,won ton,wonton,Dish
19643,won ton noodle,pasta,Cereal
19644,wonton egg noodle,egg,Meat
19649,wood ear mushroom oyster,mushroom,Fungi
19650,wood fire piquillo pepper,pepper,Spice
19651,wood fungus mushroom,mushroom,Fungi
19652,wooden bamboo skewer,bamboo shoot,Plant
19659,worcestershire sauce chicken,chicken,Condiment
19660,worthington soy vegetable,vegetable,Vegetable
19661,wuyi tea,tea,Beverage
19662,wyler broth seasoning,broth,Vegetable
19663,wyler lemonade mix,lemonade,Beverage
19664,xanthoxylum seed,cumin,Spice
19665,xiao xing chinese rice wine,rice wine,Beverage-Alcoholic
19666,xinomyzithra cheese greek feta,feta,Dairy
19667,xylitol sweetener,sugar substitute,Vegetable
19668,yai garlic sauce,hot sauce,Condiment
19669,yak meat beef,beef,Meat
19670,yam 'suran,yam,Vegetable
19671,yam noodle,pasta,Cereal
19672,yard bean,bean,Legume
19673,yard sausage casing wide,sausage,Dish
19674,yardlong bean,bean,Legume
19675,yautia taro root,taro,Herb
19679,yeast extract vegetable stock cube,vegetable stock,Vegetable
19681,yeast water,water,Additive
19682,yellow aji limo chile,yellow chile,Vegetable
19683,yellow aji limo chile pepper,pepper,Spice
19684,yellow apple,apple,Fruit
19685,yellow banana pepper jalapeno,pepper,Spice
19686,yellow butternut pumpkin,pumpkin,Fruit
19687,yellow cake batter,cake,Dish
19688,yellow cake mix butter,cake,Dish
19689,yellow cake mix white supermoist,cake,Dish
19690,yellow cake mix without pudding,cake,Dish
19691,yellow cheddar cheese,cheese,Dairy
19692,yellow cheese cheddar,cheese,Dairy
19693,yellow chewy candy square,yellow onion,Vegetable
19694,yellow chile pepper,pepper,Spice
19695,yellow chili pepper,pepper,Spice
19696,yellow chili powder,pepper,Spice
19697,yellow chinese noodle,noodle,Cereal
19698,yellow corn chip,corn chip,Maize
19699,yellow corn kernel,corn,Maize
19700,yellow corn meal,maize,Maize
19701,yellow cornbread mix jiffy corn muffin,corn muffin mix,Maize
19702,yellow crystal sugar,sugar,Additive
19704,yellow egg noodle,egg,Meat
19705,yellow enriched cornmeal,cornmeal,Maize
19706,yellow fin potato,yellow potato,Vegetable
19707,yellow flesh potato,yellow potato,Vegetable
19708,yellow grape tomato,tomato,Vegetable
19709,yellow guavaberry,yellow onion,Vegetable
19710,yellow gypsy bull horn pepper,capsicum,Vegetable Fruit
19711,yellow hot pepper,yellow pepper,Vegetable
19712,yellow jalapeno,jalapeno,Spice
19713,yellow kernel corn,corn,Maize
19714,yellow longhorn cheese,cheese,Dairy
19715,yellow masarepa,yellow onion,Vegetable
19716,yellow mini bell pepper,capsicum,Vegetable Fruit
19717,yellow moong,yellow onion,Vegetable
19718,yellow moong dal paste,moong dal,Condiment
19719,yellow mung dal,moong dal,Legume
19720,yellow pea chana,pea,Legume
19721,yellow pea overnight,pea,Legume
19722,yellow pepper bell,capsicum,Vegetable Fruit
19723,yellow pepper chunk,capsicum,Vegetable Fruit
19724,yellow pepper lengthwise,capsicum,Vegetable Fruit
19725,yellow pepper ring,capsicum,Vegetable Fruit
19726,yellow plantain,banana,Fruit
19727,yellow red green heirloom tomato,tomato,Vegetable
19728,yellow rock sugar candy ``,chocolate,Plant Derivative
19729,yellow saffron rice,rice,Cereal
19730,yellow sev,yellow onion,Vegetable
19731,yellow shoepeg corn,corn,Maize
19732,yellow squash butternut,butternut squash,Fruit
19733,yellow squash eggplant,crookneck squash,Fruit
19734,yellow squash koosa,crookneck squash,Fruit
19735,yellow squash total,crookneck squash,Fruit
19736,yellow squash zucchini,zucchini,Vegetable
19737,yellow straightneck squash,squash,Fruit
19738,yellow wax pepper,yellow pepper,Vegetable
19739,yellow white cheddar cheese,cheese,Dairy
19740,yellow white gumdrop,chocolate,Plant Derivative
19741,yellowtail fish,fish,Fish
19742,yerba buena mint,mint,Herb
19743,yigandes bean,bean,Legume
19744,yogurt cheese below,cheese,Dairy
19745,yogurt curd,yogurt,Dairy
19746,yogurt great,yogurt,Dairy
19747,yogurt greek,greek yogurt,Dairy
19748,yogurt onken,yogurt,Dairy
19749,yogurt sauce,yogurt,Dairy
19750,yogurt soy,yogurt,Dairy
19751,yogurt spread,yogurt,Dairy
19752,yogurt yogourmet,yogurt,Dairy
19754,yoshida ginger garlic teriyaki sauce,teriyaki sauce,Condiment
19756,young arugula leaf,baby rocket,Herb
19757,young black walnut,walnut,Nuts and Seeds
19759,young ginger,ginger,Spice
19760,young goat meat,meat,Meat
19762,young green bean,green bean,Cereal
19763,young jackfruit,jackfruit,Fruit
19764,young marrow,courgette,Fruit
19765,young nettle,alcohol,Beverage-Alcoholic
19766,young pandan leaf,kewda,Herb
19767,young pea shoot,pea,Legume
19768,young pecorino cheese,cheese,Dairy
19769,young rabbit,rabbit,Meat
19770,young yellow squash zucchini,zucchini,Vegetable
19771,yuca,cassava,Vegetable
19772,yuca lengthwise,cassava,Vegetable
19773,yuca root,cassava,Vegetable
19774,yucca,cassava,Vegetable
19775,yukon gold potato chunk,yellow potato,Vegetable
19776,yuzu,orange,Fruit
19777,yuzu japanese orange,orange,Fruit
19778,yuzu peel,orange,Fruit
19779,yve meat substitution,meat,Meat
19780,yves satay veggie beef skewer,beef,Meat
19782,zapallo squash,pumpkin,Fruit
19783,zapple butter,butter,Dairy
19784,zatarain black bean,black bean,Legume
19785,zatarain spanish rice,spanish rice,Cereal
19786,zatarain yellow rice,yellow rice,Cereal
19787,zatarains dirty rice mix,spanish rice,Cereal
19788,zest,lemon,Fruit
19789,zest juice,fruit juice,Beverage
19790,zha cai mustard tuber,mustard,Spice
19791,zipper pea,pea,Legume
19792,ziti rigati,ziti,Cereal
19793,zucchini chunk,zucchini,Vegetable
19794,zucchini matchstick,zucchini,Vegetable
19795,zucchini noodle,zucchini,Vegetable
19796,zucchini raita,zucchini,Vegetable
19797,zucchini squash,zucchini,Vegetable
19798,zucchini summer squash,summer squash,Fruit
19799,zucchini tomato sauce,tomato sauce,Condiment
19800,zwieback breadcrumb,bread crumb,Bakery
19801,zwieback cooky,amaretti di saronno,Dish
